address_id,city,postal_code
cb5dc6a0-7d0c-4fbe-a3c3-62af97fdbda0,Howrah,937775
2682d8f7-ba82-4214-b884-62ac102d8a36,Bhimavaram,983210
123878ac-6920-4fae-8a64-04855726b89b,Khora ,617469
0428d8f6-3bbf-411a-a5cd-22281be23f7a,Kozhikode,104384
64630857-6f74-453e-9615-9a90e34fe7da,Udupi,622913
e1fac724-590a-4710-bfb7-48bfd1b9d589,Gurgaon,080568
4b6a3879-5f21-4bb3-9733-5470aae1b337,Erode,706362
d61d6e5f-0aa8-4450-bd31-599d0e4b9858,Aurangabad,550494
93e13c7f-58fe-496c-b523-fdf5f1d088b1,Dewas,766349
a1695606-ef76-4c63-9710-7409a49303e6,Kamarhati,504962
e129a70f-f8f5-4a97-8b51-7d8879e38e30,Jhansi,262611
84a19133-8c80-4d85-8967-019a232c387e,Siliguri,362585
a58f97f8-8f8d-4ae3-896a-3c0ddb8adeaa,Saharanpur,880879
8ffbbc49-f220-45f9-b5d1-56de5894aee9,Vellore,341996
5cda1847-9bda-4271-a667-5cfec3f061ac,Muzaffarnagar,853247
166bae04-9a72-49d8-befd-7c2834a84dc7,Ambarnath,583334
dbd3831c-7b8d-4300-879b-5e5fd1acb235,Visakhapatnam,115876
53472dfe-e886-4cd6-8756-6528d0eb8ace,Dindigul,576947
722ec74f-f02b-4651-a47a-27845360cfa8,Malda,945353
d8103ff9-da45-4ad2-985c-d7647c9bfc82,Uluberia,466986
26f88b4c-3d23-4173-9682-63c8b6bbde9f,Chinsurah,421254
c9128444-40b0-4f8b-a260-99e0318d7927,Lucknow,959481
ecf911e0-ad4f-43a9-9f56-2c0b1ddbd381,Udaipur,925596
0740ae56-e1ae-4edd-9132-5ee0c53423ef,Barasat,213074
b0626239-304e-474f-935b-4ff7bd092688,Mathura,914261
b028ea65-1fb3-4505-9eda-77381828a100,Faridabad,893326
0b0c8e97-9bbf-4db6-b77e-6f5cb2579978,Barasat,430796
bf6cccbe-131f-4d81-9822-9f91b676723c,Berhampore,100817
39abf19c-1d72-45bb-bc57-3bbec1f0b454,Rourkela,115871
d165119e-3513-48b3-ae9b-9ef5ce21f6ff,Ratlam,354268
cceb1d63-6e13-4b86-a435-9efb6acfcfd5,Rampur,701732
6bf061eb-c1a3-472a-b80a-9edbe708ee96,Dehri,523777
3d2abc44-a0ef-4d01-b00c-1ff5fe2b3ea9,Gangtok,656337
c2655353-ed9b-41ab-a2e5-5b6a84e03821,Gorakhpur,005278
40956194-604a-4d7a-96a4-a0daf0dab3ce,Nagpur,580002
fcac4bf2-f450-4a31-a6d5-dc598ca34068,Mangalore,142573
aa2bccf5-13c6-474c-b49c-f522480003b5,Khandwa,943913
a30d4926-0cdb-491f-b1a1-aba76f7b0d4e,Dehri,720313
8a6b4209-4423-460e-8765-3575dfaf6293,Sri Ganganagar,286209
38635674-3a33-41c3-bd63-611b50ca32f7,Ramgarh,352595
eb4f00f8-a6eb-4619-a934-925f0b7a0f42,Noida,227393
13074992-9af1-4e6b-8040-bb17400bd5c7,Mumbai,573532
db16e997-3463-4b9d-b230-785bf59aeb6a,Bhusawal,185076
89fdf013-54b1-4158-885c-28df441e8763,Dhanbad,082697
fb1898b4-7f51-4f6f-b1de-8bc15122b0f7,Dibrugarh,360107
354bea46-c62d-4894-a2b0-b91e39266d25,Bhatpara,158388
f5e80c81-dcbb-4eaa-861e-98708748f0a7,Hubli–Dharwad,648467
136426d9-aa7c-427b-84cd-c0cf4dcde115,Anantapur,422332
1f92e921-2a22-46c2-bef6-a51bb79ca48d,Nanded,194425
1b28c5d4-b348-4cbc-b2e8-dac05df11c6f,Udaipur,560629
88e79283-5717-4fa4-8e23-a9674942bb2c,Rajpur Sonarpur,063731
36e76e9d-9f09-4ffd-9dd5-c10cae69a81a,Katihar,467413
00f3dd88-11c7-44ee-bad1-3f95e722eccc,Shivpuri,384185
abb767ba-6217-49cc-bce8-51515407c4b9,Ahmedabad,362608
d6c35173-016c-4a46-9dfd-3943c76b7676,Silchar,975615
086a6180-067e-48c5-b095-a38aa16b1e4b,Fatehpur,554912
b302c2d4-0798-4573-b2d7-962004743f3f,Arrah,641195
3aea5632-1a0a-4c11-a556-18bf9323d462,Haldia,091969
d6c85dae-1140-459e-a34d-06b031f1e3ff,Gudivada,787520
3b652dbe-99fd-4614-9ffe-84a06ce39305,Mumbai,042620
f29dede1-9969-4eb8-98c5-887844ae2542,Mehsana,212413
3422930e-48a2-4a6f-9688-4f9ad8df27f8,Chinsurah,789760
966a67e9-9ecb-426a-9c23-5fd2123b89f4,Thrissur,267731
cbffd9ed-32c1-4a4b-93a8-ba22ec1ecf7b,Mira-Bhayandar,607598
a5828046-31a4-401e-8f0c-9adf1a4e3c1c,Tinsukia,533943
13293fa4-304f-4271-b827-b6d72aa39fbb,Madanapalle,654308
41cd74e3-7668-4aef-be01-cb7ae5e501f7,South Dumdum,120219
761d0300-09bf-4568-a0dd-85cd1c922ddd,Nagercoil,576449
df0f1e47-c765-467b-93ba-775a8ed65a53,Anantapuram,000268
bf60dbc4-41a7-4f8a-84cf-d5c14b83ab87,Tenali,486764
1d799b4a-8cfd-41c1-b4ca-3c9639067e89,Guntakal,416365
3970dc00-5f5a-4fa3-b535-4d9ce5ff59ef,Visakhapatnam,500635
cf85a97d-e4bd-496c-ab0e-a55453175aaa,Muzaffarnagar,309649
c3cd49d5-6243-40f5-a99c-e3670d0243dd,Tadepalligudem,771195
2f9be4a0-b36f-4d86-9042-3eaf2e0a90e6,Jehanabad,353059
09e63947-8a55-4921-9eec-2a968b6dc983,Bangalore,551282
25d58919-12b9-484f-9376-2abb06263879,Haridwar,643159
fc538383-6f9e-4737-9ffa-4875b13ab9f6,Loni,965466
9715e12b-760b-4b75-81a8-f62b67492d09,Bihar Sharif,443441
421543e5-7175-4c08-821e-9817fec563dd,Pudukkottai,699939
46d6b2d6-e069-491f-9491-d8f43525324f,Rampur,974394
9e0f184b-393b-4dc6-8e42-3cd30a0f6581,Bilaspur,882230
bb36eca1-a4fb-4e11-a6b0-0f1c875531b2,Orai,297398
c698ee14-3287-4e28-8b2e-80627ce57bc8,Salem,210972
00c35202-311f-4710-af66-57487da58135,Malegaon,707548
cbcfd10a-d958-49c9-94f8-54a16274fd67,Nellore,655792
62aa3896-691c-49e7-bd0b-c6216897ec0f,Agra,004496
fc027828-d83f-4906-8bbb-0d9aba8e6dc2,Eluru,293900
edd98324-7771-4441-847b-5cf4d36ad66c,Raurkela Industrial Township,213756
08f0b175-448a-445d-8169-3aa0bfc17591,Dehri,359570
bd9a36c7-bb28-44a6-b784-dcac72ca1c9d,Vijayawada,145843
b73e9304-be42-41ed-8640-48f005e63fab,Khammam,631138
2fc5ae6e-0092-4d0e-b398-9800b13fc35b,Nashik,423622
d27bf3af-deef-4dc9-9354-ef8b19f4025f,Kulti,474246
df2f4778-dab1-46e1-92b3-aa2f9712e440,Moradabad,437968
f499c689-4c44-4492-9023-a11cb5b4b3f7,Panvel,085294
2079319a-dd54-4aa7-9c78-8e3c5d636695,Ballia,217741
3a820b10-6548-4056-b24c-cc03a6122b36,Firozabad,043502
7f5c6d3c-aaf7-4ab5-9b38-ede0516b1f23,Jorhat,022894
d75894b1-61dc-4fd4-bc38-34d5e7cb6ba9,Katni,275233
2398b534-f28a-4ae1-882e-3e6475a037af,Saharsa,930202
12ef582d-e9f5-4139-9b69-13a1476f72d5,Rewa,330303
45a98ce1-b156-4d94-882e-f31c10f6e5f4,Nizamabad,771167
e9ea04af-116d-4a83-99b5-f57bf74145c0,Hyderabad,627995
1758d77a-c5de-4cb4-8b81-90fd07c91ea8,Kulti,245301
1e1385d5-5883-4d0a-ac00-e9b7dadd01c5,Ahmednagar,723034
ea5eacbd-d117-4c9c-9d4c-537ed9286fad,Ranchi,847190
d069329f-8cf2-4754-80c8-f8e9e0b788c2,Malda,224050
77693344-5409-4824-9bcd-a8c47c4e9656,Haridwar,871775
c62c2302-3df8-4542-a058-ae3cf4f5076c,Haridwar,992406
c44a6a6c-153c-4695-9c9d-cacac647c9ae,Hosur,872725
3759abfb-16f8-4c1a-a668-a9b7274c2a38,Bokaro,590956
f77a0562-0520-4368-af10-1e50f8cfb287,Deoghar,482373
3964ca60-1406-456a-bd0b-b2e8800633b0,Bidhannagar,212110
a33754bb-3ad1-40ab-b61c-4def3ed80194,Bettiah,803586
d5937a4a-cc72-4d61-9333-efec85f7370e,Srinagar,074039
e8fcb117-836a-4099-9365-3cfa3c7c990d,Nagercoil,999452
15cd34f9-aba6-49e7-be22-95f77c1bfe38,Bhubaneswar,122276
daf5f855-972c-43ff-ad9c-321a326fcb5a,Kulti,872205
82f492db-d29d-4b65-a244-e36d129ec9d0,Jalgaon,162654
fa065ea9-3b18-4587-8349-3954fdeecfb7,Nellore,083344
9212defe-d073-4bba-ad97-35c91d1c105f,Mango,488789
4701ae9d-6d6a-4b6f-bca9-c36f758d22a4,Ahmedabad,702059
5628e581-9c3e-40fc-b255-78cb1e21e0b7,Guna,195377
d24ffafa-1e2a-434e-8c82-97fa890ade56,South Dumdum,632956
4c677fe4-8cf4-4418-b9dd-8c0d52bec237,Agartala,777522
d406fe61-7b83-4b3b-b32a-bb5d4a767949,Tezpur,061658
cc424c79-da09-4d99-ac95-e7f8576b1541,Ajmer,059229
d1e2e6a1-55a0-4af6-bc03-2dfb89b4df5c,Bhiwandi,563029
e836831c-d65d-444a-bcb4-04f933d4edd8,Satna,363726
7dd1a7d9-a3b8-4d85-8b39-b28c2c529eff,Sagar,066154
6da2de82-b17c-4101-ba4e-4ff43ea15a36,Suryapet,133138
e4597687-e712-43dc-bc4e-27c778c8fc1d,Varanasi,983211
e9cef412-ea2f-457b-8a83-2826cfc53df7,Saharanpur,215481
28116bed-ed6b-485e-92fb-c29ffa836a64,Siwan,686876
ce219eb8-53af-48dd-ba5a-111579c16291,Bangalore,918548
99aeb917-8302-49f7-afe5-8bc564b9847f,Pali,420062
63c61d96-e404-4808-9b4f-8d5cc7214d06,Mango,358566
3107271e-c6d1-4856-aae0-80694a9719e1,Silchar,196234
b6a9f5c0-73e5-4181-ba08-ed8837c87ccf,Gorakhpur,622132
f9335295-10d0-4f02-8df7-37fe1f4175ad,Farrukhabad,042948
1b93a0cd-e81c-47ad-a8ff-6da2036da616,Gorakhpur,789117
aff119ba-ae3e-4c5c-9c11-d4ac288716b2,Jamnagar,999949
464b7321-9b3f-4021-a679-73f11ea6c90d,Nanded,180036
fbf6d3a5-7ad1-415c-9b4f-8b803b4d25b2,Alappuzha,200053
e952b9fd-2f6b-470f-81fb-bc8487c2a7c9,Panvel,386310
d62dbae1-4d39-4fd1-a4ef-5ce05f06a98c,Ranchi,243838
dbc5eebc-f3f7-4f1f-acb3-a34f4e5830af,Raichur,692990
401f96d5-2e85-456e-9437-fd96a3afaf88,Hospet,862763
f24778c0-f05c-4fb1-95fc-47f6f9e65636,Belgaum,896337
42d6c3ef-718e-4bf2-b079-520204a8c88a,Gwalior,186267
d12fd4f3-9670-43a1-b58f-c20adbb99222,Shahjahanpur,841013
07db2503-c6a5-4254-99c1-af49121151ff,Dibrugarh,339218
6c963cb3-e3fd-4b42-a59f-431f24d37a8b,Karnal,791875
a93f33ad-5a3b-47b2-b6d9-c3d96a6b49e1,Machilipatnam,761065
65ea2293-c0b8-452c-b326-ac64334d5efe,Chennai,431927
a4db843f-24dd-4c5b-b031-21f6ea0555a3,Alappuzha,781596
e7cb960d-b803-4187-98bc-a02015b8fbb4,Hosur,572026
cf5c1267-9026-42a0-b5a6-714cbd4ec40e,Arrah,862959
899fb2ba-7e1c-4379-9e9e-e4ca3c5281af,Durgapur,734989
b7c414e5-1640-4f45-a21a-124987e1084a,Tiruvottiyur,394607
de6a891e-b9ec-4aca-a9db-05537b96a48f,Bhavnagar,747296
5d25995d-9e6f-4557-a63b-92cd85e4889a,Gudivada,179967
a8e59caa-24f3-40c8-855f-156dccee9479,Kishanganj,897474
6dd13eae-d029-4ef7-9bd7-14d90056ce03,Tadipatri,641839
7ea131d2-88d1-400c-9260-278dd2031ba0,Gorakhpur,734785
dec2992e-33c0-489f-be3c-5915680b4686,Silchar,649804
e05f9fad-2d4a-4675-bf10-c572048c8b86,Satna,928605
63083bfd-0b0e-4f9c-a3f2-9404833dc934,Kochi,262706
00a5eff5-a821-4b38-9ac0-74c4f7258dd6,Ramagundam,082484
80da8612-bcfa-4310-b0e5-71ff338543f0,Saharsa,308898
129fe234-108e-4852-8c14-c16327015442,Kalyan-Dombivli,748839
3a1907f8-b6f1-48fd-8fad-f3913908741a,Firozabad,856302
f126bc51-3d3e-4930-b8c9-a78bdb5e6305,Uluberia,003056
81239a2c-8e44-4f41-ba22-7dc592c6c709,Kota,305641
bef3c6cd-0362-489e-a385-25eaf9e6caad,Buxar,784679
1b1f5424-3564-434f-a230-e5ddb9f37c34,Ambala,018726
86c9c363-3f21-4b15-9377-60d53f2cf4ee,Ludhiana,365103
ac60dfcd-5b73-4ea1-afee-ad756604ee60,Sagar,429906
098fb5a0-bd11-460a-a70a-f0516c88f850,Panipat,686524
7994b55b-a20e-49e3-89e1-9357fd227390,Burhanpur,215599
1728424c-8c56-4e80-b61f-c4f586077c0e,Morena,562221
388cb516-6578-43d8-ba6c-02b50ccf2ac3,Bathinda,347047
e24e9607-b9e5-4402-be25-104d544fa043,Nangloi Jat,484559
cf715b1b-8d31-427e-a050-0456464963d5,Ghaziabad,521383
e97150a2-5fcf-4330-9f6c-5971cb6115b5,Chennai,124553
a685b0d0-0e53-44dc-a807-dfecb6ba7c50,Rourkela,036221
435dceb6-62d0-4b0e-ac8f-67c5a9683867,Chittoor,277264
23cd0b27-b35f-40cb-8f52-af8af3e9782c,Tadipatri,855852
d26735e7-2f80-465b-bb60-23c3ed3080c7,Bhimavaram,252516
764ceb94-054b-408b-945d-4836e1fb815f,Ambala,759171
230f6ce8-4c7f-4c0c-b416-6d378f339eec,Naihati,805491
b57d33ee-ea71-42ae-9647-92fc44018738,Sultan Pur Majra,447353
17499d9e-90ca-4409-a501-2a9cedd33814,Ajmer,784171
0735443b-1309-4b29-aa8b-3cc68004ae35,Amaravati,973449
32060601-39f5-4129-9e05-21c9982605c7,Vadodara,378803
04fc313b-c8f2-405c-846f-3b512d821d87,Amravati,611338
66053ad5-3eda-46b3-b1a1-8fe170fa9d40,Purnia,878828
7e426a91-da96-4072-acf0-ef3d385afc5b,Nagercoil,787304
bf775309-ae06-428d-9bd2-8511e010e900,Udaipur,152174
b125e1ad-5d2e-483f-b3e2-573fcfa61321,Khammam,537801
28e05039-06ef-42ce-8f61-00088c223298,Raurkela Industrial Township,734467
8ba0fbff-d150-436c-b9a6-cc6ae9086d8c,Nangloi Jat,629691
ccaec60f-0f5d-4b80-9ee6-ae65b241af44,Rajahmundry,629994
06002123-4b1b-478c-b2c5-40010ce26a2a,Chinsurah,509999
9230fe74-60c1-4165-aecc-34fceb07501e,Vadodara,089857
f559a7f1-1254-4847-9b4f-d0028bbc84c4,Gangtok,835211
5cbfe3f9-0d08-4d83-89e0-bd86fc50d849,Nagaon,424648
d82120c7-915c-49bc-b953-ddc6bf4f9983,Udupi,957285
76b5d977-d916-4cdc-b5ba-3ac5f0588282,Ozhukarai,828190
0c3373e3-2f59-4f17-91f8-d35881f3843a,Asansol,797891
3f0abf4a-21b8-4c88-891e-ad543ed0656d,Dewas,971705
e555a845-3428-44d0-9a30-df6de16083c7,Firozabad,143672
00e69c9e-2d06-4c55-91ec-27bdc2c93313,Nagaon,123038
65ab1a64-66a5-444b-9ca5-beab54cb10d1,Raebareli,193978
20288fee-45ce-46cb-8c2e-78090cbd7d2f,Panipat,900992
fef5ec51-8cda-45cd-afcd-680e27d119b4,Raiganj,905528
09e4e860-3ae4-4584-ba4f-0c29df58ec05,Bhusawal,351588
72fb3f8d-9b66-4a8c-b168-d6a1100a3cf0,Madhyamgram,532601
0f776bb7-6283-406b-b732-7614c6f03ef2,Ramgarh,910382
5acb3e8e-9c14-4952-89d4-2f0b992feb15,Aizawl,551360
4ba11b15-0ae1-49ce-8227-5f4ce7430ef8,Bettiah,818104
64895e7b-eb54-47d9-8545-aa8944869aa8,Ghaziabad,437361
fb89ccbd-c542-4761-a08f-64a6891471e0,Bettiah,366271
13a24feb-cc36-43f7-86bd-261f1572cdc4,Karnal,933539
8f49971a-f300-4032-8c72-ec585ca051fc,Chennai,856154
4a94d30e-c419-41c5-9d19-ac8c4594b608,Shahjahanpur,566397
0568b064-f7f9-4440-9ce0-f2803bbe7e4b,Raurkela Industrial Township,116436
d64915ea-e4cd-419c-8f53-f86b985a998c,Guntur,772702
722f3ca2-f8a4-4d1a-9f5c-4f54924b83b9,Burhanpur,053428
40c1f9ea-742f-4ab7-be84-f2244bf20227,Burhanpur,416101
b48983f5-34fc-4d29-8311-f755d930b0db,North Dumdum,584640
ad6e0c21-15c4-4920-a479-4da5db719d33,Amravati,388027
1b5e3a04-7c8b-49f9-83a1-631cea23bbc5,Bangalore,276362
395d1c82-e7bd-497b-b99c-9667313fcfc9,Firozabad,471893
f74e1eac-a7b1-4754-a426-2379c0900e2c,Rajpur Sonarpur,969067
01172aac-7a99-49f9-8a6b-5fcef3d51220,Bhilwara,922884
163a7e0b-1155-458e-8ddc-153d1b08cabf,Gopalpur,513587
984973fb-6b96-4724-b945-e01624a89599,Pallavaram,743068
a2e03d60-1bbc-491d-a770-4f91effcd8ca,Aligarh,403439
e3e26aa1-ff53-4370-b4d8-61ceee027b84,Guna,387758
67a741c2-9076-4ef6-871a-7e6ead225303,Muzaffarpur,647704
3b289563-d660-4ced-959f-00b236877f39,Muzaffarpur,909153
175eef26-28c3-4b2d-8c41-2e6fa4054ad1,Lucknow,826254
70106782-a05b-4b22-8fb8-13e94af099b5,Thane,123190
6532a423-d227-46e1-b534-26be72741e23,Hospet,204410
f815715c-ce2f-460d-a934-bcbe0074dc99,Shimla,193245
9388db54-9ee5-467f-bf39-5ec4e2bbe2ac,Suryapet,097941
2d7f8cde-9be8-49ba-b27d-60383472c5b8,Asansol,870987
de8e1ef1-11bd-4717-b37c-0c594662dd77,Pali,963225
39c7d398-b97a-4166-9cc6-544e95005da4,Shimla,224043
82dc9980-8f39-4ff1-b453-88d3966edfa3,Gurgaon,189003
34fbabb7-8929-4e4a-ae8d-2a4b936d65ef,Eluru,163070
63866ab7-f55e-4968-b9cc-2d0480d9783b,Bongaigaon,720200
5676af92-0285-4deb-939e-35c4c0631663,Patiala,621953
4aa84b81-01da-4057-9edb-61e11880bbab,Tinsukia,057795
e6587eb0-bcd1-47ac-9271-3460046cc053,Allahabad,732590
3c4e4c9b-e819-4a9b-af1d-41c6900a4a5a,Surendranagar Dudhrej,971307
a6b38c70-d3a5-4ed6-919e-3236c0a51cc6,Nanded,138690
cbe1cf6e-d2c3-4289-ad08-03c2820f8add,Aurangabad,722104
c6c6c343-dbf6-4b26-8afd-1729480dfae0,Parbhani,171928
02482606-59b6-4f2f-b0b1-9dd2728e8dd1,Bhalswa Jahangir Pur,744360
848383f1-b78d-4197-97c7-1cfafaec7200,Kamarhati,422521
5ffdfb0a-44fe-4364-be6d-1053a28110a0,Kanpur,523941
96cd9cf3-0e9a-4093-8702-f1518b13d566,Pune,477269
f7da7b76-8105-4023-8dac-20682f8b0bd9,Dhule,655132
3897214d-ba1d-4ace-89e8-d1e3c9f9804a,Alappuzha,794802
81f4f0e3-ec5f-4691-ae96-00320b3050f6,Hapur,985160
dddcaa22-f3b8-4b72-b992-58470c21466c,Aligarh,915891
48ef3587-1f47-4b62-8d56-56a5825bcc15,Chinsurah,498647
ace5d80c-5b2e-4a81-be92-33b4255dfabe,Kottayam,237600
b91b64eb-b5d8-4bfe-b143-0d7f017df50c,Bijapur,408378
8d48d161-e35a-41c1-8b78-4212d8b7f237,Buxar,907499
5abb93c9-2568-45d9-8c1d-0652f2ec8763,Guwahati,400698
4a6f79da-eb4c-4acf-afc3-89500a52d091,Singrauli,353484
c5180b30-17f7-417f-9a24-4b787da28ce8,Gopalpur,082139
feed6514-0418-4a0f-bc3e-1e541da09579,Imphal,622021
5801db83-8788-4d6e-a50c-e3a9176e23f9,Kollam,205503
09608a11-db72-433d-86fd-4c5fb91b8ba6,Delhi,008863
ae61d679-79f2-4988-9576-55a5254efff2,Sambhal,391900
77b58caa-eb84-4b97-a1ec-18f05563a24c,Bhilai,160091
653d32a2-aa11-4266-890a-b20126806a05,Tezpur,327379
b76e8388-9718-47db-9003-db726a867169,Tadipatri,608548
d2cc5865-1337-4696-a227-9da1674a07a3,Motihari,746300
5a8408d6-9846-4aea-8469-4c1b11159b5b,Kavali,336113
d2905f68-02b6-45a4-982f-75081008c237,Gwalior,815198
e761baa9-1a95-4f8b-9310-1db2bccf24e7,Rampur,829420
49815eba-caf1-4659-a9cf-902ae5662122,Bhilwara,153534
21db07d6-566a-4830-93b9-24cd3b6d1441,Bulandshahr,756999
e2587ee7-1895-42eb-9d9c-bdc8668ad11e,Anantapuram,667201
8552d2c3-c893-47e8-b0de-a143183c8821,Jamalpur,402818
a2535997-7a11-4c35-87a1-6e1f32b4993d,Durgapur,879402
a558f73c-ff9b-4c1b-a313-5203554818e1,Ajmer,858174
1c4ebe02-274b-4363-bd8d-dc9ff8955096,Bhavnagar,353642
872f3b6c-53b7-4fd5-a7ca-5309e8f900ea,Hapur,004129
536b4d4a-84a0-4b51-a784-35d92b00828e,Karaikudi,851816
f75f0ffa-691d-4b5e-8124-3b024c5e9246,Belgaum,590461
c754b45b-c374-422e-94cb-692e539aef5b,Ghaziabad,923046
7954bb35-d8e7-42de-bf13-f551404bbc3b,Nagpur,128382
334027a3-723b-4973-813a-8e3e27fcc255,Chandigarh,123296
86d3155d-79d5-412b-a994-ef518e772fb5,Etawah,204850
6f4d38be-407b-424b-bc69-4509b111af5f,Haldia,534460
54bc3806-1c6b-4437-8d3b-26c657953849,Belgaum,763460
54d6226e-4aa2-48d4-992e-2f06011312d5,Hubli–Dharwad,305734
4312e027-4a08-42ce-937f-e67576cf596d,Jalgaon,358617
e91588a9-d4c8-4951-8f4b-33d8b43f1351,Deoghar,251272
69d843f7-e80a-4e3b-bc9c-a44fd9479618,Bidhannagar,866656
abf2ed70-4129-4292-8857-6e4d6cfc9ac3,Bikaner,197687
b392f9aa-d066-48df-b4ac-8df0541dc755,Durg,712903
69f5a428-6fa6-47d8-b366-41fff32c9b53,Kanpur,618489
d224c94f-e95a-4f49-9da3-7030f3470721,Barasat,235434
2f6bbbbe-03f8-488a-ba31-23f8fada6508,Aizawl,682121
93eaa769-9766-4e0f-ad46-7308e110d7ee,Bhiwani,952549
cf530d52-e778-40a9-ae67-8803e73a02c3,Pune,441119
a3a9ee45-130d-4ab4-a841-e78058812e14,Thiruvananthapuram,827306
a44b5414-ace4-41f5-9241-1468e82f3647,Aizawl,594882
160afaec-c92f-4c85-bdb1-ce2dc0a37b54,Dehri,968066
a3d29248-b533-4aab-ae35-fca5cd7cdaea,Surat,110212
ac577181-d364-4086-ae34-ff6bdd7603d9,Bijapur,412301
026548ca-a64f-46ff-98fa-49fc5083880b,Faridabad,986037
cdd16c45-94a7-4d7c-86e7-f885024f4630,Salem,003203
bf646e7a-edff-4698-80fd-6e0ee4ff4664,Hindupur,899901
15519b13-751a-443e-b546-96e02b4c6eda,Bally,034713
39c48bf0-19ee-4a61-a5e7-8d66b73e588a,Mehsana,978601
9dea137c-bcca-4d13-80cb-41ace59e5df6,Bhatpara,908419
daddb223-39e8-4a4b-b38a-0405ed0e2e0e,Kirari Suleman Nagar,501137
721daf60-efda-470e-ab0e-bd00a2b685df,Rajahmundry,821072
ce3f0f6a-99fa-4c90-9d5b-76412a201bce,Nagaon,727903
8172b031-6406-4b64-acf7-4c10f5e551ee,Gorakhpur,160881
9d3b10fc-6b41-484c-9510-70a81ac80dc5,Bhatpara,399647
91265434-95db-4462-b7d2-7e4925fe11f4,Jamshedpur,753076
4935666c-07bf-4cd7-8891-b49789591215,Chennai,480855
20891197-f18c-468d-8978-f59c58280035,Orai,024432
d2d30ca6-a5fc-4a6e-a926-8aaab31caa1a,Tenali,216906
cc9b60c1-bede-4a0d-add7-1d0a3453ab73,Suryapet,746706
515b8314-829d-4715-855a-fe1da9706ae7,Raurkela Industrial Township,691395
1bdc09e3-ec76-41af-8f89-3d2b605d360a,Hubli–Dharwad,016426
b56d245a-f6b8-40ff-a89b-cf141e9c6b5c,Kolkata,033508
db3eae25-71d5-4a45-80f4-080a99ba1863,Sangli-Miraj & Kupwad,319839
bbafdea1-a94e-454f-946f-24c8f35cb406,Tumkur,813004
24a97faa-c0e7-4d8a-ad3c-8ed1a96c349f,Khandwa,053021
615b577d-b82b-4bbb-8190-f0ef53502fc5,Madurai,758646
f65c1a20-a520-41b6-b8d3-0acd0cf4def9,Ahmednagar,348110
f34a159a-11d5-427d-997b-285cb099cba1,Pune,476427
ac534e7b-5c34-4553-87c9-b795f8b820b0,Bhilai,738551
3301998d-92f9-408f-9caf-3474fbec9eb3,Bongaigaon,775123
167e314f-e99a-477e-bfc9-5702b3a12c7f,Phusro,815542
2890725f-41a0-4e16-ad6a-4f2d3aad1260,Ranchi,236024
b11cfc0b-2af1-4a30-800f-6a7055db2dbf,Raebareli,467720
d056dcf1-254a-42df-8630-19123f9299c5,Amritsar,107308
5552bb84-4eee-4579-a9e2-091abc902132,Bhilai,647837
ae69ccc2-76b6-4326-a116-83268d1ea22d,Thrissur,754380
5c3d70e0-7897-4c1b-8d9c-4207b175c436,Mango,148572
84d9dcce-00c7-4de2-b874-6ebba654c6a3,Dhanbad,925468
84ad3bc7-e8c0-4905-bc10-98ca20f8839a,Siliguri,288407
04a0deb9-31c8-44e7-a3cf-b3e1e37ec999,Haldia,207632
172e6e38-0d7d-4fa7-b4c5-aeb6290aaf66,Jabalpur,538676
56d836fb-415a-455d-bcb0-9d80b8739610,Secunderabad,386879
2a3cb953-142b-4343-ab13-7ae6b683551f,Vellore,488693
0c5cdde1-2364-4968-9110-4487bec82848,Howrah,534050
e42a31dc-9c0d-4e42-9f04-978de027b591,Bhalswa Jahangir Pur,961597
88e8ce6a-d1b2-4d14-b1f6-51b369066ba9,Bardhaman,535670
249ef4d1-280f-41ea-a9c4-3ae4ccd1cc2d,Orai,755426
714c20d2-c580-49a6-92ca-37da1095695b,Dharmavaram,384227
205a6cd6-e0d9-4159-9ded-d7cfc551892c,Sambhal,732022
9ef76b39-91a8-45ea-ae85-8658afa07a6b,Ongole,117576
cd2c4d69-c846-4eaa-b3f9-99c1ce8aa5ca,Pallavaram,620429
04d287d9-a664-4b3a-87cd-ff109dbbd28d,Raipur,486983
49ccfbbc-c141-4e45-a0f9-4e3bec7b1514,Dindigul,169039
2cc1ae81-052d-447c-83d8-3386499f4819,Gaya,269801
a41dbd1c-e3eb-423a-8e68-f676daf210b9,Udaipur,471068
a2843d63-dfca-48de-ad0f-7a996bde9018,Madurai,703163
e1cbd849-3cf0-46fb-bebd-51b4732976f5,Thane,004933
3632225e-3847-49ab-a638-f06ce2769420,Haridwar,244693
1b3b8535-08fa-4a67-a0c5-b9ce652a188e,Gandhidham,947638
7e5d661b-d707-4190-8af5-0db2d7cdb82a,Panvel,906540
60a2c7be-8ebc-445c-aebf-65facca85805,Etawah,193932
17818987-ef0f-4e62-aa14-4e28e34f0671,Sangli-Miraj & Kupwad,281291
a0d92dc3-98be-41c6-9645-ddb6c10c1bd2,Korba,049602
3146b68b-12db-46bf-97e1-4bf8f9783147,Gurgaon,652728
37df5911-acb7-47ac-a64a-705965d7d86c,Raurkela Industrial Township,974995
cf3b8f5d-dfb9-4d15-a616-4fe8d7d7fcd8,Bidhannagar,886406
0be72cfd-79c5-43df-8d0a-ff89edfbc88c,Bharatpur,020801
25019f65-efbf-4bda-8d7b-c1d95b540af1,Hindupur,221543
d5740b63-ecf5-4484-8d17-f9b3bbb9d14a,Parbhani,890932
e41ccdd7-12ae-441a-9343-c7062e1a3da8,Karnal,332023
8695fc10-c642-4285-9a33-5d561b49341d,Jabalpur,255501
6bd6dcd1-63df-48f0-974c-7a4eb81a9afa,Naihati,503698
752bf08b-61ef-46d3-9c66-744be484450c,Dhule,332436
5cdfb049-29a0-4cbf-8a05-40bb63902ff2,Guntakal,208059
1d5a0adc-c6d9-4f77-a3d2-2e853a96004a,Bhilai,441290
fdd9d7ce-2d6c-47bd-b8d1-d22f5b3ee349,Thoothukudi,599920
498460a2-a65c-4029-a6ed-bb6a3b574b1a,Asansol,763177
846c8a96-2027-4508-968b-636f4a11c075,Giridih,421062
81d42759-9691-409c-8450-5ac6d7468fa4,Tiruchirappalli,759192
3ae1dd06-866b-4e96-9cb3-704ead505b63,Tenali,131753
624f4188-4b20-4659-8e16-4ece94ba5313,Warangal,475286
efa1b7a6-f258-485c-95aa-13f85dacb383,Yamunanagar,209617
d71062cb-5354-44ee-ba5c-f7dbede96e53,Indore,992845
0241908a-c31b-4269-9868-87e7709c2788,Gopalpur,321153
61e1ea4b-103f-4671-945e-a048e3b95ed9,Raichur,514321
43279b07-3253-4e6d-924c-7e2a3516c712,Dewas,087797
f4279c45-68e9-4b84-a3ad-407c1bbc02cf,Bhilwara,925422
0b67d749-7301-4040-9ba2-28399c5bb59e,Orai,458192
80314424-c761-4f66-beab-9fb89fba51fe,Barasat,706769
3e91d3dc-dd4e-460b-a547-205f53b5baaa,Dhule,299865
36ff0b47-2094-40b2-834f-eef6066fc046,Secunderabad,257846
dfabec71-b2f8-4a72-a7d5-3fae2caaf27c,Howrah,858838
0ad67755-f560-4829-9976-7e8739847312,Pondicherry,726208
08c29995-f00e-40be-8fe3-66870fcaa914,Sikar,292543
ba578547-58ea-4dff-9083-d6527edd054e,Dindigul,962822
b24179dc-1f1a-4a4b-b2e0-ff72050171ed,Etawah,182562
a1297505-64ff-4022-a828-00e40d303984,Amroha,863942
70d969ef-552a-4a45-9f0f-2d6a12089c46,Mysore,234149
ba74385a-5dfd-46ab-a58a-916c2b6bb499,Hindupur,096627
2667937f-c3e0-4129-b856-0d3c4ba8b638,Guntur,604509
06b88a51-b9ef-4197-9767-656de37964fb,Chinsurah,217400
6a69f7d6-2d92-4389-9430-408e5d6600fb,Srikakulam,019335
99b9fc79-c567-4b9c-9071-33c4575a3584,Siwan,224711
afe29a00-07e0-4568-91a7-3d6bb184b724,Eluru,060827
0b1b02a1-389d-46fa-97f8-1eadca4f6c2f,Agra,646160
8bd2aa46-1a16-48e7-9b23-a4107959e5ce,Junagadh,643850
b620ec1e-f7eb-42f3-934a-6408eab3b35a,Chapra,372346
45b99ac4-889d-472f-8fb1-2d9a24b45f75,Raiganj,231336
585c737f-6b56-4013-b983-e779f2c6afaf,Ahmedabad,416423
469df2ac-ccd1-4c6a-9857-0f374ce1e8d4,Pali,441372
2666ec9c-e6cb-4e8c-86a7-10faf8e2162e,Nandyal,857606
b11fdd10-d9a4-44f8-b48c-372d43c2e79f,Chandrapur,290461
181bd2f1-5b44-4a54-8be4-e8a514f92c0b,Khammam,188701
1aff1661-f6a6-4a3a-b8fe-667168ed7ff9,Udupi,242024
d92ea885-3a14-491d-9bde-4ebc6ac2a0f4,Raiganj,441723
30a6227f-d04f-4b55-8224-959513afad50,Hapur,538694
f0ce902b-0536-44bc-b558-85998f234165,Jehanabad,254853
1821f9cf-82c1-4c74-a324-796960505c18,Durgapur,890472
58f5bad2-a10d-4fa5-b2b5-80ab787c6270,Hazaribagh,410095
aeec1ea7-4dfd-4e16-b8d8-3ed0e7cb5369,Orai,574216
6627878d-20d8-44b7-a8c8-d3ab5c71bedc,Noida,990093
01e2da66-00b1-477f-a79d-fb866e02291b,Deoghar,460476
6d52a00a-f377-4ac0-93f7-c3531df48d59,Durg,788443
e83490ec-4200-4270-8f5c-0bd0212b6fad,Faridabad,618756
b4714aef-eafa-4804-90fd-9c6dc450a563,Vijayanagaram,263681
affab202-4e3e-4f3f-ab86-5c6247b12310,Bihar Sharif,858990
4ace8ba5-1eca-49e6-add5-d7dcf73ba6df,Jalgaon,729108
20a61d12-37e2-4fb3-a376-0af679e0b946,Thanjavur,786043
3c739f13-4267-4c84-a47f-ae90f88173b0,Bulandshahr,050337
ba8c9984-6940-40ba-a453-b919369ecbf6,Khandwa,306773
390321cd-0ff2-42f2-b7d7-b0a8367073df,Machilipatnam,182226
c817e002-1e77-4b9e-8ceb-2e59fd22c786,Fatehpur,190878
6c909060-45c8-4ff4-a973-7e2e1013ec11,Ozhukarai,859067
d47e1ca3-2cd5-480d-8992-90707cca310b,Chapra,342898
cbc9bafb-250b-4640-89ea-3237912a79c7,Silchar,550492
4c5b3fd8-2f81-4ba8-93d0-fed20c8990d6,Kochi,048618
0cc7a2f2-7374-4824-86fd-aac9a15a1d75,Mango,663201
2ebab9f9-5b4a-4862-83d9-b174991de0f4,Ujjain,739928
ca493871-eda7-4d97-bf7d-897faf709fc9,Tezpur,718265
61ff0d32-8b27-46da-9fcb-32a6f7bde8b8,Muzaffarpur,170864
0a7c1260-e984-48c0-bc05-0597636763ea,Tirunelveli,942039
08c0ecf5-f509-426a-82cd-a047491bcdab,Chandigarh,549014
bc87af54-980e-4415-a606-05eb33c9abd4,Buxar,706921
6aa6e242-5529-410f-94ea-dcf444b855e3,Siwan,305498
0735d9e2-424f-4014-afd0-b6b10540a93e,Darbhanga,884302
4637f306-2334-4b91-bcaa-4648f10d1df4,Kirari Suleman Nagar,678066
6a8cf35f-790a-425b-ad65-d480842855b0,Korba,589016
654befb5-9529-4fd0-88cc-37cfc23c1030,Amaravati,815037
4b4e970b-8106-4178-af95-207084d41c65,Raipur,092640
ae138b16-ce07-4d8a-858f-fe44a9241bff,Nashik,088081
1d5ed005-caf5-4ee2-a1db-8c07186a93cc,Kozhikode,282968
4d81e935-a442-4b31-857c-3ab4ac8fcff3,Sagar,850072
90f76f21-a8e5-430b-945f-ba43194b7362,Buxar,741168
20a3e7b6-727c-413b-a566-0fef0cc3a242,Bhusawal,961276
fb141a2e-a95c-4404-9dfa-a8bfc02e8573,Mira-Bhayandar,808203
08d9af9c-fab8-42f7-876d-675f245956a6,Sirsa,263444
d267af58-444d-4ab4-a61a-7c281d76e2f5,Anantapur,245870
f362ceaf-8562-415f-ac1f-31076e21cd76,Mangalore,424253
b53fb413-1848-41e2-aa68-fd97f98f9131,Kavali,912375
ce234bd0-e899-4c6f-b231-e446d06bb89b,Bangalore,849760
95fd9f52-79a7-4639-9e4c-16e41a957aa2,Phagwara,702436
b939a17e-7e12-41d4-a79f-8a77f95367c8,Guntur,055364
3f6c7a9d-b472-4fbf-af21-0ee91059edaf,Katihar,540364
44f1d716-9c8b-400f-976b-b78ae619c7b6,Kochi,977385
6b11f937-f1b7-49e3-a5c2-ed61d70d1857,Silchar,232360
9ce9a350-efe1-4968-b7cc-027f6ad166cd,Sambhal,998649
0e55b3a5-d16c-4b2c-bb30-1ea3a41ae671,Bikaner,949722
2dac74b2-5ed8-4647-b005-f3819430a357,Bardhaman,986226
e561048a-7ab6-43dc-97d5-bad7be942284,Hyderabad,661799
d2ff3778-ece8-40d2-94d5-2c146c2ce4cc,Belgaum,569992
db8babb9-3397-4c1c-910a-05a89805873f,Thrissur,876887
68c585b7-13d8-47c6-a923-42ecf14f034d,Hospet,560413
5c956b3c-708b-4561-92c2-4db34e7dfe3c,Loni,084931
d144aca6-c464-458f-96c4-7458aa999f41,Kollam,912260
d23ce0b0-5386-4edc-8ef0-74ace71a8528,Kolkata,440762
f7201249-b73e-41db-a9e6-da9ec625de44,Farrukhabad,049134
1e15a040-4b29-489d-9b2f-73580c4bc4d9,Pune,897528
2e5c883b-a664-443a-bf90-30e21eae664e,Mira-Bhayandar,998656
c3197fec-9634-464f-85c3-3cbdef8452bb,Kozhikode,405920
269f22d1-8992-4a57-9d7f-bc0314d69a13,Muzaffarpur,309766
6b932a6a-093b-40d3-ab5f-58e59e3da95a,Bhilwara,298056
e4ac3f89-df0c-491f-9e38-4e06a766d37b,Kolkata,753079
9c99640d-0c6d-429c-b0c6-78241a334f7c,Alappuzha,869572
a92c139a-1cb6-4bdd-a6ca-114dd29851d8,Chennai,347412
9bf78aac-553d-452f-bdf5-0b74de74e730,Kamarhati,379561
49dfcc31-b399-4a99-ae77-2d4d7222c422,Faridabad,773217
a3c555ce-8b0f-4400-a789-1719c3bfbcb3,Ghaziabad,619202
5a51d4c0-e47c-4eb4-9051-1d6c1de2ab24,Ballia,938733
a3a8f9a5-badf-4701-b1a3-d614c8f51319,Thane,424447
6b596d1c-ee33-46ef-b937-12f3f72d466e,Jamalpur,476078
664e92d8-298d-4b57-aa82-4065a9acbfb3,Warangal,510765
dcc3fa00-7c64-4044-9ccb-34c34065209f,Narasaraopet,708517
1a9cf635-f03f-4989-bc16-ae056015958e,Rourkela,145634
21ecd729-99ad-4bca-9525-93725bf00f82,Mahbubnagar,858055
73c7c589-8aff-4b14-91eb-060a207a561c,Bareilly,744965
a6a4f24b-3045-46ce-8744-93b7e19f41c0,Madanapalle,607700
da0d3cfc-41c6-45f2-b326-9f9d60de93cd,Hyderabad,045418
8a2e83f8-d874-4068-b637-c86a93713683,Surat,982218
02101a52-e94b-4e48-b7bc-5e283bc85318,Bhagalpur,620385
407c9e61-de8c-4f7a-bc8e-55d245ac45be,Alwar,788026
c9e0fe9b-4a93-42a3-9583-b3c90f3abea0,Sangli-Miraj & Kupwad,164693
2746e680-7168-45f6-a176-c7eab8c31ccf,Patiala,623039
0c57ba03-6a14-4824-9693-45a1afaab56e,Dewas,088067
bd01cfaf-a55d-40ea-b29f-69f5ee30579b,Dibrugarh,092019
a61f4adf-99ab-46c0-b83e-2b93a83e602c,Panvel,311326
16d74c36-6e13-4cad-a0da-9bd19fd2564f,Salem,584858
4a5e8954-c61b-41d5-b328-a72222e3ce92,Tiruvottiyur,632119
88e41cb8-b510-4c74-8afa-9e946b5dd5d2,Patna,722053
ee3b86aa-fa64-40c0-b9d7-9bbabd480d6f,Chennai,745447
bebf82e7-b7bd-4a80-ae2a-202547de2c8c,Katihar,317146
b9753ed4-3eba-4bb9-9513-e5bee0cf154b,Tadipatri,394676
1892169b-97ef-429e-bcab-fb99c075f146,Mira-Bhayandar,235960
d05476e6-2801-41bb-82ae-60bd43ecea7f,Ahmednagar,261840
d0dbafda-b0e3-4af7-8c4d-31bd6903581a,Dindigul,870368
d71c6908-ce22-4f17-9536-d7a6a015b606,Nashik,063066
89533408-aeb6-441d-a6e0-75ce3a4d7f5b,Raebareli,502816
830d4a9b-f879-4e9b-9fe9-6e21c8e3d2ea,Bangalore,039091
fb00f929-d0ed-42dc-bd36-c20a3b2332ce,Allahabad,025209
36babfec-56a7-433e-9e55-863bdee59f21,Sonipat,375979
0ffa5ca5-ae95-414b-9fc4-4f7fbecd453d,Ahmednagar,926009
3601464e-4750-4618-8354-880cd2c2a1cf,Varanasi,757454
72db8e52-6a0f-4c9b-b0dc-2a82c51104f2,Gudivada,054894
25c3aa99-0d98-4306-a2e3-b6de82e5a49a,Ozhukarai,811808
57fae17b-bdb4-4578-873a-6b3078d62b3a,Motihari,558344
4ba25256-19d3-482f-9af0-8f73b6f1bb4d,Sikar,229521
ff9dd863-0224-44b9-9d8c-90418371bd59,Tadepalligudem,056603
081e84b6-cd52-420e-9904-0f70aeca74e0,Kota,248607
ea3fc682-d72b-4951-a44a-215cda4c72e1,Sagar,266023
b5535923-002c-4cbc-ba80-0cd83bc16db8,Rajkot,850153
cd40090c-f614-44fe-bb1b-96585a7cf5d4,Jabalpur,316715
6c622d26-ded5-468c-bc45-6af3b5f0c410,Meerut,879052
78c207c5-a96c-4567-8a26-5569b444de11,Rohtak,133954
9f469fc6-2309-40de-8b89-8d90d331a40c,Tezpur,064531
c484b17b-6348-4a6b-9df5-5d7931ebefa8,Bhind,571918
116cf9bb-a0a8-49bc-831b-32d291e09932,Raebareli,693656
50a98c11-4141-45f9-b2e9-49919c85b5c8,Begusarai,359748
b409a861-0a81-4821-a2ee-cd7f88b2b30e,Tenali,570237
d83a614c-f506-439f-91ce-310bfb558884,Hubli–Dharwad,301922
913464c0-78dd-46fb-96e1-8d601e6d8323,Madanapalle,673332
56507435-c725-4ca7-bf04-53114a2c40a6,Rajpur Sonarpur,396440
dcefc63b-1acb-4376-bb02-9e584c39bb4d,Kishanganj,532676
c2f34392-e1ef-4fd4-b6fe-2b7420b7b2af,Rampur,773923
79a3cd1e-88f7-481d-a465-daaa5e7c4788,Ajmer,232091
b2d5480b-9d08-47df-8356-dc13329d69cc,Mumbai,693328
31019225-d764-4406-965f-d4c297daeaa5,Durg,347199
2e7bc14d-da52-4d7d-8c23-32de0e512871,Narasaraopet,755154
b4e6f28b-437a-4ef3-a7a3-c66b3f3e2b4b,Cuttack,075699
29c285db-5ce6-4ae3-9a86-f5fa316a611c,Panihati,100643
bf50da31-1660-43ac-8e6c-14cca0472876,Bhatpara,622777
638710af-268f-44c4-83b4-bd5cc9a856b7,Bellary,168066
f6779e9a-ffa1-4534-86e2-d0557c01cbd6,Morena,703850
f79e7d78-b268-4898-9201-48ce624c6bc9,Burhanpur,595298
6976ab5b-4a94-4dac-bcbc-45c28ee7ad31,Bhavnagar,107402
15ecfb05-780e-445a-84eb-b0797b0c3329,Gopalpur,675826
16701b6f-26c8-46d9-be14-38b50ed31f30,Bidar,590620
db9054c9-0262-4c38-aaf9-dcd528917e36,Sambalpur,385646
b20f9d82-9b57-4ce3-a8e5-a8c936831c74,Ichalkaranji,459793
6139393a-6393-4880-af63-c1f08b404f46,Nagaon,997984
a6c6ea56-06aa-452a-a0d3-c5f0a0b389ef,Bardhaman,099550
51b5b7f3-de50-4bd9-8893-0acbb388cbfc,Kavali,266432
3d61ece2-2a42-4b4f-bd8b-e91c8482baa1,Korba,612128
7f20976a-8096-4126-afc4-ccf14a1015b6,Vasai-Virar,948534
f3d5808c-16d6-40ff-93d4-7f7d70e6482c,Kolkata,276223
a1b991af-7fde-4fb0-9747-efa4f584a7f2,Mehsana,225678
6a799342-697e-47c3-a073-13c58c9f04ec,Rajkot,237887
08d1460f-af18-4045-be17-9fefd78577ad,Ozhukarai,168061
0686ff4f-e1df-4ce0-9ce2-fefd20730b90,Rohtak,647998
114114af-5969-4ce9-9a95-37a8912342e3,Katni,586794
c0fa6368-90ca-4342-ae9b-7fb1c5aa3f62,Nellore,097236
d98888f1-5c07-4633-b6ad-aea6d4b89aed,Dhanbad,926166
f13c03cf-d91e-478a-8554-62399c3dfa2a,Chennai,655578
9a870b17-c967-4c78-b909-b461a4c6b18d,Alwar,786555
c8a13ca8-0226-4d92-abd5-23c461bcdbd6,Nagercoil,247640
8b7619d8-2352-4a50-8a89-4b78be101311,Faridabad,875868
49b99537-3311-414a-9132-47f5b41f2b87,Jalna,516654
ac8987cc-18f6-4770-afc5-34d23ea08194,Aligarh,244418
5e1a1fc6-cfdc-456a-a416-deabcd61e33e,Sagar,233868
c5207bbb-1105-49ea-9912-34c2f1a6b95c,Pune,570170
05dea904-ad82-4c3f-81a4-a38810382e89,Alappuzha,094423
fe472fd6-72fb-4f93-8067-fa090b7dca73,Ghaziabad,050898
e28193af-7c9c-4224-90b2-8068a2849f2d,Ludhiana,134909
4f424395-a26e-4166-a427-fd8182e01f60,Amritsar,979724
3f340626-ee6a-4c87-be8b-6cad2363dfd9,Jamnagar,135694
2dea09c0-b239-4a5f-9a39-b37edcca7f5a,Bihar Sharif,073567
97aa7b08-1b8f-4864-9453-5488a3d11f2e,Danapur,957394
cb5f3143-2cb2-47b3-8294-84906aec3d70,Naihati,260294
d0373a99-5373-48f6-9cf9-37326c0f5f32,Siliguri,315892
a7d5ba0d-4c5f-4cc4-a647-994265169b5c,Saharsa,907342
14c6a22c-5c46-4a54-9433-2d42d2c6d76b,Ambattur,977748
a4495bd4-1f39-4295-b5f1-e133d34732f1,Jaunpur,951418
b6904b96-46f7-4ad3-ad90-3df28287ab6e,Shimoga,308829
0bc3b68d-0a44-4b58-81f4-db8d75d1b019,Saharsa,841962
fedab6ef-5d03-42f8-9158-b126a1364b86,Muzaffarnagar,605869
6ccf1430-76fe-4bfe-90f2-8c75299294d7,Dehradun,674831
b3521edc-dc6c-4ad4-bc82-77d79d7e9b8c,Nellore,662931
0f816a09-22ef-4bfd-9731-d1b2e9eeed45,Tiruchirappalli,788242
60b15049-96d9-4311-8b78-63415d5e5843,Mirzapur,946989
3e33b89e-415d-4c87-b03f-600cc1ef056b,Bidar,327237
8412b031-09ae-489c-bd65-a48bf992b0c1,Hospet,223790
96f45dbf-e199-4a68-84a3-9ed0b732b666,Haldia,487084
a753b4ec-7372-4d55-bc0f-04e7c7a6efbc,Amroha,417675
8f7cb33d-e2d8-4247-8bdb-5aeeaea9a267,Panihati,889073
c413fd6d-c5f9-495b-95b6-a17ab722fbaf,Kottayam,591579
c062d790-b907-434c-9b30-9fb64306c239,Proddatur,589626
cd1d3e0c-0cba-404a-98bc-8f2f726ac951,Dibrugarh,887638
d47579d7-0680-4e76-9ac5-e8e3818d4da1,Bhatpara,761239
9a4967ec-fc07-487e-95b3-5a4713cca8e9,Moradabad,190518
d8a87405-f5c6-4070-9472-406f2d6e9380,Bhatpara,182070
f6135fda-77c0-4671-8dee-407ac99e0a9a,Munger,107923
742e67d5-23c6-4ed2-a3b8-cfdbd8607832,Siliguri,689334
f62ec8a6-3793-4a07-baa3-b9861af2f823,Avadi,035067
773ad902-ab4e-4f2d-94a2-031a2a705503,Jaunpur,833557
db45ba76-93fc-43e9-89ac-e6b298691051,Morbi,312315
f404c047-2c8a-4c76-b32b-ecc18da8f5f7,Mau,570521
07246474-a382-4dc8-9342-4384e50ee0dc,Tadipatri,844404
a25432ed-37db-42a3-b286-2789fbc029e0,Danapur,114147
978c8d18-bee4-456d-b8eb-237cd3fe1365,Kota,350368
0234632c-5f34-47fb-8cd3-14c33f5bc516,Raipur,689109
adafe8ef-bf0c-47ab-9f48-23fcc2dcbeb4,Hospet,802344
6f8d7352-b9d1-4649-ad3f-bc325190e591,Purnia,467940
53df71a2-ec5a-455c-962f-ee2bb8346890,Bhusawal,401632
0e121f66-8906-4e01-a356-806292680001,Nangloi Jat,783159
eeb990e0-c069-44a4-a0c1-bdcf8a232d0b,Ambarnath,292731
b6ee2a09-0e25-486e-929c-03d55bcdc74a,Karaikudi,029158
e5b445ce-6d0e-4f64-9d50-4d03ba98f11d,Avadi,332416
558a0e38-43e8-47ec-a3eb-973957f347e0,Coimbatore,483966
718fb832-8e65-4676-be34-53c8488d2f97,Kirari Suleman Nagar,446746
dcf976b3-654e-4dc5-b1c8-45090034c74d,Bhilai,958417
14397175-4bb1-4c78-bba7-5573b1143373,Phagwara,617050
00b2f5d1-0280-4e8b-b1d7-37e5a80e6965,Dehradun,816981
da00ae35-a1db-4165-a985-85a3ddd93dc3,Navi Mumbai,447609
18a67543-9d91-49ff-a263-1770c13e68b8,Kishanganj,774029
eb9b2b13-f820-4811-8537-0364384f5a1d,Jorhat,433026
142b8d79-1c59-453a-8626-bc6e759fe83b,Ludhiana,218366
fc83a33a-ba32-4bc1-bb1e-8a79bf786ec9,Jaunpur,966661
f5c48180-792c-410f-9510-1dffbe7c4776,Kolhapur,634202
97582fe7-4874-4347-b25c-12480aece875,Guntur,499801
3b465169-1c72-422f-bafd-ca76728592eb,Bahraich,836759
dc934f27-49e1-4599-8e37-a9c5162ef9ed,Bareilly,791524
876305d0-247f-476f-a156-f86d5a91f1f2,Sambhal,440923
95294239-07db-4fab-9526-619468c51d36,Etawah,746564
0cc87ef8-88d5-4302-8f50-69f29b497924,Gandhinagar,186372
6bd18268-c033-4ec8-a9bc-d1b57b165d51,Bellary,995695
e3e621eb-d7c5-420c-ba3c-a79bf3bd13d5,Ballia,277641
f5f241a1-1289-4656-9313-85b9beb9ccc2,Narasaraopet,038502
ad9eec8c-71a6-4f05-afda-5803db996d69,Tiruvottiyur,344486
e712d37b-dce8-4d11-941a-a3699dd014e5,Ajmer,883904
90f1700a-ed79-4576-954d-af22b612b3cd,New Delhi,145461
32612c47-98fb-44f0-9acb-c291a3f161d0,Ongole,932511
ee4a0a05-1ca8-48e3-91d9-663f339a4393,Giridih,887953
ae6d30db-6ac5-4a5a-8c24-f541b0f359eb,Guntur,409543
f01dd898-e01d-4c97-90b7-56afd5cb90d8,Shimla,618308
dce440a6-89cc-47e5-a8e2-ddc3b6286346,Ambala,018731
452e4fbd-a981-4e78-96fc-bd69871d3321,Tiruppur,511436
ab61ce60-6dc5-4656-80f4-6ca7a1428cc2,Deoghar,210781
45fdb9e1-e33c-48c2-823f-f2fca6a7ff15,Jalandhar,968564
fce33f3f-5db9-4ec5-a857-2a56b4e35916,Bathinda,068026
bd827af0-5485-433b-bcbb-275ac1289d93,Sambalpur,542306
9b40091c-0caf-4a2b-88e2-fbfbf110c120,Meerut,302865
21827cec-077b-48f4-8f2c-9f66f8f45e76,Surat,224114
4da949c2-e4a8-42e4-9622-8226010d9688,Indore,670151
15a1311e-5dee-44df-9ba0-3730c6ab3caf,Imphal,016633
4f20312e-e16f-4d30-b5f1-3dbb2cbf075f,Warangal,240053
60b7edbc-1ea2-4b6d-ae12-138572f8ced7,Udaipur,056201
43f949dd-2587-42a4-a323-8439f998a279,Aurangabad,348433
a7a93dbe-73b3-4435-af26-354b0dc51a09,Nellore,252861
be55499b-06a3-4d35-af32-f2f7cac1a9e3,Kozhikode,945645
cf52bcfa-250c-4af8-8242-eaa08f7ae32f,Thrissur,286449
b6beb0f4-be9a-4f65-b593-8ee4a249c6f6,Haldia,249866
ff51df44-b106-49bd-bd87-16de585f8a2c,Agartala,095367
f71beba4-eccf-448b-99c1-d7cf19b0369b,Latur,985297
17c29ffd-a1ea-4ffd-aeb4-ab16f68a2d75,Raurkela Industrial Township,152665
b79e5c0b-d910-4fdf-b906-f2c1925a2e93,Phusro,476253
a3e99811-91c2-436e-a1e0-8e0b1daabae7,Udupi,641475
1c2d0c6e-08db-4fab-9eec-263b1bf65227,Kulti,952474
985fcf93-6ff2-4696-ac11-8b0caeed57b0,Raebareli,353896
d76502e0-ad04-4e2c-af43-8e29ce14a4e3,Gangtok,324367
689b2cfb-b2c1-4b4c-b659-c650d7e40402,Bihar Sharif,571276
72832e73-3ca7-46f5-9fc6-b5529ac392ce,Motihari,543468
ad38bad2-df27-4bef-b630-d6b9c05dbe39,Orai,390616
3c23e8ca-b6f6-44bb-ba93-6886be8b52db,Sagar,939981
4223ef76-c546-49a3-a062-35f385832e95,Jalandhar,381168
fe0f7440-4e8e-4760-81e9-431ef80e62f3,Surendranagar Dudhrej,030737
354174aa-6482-47dc-b4aa-784d2c1ffec1,Nadiad,720148
cf322ffc-949b-4350-a7fa-41972b65d051,Ongole,826493
e138aa7e-f7a2-4494-9c7c-d58fdbd9c5e9,Mira-Bhayandar,463947
624c43bc-23e9-4aa4-88f4-0ac9a02a9e12,Udaipur,429264
a1c6dd98-a2ff-4db9-8442-d557ce7ee6b6,Machilipatnam,391729
27cfc2ea-e4d5-4e74-a735-90ef79cbff26,Hyderabad,694811
a6bf70e4-bd60-432d-9d8f-0ae1caf725be,Haridwar,497196
a72b0cb8-c7f2-4b38-a198-bee1e9e88002,Indore,833539
b014a777-a1a6-4136-8daa-d320fce065b5,Patna,612590
43e8f17f-649f-455a-9f10-6c3895caad8e,Rewa,994901
b3945a03-55d1-489f-9568-5f4a3ea46ecf,Kamarhati,443767
3c5e6d9b-0a26-439e-b640-8ff4d7144cc6,Panipat,409841
9f112107-9b80-4693-ac7a-00d04b5cf7e8,Madurai,793014
2cea0c6d-d3c3-4ee5-90fa-8edd562c5635,Vasai-Virar,049910
d34df1c9-3a59-4674-a4f6-b99cd5bc844d,Bijapur,028866
1a28427b-3a81-4370-89c9-b280d1518d89,Sambhal,199034
568cbad4-8d32-4b1a-a16e-4b52010d98da,Bhilai,485484
345b0e91-0a2e-45bd-a5d4-95722050372f,Allahabad,531607
a4420c2c-6f40-4aad-b0c6-7a85d226283c,Shivpuri,386015
67b9f9d6-c589-4d19-8ade-08a9f983965c,Navi Mumbai,713219
217a30e0-f4b8-4a7d-9fd6-b51526266444,Pune,470288
07c985fd-981a-43ee-984a-37cdf9a96d01,Ramagundam,128745
08a735ca-75d3-46f1-8e54-a046a41fbed9,Shivpuri,936785
a9d37256-8177-4819-9b8a-068e21596a95,Nadiad,639138
65a12455-10b0-4afc-bce4-185cc2bda011,Agra,491619
26aed21b-4e40-4e8d-88a1-039225a2b1e9,Gulbarga,215401
1a32d45c-a7a7-4653-8e96-9b86cc83825c,Gwalior,350696
a8e64f15-7647-43b6-b952-75de198e9f02,Munger,684552
b1918093-e093-458d-b72a-4058173433a3,Akola,410254
d3903314-83d1-44a2-aa9b-2a95262865c4,Amritsar,989948
4ede6282-465d-4656-9918-746707784335,Purnia,948993
89bd3531-15a1-41b3-8639-b1f6fe26cdfe,Ludhiana,195675
cd7fdad6-f6bd-4bdd-8e2a-c94622b10130,Dhule,584227
3c4ae348-d04e-4cb3-b7eb-97d7da43174d,Sirsa,662565
b2ce8d4a-21cc-469f-92b7-ec69d2a084b0,Rampur,070014
b75b30ed-f5f2-455a-93e2-1cba7217eb93,Bhubaneswar,068624
7fe1eea5-995e-4f5e-805d-95f4e673833e,Anand,100668
8bf743fd-fc37-411c-b6d3-bce433781d9e,Darbhanga,728207
b3200130-682e-443b-916e-f44e96eb8ff0,Gulbarga,811522
8e823b4c-8ae5-42a9-85fd-dfbe7721371d,Asansol,228240
b1dccc37-b9eb-45bd-8d61-10234154abea,Chittoor,283599
8f16ed96-686b-49b7-af39-47c7f197de2b,Patna,410847
7ae0cf5f-927d-470b-93d9-f8c893879d1e,Ambattur,113505
100b71c8-b13b-442b-8942-1f268e2e003f,Imphal,228920
3e9e154a-338a-4fb4-bf26-6073716ffbb5,Ramagundam,578097
d5c276d7-b0f0-4c43-8ed5-a36b89ca60c8,Bhopal,801041
ab3f85fc-90cf-4b4d-a57c-88989944c7de,Ozhukarai,419528
2e0b0d48-dbdb-467c-8fb0-4dc923c88f64,Firozabad,786742
e7856262-e90b-4e71-9164-7679e725a021,Akola,889306
cdeb8cb7-2a3d-4ad3-ad2a-f5017f24fe9f,Hapur,803789
95437ffb-61fd-49af-957b-1263b42fe059,Ulhasnagar,397436
e6a71a10-1e2a-42a8-8195-1911a87f3390,Imphal,855759
f403c918-3104-437e-8ff3-66cf353fd04f,Jaipur,290696
872a7698-b0e8-49ec-a336-54fa50f8c9e9,Bihar Sharif,289860
90059545-540a-4d66-a54b-f9d4f4095fed,Jabalpur,656733
a7461b13-552b-41de-a04a-3a800c0397f2,Darbhanga,701652
2d41b0bf-41d9-402f-8862-78608e53986b,Vijayanagaram,368149
52785086-95f7-4899-bbb1-f894f3c19294,Kolhapur,308437
180ce882-7921-4857-ab8c-843ab447f4a3,Tadepalligudem,964447
cdd94492-a41c-4bac-aa55-49f222d2019e,Bokaro,084232
af66dc91-7155-4c4a-9547-220b058698da,Akola,480041
b03bfd23-4d5d-401a-bc99-9de436032176,Cuttack,155369
091c1dae-4df4-45ca-a702-58bb7e22e776,Khammam,574906
8c86974f-1ced-4d87-809a-d1031df9a741,Panchkula,024257
5aeb8660-31a0-44c4-abcb-d6073bba5436,Mathura,329594
3fd3efd5-f08a-4d34-8f78-99191cc261d0,Bokaro,158286
f9d64b59-f32e-4cc3-8272-ab2ff2286f9f,Ranchi,029662
4d0c7598-5326-443b-a6fa-071a9e39c93e,Mango,174292
eb3929fb-109c-4885-af9d-a71d6750d207,Indore,167821
a9db8465-60f2-4345-8291-a103ce9745dd,New Delhi,669370
42561abd-a390-4a90-9746-12b152e3b2b8,Korba,503139
e55f75f8-485e-44a2-ac98-d631c80c13d8,Orai,485022
a5f22482-cd90-471e-b4de-1aacda5ccb3d,Gurgaon,901933
29313a05-d57d-4c81-aa9b-294a0f45e91b,Dindigul,797190
5189059a-6080-4a20-bbe8-e6eaa02fd898,Howrah,295616
e1e5e17d-8027-46b2-ad07-8d140845b1ca,Udaipur,647185
bddc9502-b783-41b0-ba60-8a5f10ff9f97,Ghaziabad,079923
513c04aa-4511-4d83-a805-1e585c41de40,Baranagar,323167
3872f457-2d77-4cc9-8254-d88cd963d67e,Deoghar,456474
9ef060d2-8358-410f-bb93-d27586325ba3,Raiganj,194539
cff4cb37-4100-4aea-9176-d906c1146942,Jodhpur,766650
da5cbc60-48c2-4f43-9af5-6095ebafbc7a,Belgaum,612092
eb4c04aa-b9b1-4b2a-ac60-e11165b11936,Pondicherry,806190
f145c833-9ad5-492a-b91d-5d03f46a3aa7,Mira-Bhayandar,116787
010c748f-d129-4ec4-85e5-3b1799fee1e3,Kharagpur,635322
fdcc34eb-5353-4768-a03e-f980597608ab,Shivpuri,859212
142952ef-227d-4f50-b47f-3ba19713f9d8,Hazaribagh,856371
223823e8-b1b7-476c-ba64-3d6b6ba82b0b,Baranagar,943000
db1aae1b-e96c-4825-bad4-d5747d83a30c,Malda,398923
4df5acaa-5ac3-4cce-bef1-5f097295ef47,Dhule,465986
c8076227-9b52-4c72-8522-32a04a9966d2,Pudukkottai,278417
2387e9f6-d166-439e-b2a3-d389d4a123a6,Mehsana,591538
26682bdf-d523-4965-a667-652bab7b8c12,Kalyan-Dombivli,140652
95164389-0a42-44ce-b500-545842030ba2,Singrauli,267351
2ef38023-0815-41e7-b8eb-f556273bdd07,Morbi,455337
d9b98f35-42aa-46ab-83db-309f0c9dca78,Katni,697648
3d40b5d2-df92-4d32-a963-9890ba93530a,Sasaram,962249
dd3a05db-4fcb-42d3-ae85-38cdaa58a7e1,Arrah,046250
82b9e18d-4cbd-481b-902c-5bac3f209e7d,Adoni,965685
1d5be6fd-1d89-4f36-895d-d5ec4ad592a9,Asansol,627672
a5574edf-9958-44b7-8b51-1a3c3823e12a,Imphal,979344
8f109188-a34a-47b3-a284-0816d362d23b,Srinagar,914650
19385960-7e89-444a-996d-70cd57c15073,Siliguri,477804
8f47bd8f-b642-42db-a3dc-0897e99253a6,Kumbakonam,251840
5ea7efc9-856f-45d0-8248-2d9f8c4a34f4,Nagpur,398214
939fe025-ad14-41aa-961b-adaa7d3d9802,Miryalaguda,337209
846df07b-1c22-459b-b62d-7448bf90fc30,Ratlam,676706
94ab8236-c626-424e-9ae2-fc1f804640ee,Vellore,286301
c1729ca5-0666-4657-a5dd-f7a4626265d8,Durgapur,008484
00ec31d4-024d-4b9e-afe0-d47cfe69448d,Munger,833367
f6716af2-65cb-44c9-a036-17513b14754d,Lucknow,896713
88af12ed-8b3b-4bad-b779-3a46e35f3c6f,Bangalore,494692
ee7daa04-4e37-48a7-a77a-64a56c9ae164,Kishanganj,649013
2bce5207-ff06-4c66-b9cb-ef2b45ad6c81,Bhilwara,193500
ef5eb7f7-5980-4945-a031-2a4aab903de9,Moradabad,461758
ff24c04d-2ae2-4c5a-bdf6-cc631bcf006a,Panvel,388904
8d411653-c5b8-4b42-9555-6ee12403e242,Jabalpur,404315
72d751fa-499b-4f46-b2d6-4d203cbee0ad,Kharagpur,135381
d698cbbc-1021-46e3-9f3c-00a1298e42e1,Kottayam,747558
c3849669-aa13-493b-b6ec-07c2ef5c0dc7,Thiruvananthapuram,901685
92d5a577-0d40-49ad-9f48-fdabf2862e45,Ichalkaranji,177840
eb2f55c1-60f5-447f-a269-f8dd1cff8604,Narasaraopet,271698
c09f555d-e132-4925-b45c-d6693fd2461f,Karawal Nagar,611586
a8bebf3e-22b1-460d-8f23-d3bfeff213a5,Hazaribagh,119976
0946fa38-bb28-4b6b-8368-64c599e46ca4,Raurkela Industrial Township,326170
d1a7e1b1-01f5-4f29-ad02-0fcd40a2532c,Bhopal,835345
fd54b221-dfb9-452c-9de6-b2baaa0688db,Giridih,657285
551fc001-2208-42e3-82af-35b1f58bce11,Bharatpur,399824
0b412135-c6eb-4c6e-80b0-8f141308a30d,Munger,217758
cc27edf1-a944-4954-adbc-686671b460d3,Jabalpur,846687
8ecc12ff-5531-4af0-9257-0f0c32ce7274,Kolkata,028532
a575935f-75e0-48a6-ac83-87c77b0478e3,Mangalore,669834
cc953feb-cab9-455e-847d-c57590ddd930,Coimbatore,025285
c4045834-c6f2-413e-a02d-fc16990cc699,Purnia,308730
932bebf1-f927-4771-a48f-229e8049a535,Cuttack,738277
e9c77713-026d-4185-a49d-3a4c0bf06c14,Sirsa,184252
0d1225a9-5b63-4fb8-bb46-f8d76b85ddf5,Dibrugarh,309007
4cac4de7-aa38-4b1b-a1a2-e647f523ed32,Ulhasnagar,024234
a2c606d3-8407-451b-9ce0-f804e4ddd9db,Unnao,057771
fd18192f-3316-4fec-b330-30d78fe47a7b,Jamshedpur,165965
c01e4acd-8ca3-4092-b6a1-c88fb4d0971d,Sambhal,640996
77dc49ac-1f26-402b-b86d-734abe559dc1,Jammu,400952
fb374a89-5fa9-4f94-abdd-6883824b2ba1,Ichalkaranji,653793
9a2f234d-b081-442d-8aa6-f713d4d7702c,Warangal,914390
ec666ac9-54fb-4553-abc0-92aca9c96788,Jaipur,473601
c73e06ed-f116-41cb-abef-42458462b5c0,Kumbakonam,150101
00bdc4c7-46bc-4b24-8db3-0114d094f825,Saharanpur,008026
3c50b225-21eb-41af-a7dd-1a9952860450,Karaikudi,475978
152d5642-964d-438d-80d3-d9746db1727b,Muzaffarnagar,488357
e3d978c2-aa95-4c3b-b962-5a34317a5a91,Ghaziabad,149679
9ec07833-cb48-436f-bf47-1ec190d93e4c,Nizamabad,386643
5addefae-0737-441a-88a5-f1fc8af0ca70,Lucknow,172665
66711eba-7d44-4bcb-9779-49f5e9d84f80,Kadapa,468549
163e53eb-2abc-473e-a9d2-42f4d7b29a5b,Panchkula,400020
e4c05808-2543-4fbb-b7ff-f2c1060c4049,Dhanbad,460519
d1c90498-d355-42b4-be94-692def780de1,Karaikudi,432716
444ed4c1-047c-4960-b12c-f23a47947ce1,Howrah,356369
beae7db1-829d-45f8-8471-63ef58aae2d9,Ahmedabad,000908
6123397d-0d6f-45bf-a8a7-f033b89012c9,Amritsar,810480
05d03ddc-3b01-4048-b0d7-d7c4a135f3c5,Hajipur,541589
a33c6826-4428-44d5-b3de-ff3291b48caf,Dhanbad,043766
384cac8d-09c0-484e-b740-1d8a1f7a9836,Latur,628081
1a680bd2-7db1-42e8-ae52-9d439c40eee1,Durgapur,815947
61d5d19a-aaa3-4c94-a944-2083aa1ee342,Berhampore,531105
eb351dea-c0d1-4df9-a149-04da333f4ea5,Sambalpur,967397
94c0bc31-c4ed-4d66-84d7-dddda3dc5e31,Kolhapur,891426
9b176050-d5ec-486b-89aa-c639027f83fa,Bhalswa Jahangir Pur,501676
e5c14121-4996-46e2-889d-155058cc7413,Navi Mumbai,762883
322e85bd-d372-4355-a699-79447d8e0f71,Noida,885016
b9adc02b-556a-494c-bee4-6341f3b0af8c,Jaunpur,292266
e2927a82-248d-4656-91e2-cf78ed87a0ac,Raiganj,937616
e16e0a6a-7f1b-4724-9cd7-c451dbcb00ed,Gulbarga,898907
05bca922-56ad-4c7d-b454-a1caa78e82d2,Amaravati,598125
6bb60dfc-fd2c-45c7-83f3-fe131fa56495,Morena,726597
cc154261-9714-44d0-a8cb-c23028c72d4c,Sagar,838580
23dbf604-194a-4921-be88-8522b223aa55,Ludhiana,417165
e0f00177-3913-4cf6-a1be-ebc080dec4f1,Suryapet,912956
a6b8d759-1ce3-4135-b28a-6774bffcedad,Tiruchirappalli,114860
ea30f057-6692-42f8-8e63-a7fa7affac2f,Karimnagar,092449
c5c1ce41-e798-4709-87af-5c21dc287f0a,Nagaon,875703
d87fcc44-962f-4e7d-b867-54a386f49bb6,Ajmer,011250
e7b299e7-abee-4c03-9318-d75ae37fe07d,Guna,074290
878a3b96-8616-4ab6-82ce-d16954117732,Ghaziabad,222336
9cc5d88b-174b-4e42-a368-287af7e45cd0,Kochi,620073
677140ff-e9cd-447d-98a6-212df62bea43,Bhavnagar,266249
e0081e0c-afb2-4a7e-93de-3ea8af5ebdb3,Bharatpur,740571
7597d972-2056-4dc8-b0ce-13bbff381276,Farrukhabad,956740
e8d5ffc3-5563-4d4e-83d8-b5df69d3c372,Hosur,354453
3bb5307a-0be3-4901-9698-9994d3579af3,Bathinda,466886
0e7df87d-b20f-4ee9-b705-0fcfcfc7977b,Kottayam,483483
b7cbbeaf-5107-4b18-8634-b9c58f21d04e,Motihari,267366
09c14b28-7aa3-461a-ad1b-ce47ef2e645a,Kadapa,320775
aad9e2a5-15bd-4474-9d42-47e44fc2518c,Kolkata,326983
892afa63-ffba-4058-ab62-b7f072acc339,Dewas,695805
6a113721-851d-4e43-be22-fc887342433d,Farrukhabad,050928
e7875239-2588-465b-b2eb-964e797df392,Rewa,200734
02238325-168a-4779-b64b-aead4ec7de53,Madanapalle,907737
6e69a462-dd66-4ad7-8a59-7c3908b628a1,Gudivada,450380
f63207e0-ba98-4461-ba85-7f6797706275,Bidar,585150
4e932864-31ac-4c73-9cc1-f4dbf0c07af4,Kolkata,502814
2355f43f-9a32-45e9-9a0b-7d4c8b5c79b4,Tiruvottiyur,127943
f43ea0e4-bdd8-4506-960d-6b2de1815af3,Pallavaram,311123
5eb40a83-86e3-4b49-8bff-f60e723250fb,Ramgarh,426527
6ee5cb07-32c1-4857-8b21-9eadcaa4b17e,Jalgaon,625108
fd8d2197-f8c7-4cfe-bddc-f8680c798818,Shimla,838554
daedf6c2-e513-4d97-9e89-69cd6aa9a17c,Jodhpur,609193
a5a7e3f8-7ff8-4292-a968-fc8d8134d5ed,Bareilly,745553
3291510b-869a-4803-94ce-6bac00fb0ee0,Patna,272816
2852c68b-2eab-43e7-9611-650d9712d744,Kollam,746121
b23dbd20-bd2a-4eed-af56-bdd94e350898,Fatehpur,626412
c4d29db7-9ae3-4e18-a72b-55e0d46a0493,Bhopal,818762
1d3febcf-e351-48cc-b1b6-7399a280856a,Giridih,693196
20a5d521-2d71-4c5d-bc2c-f9e44a99ff15,Jaipur,995167
da1b124a-f5ba-45ba-8a0e-a328a4640afd,Bijapur,059982
a32cb426-c3f4-4801-85ce-72059b2812b3,Gurgaon,312343
d1183d47-fc83-4d33-b9f4-66f65e666e31,Aizawl,142025
08fac5a4-e15f-4c0a-acde-f1d0b34232a6,Rewa,502823
d9afb1cb-1b5a-42e3-aba9-213b4a287ca4,Shahjahanpur,275576
25bc3c04-ecee-4155-866b-fc138c53bc08,Udaipur,154904
1eb8c46b-257a-4ad2-b3ab-7438ae55b554,Jammu,834369
c311684d-8c35-4687-88dd-f10988ec1ee6,Kamarhati,029771
a99d9e3d-9abb-4dff-833a-ea78674a4edc,Pondicherry,629179
12822e85-05bf-4199-9fd1-6d36d9d699ee,Pali,173281
b9e00892-77e1-4996-a4e4-012218bbf06e,Ajmer,087392
0bb817de-51bf-4c27-b54f-421b5163cca9,Navi Mumbai,691573
dc7d2dd0-3004-4985-aa2d-9b3abf5477cf,Raebareli,105298
c53f043f-8f7b-46e9-9dd6-b5df461ef011,Morbi,745991
28636453-3d3f-4975-a32d-37c47eae2d8b,Thiruvananthapuram,445002
a8bc1bca-dd9b-45b3-a29c-17aa4aa819f9,Mira-Bhayandar,838789
c03f5028-5811-4dcb-bf3b-b7136c09dc86,Kakinada,502958
2043ebf1-dc1b-4029-bd7d-3c14d65c2be9,Bidhannagar,030409
ae5caff4-c8bc-4700-a531-9a6561f5a7be,Darbhanga,754182
905825a5-6aec-4422-9678-c848f9d208c3,Khandwa,013827
5864473c-b5c2-4967-88bf-6d1bdad02456,Madurai,513346
17900f74-9b18-4012-9a70-dc256ab40050,Salem,220138
7d724ce6-ef5d-45dd-9978-adab4e208b2f,Mirzapur,208316
1b95ab49-78c2-432f-9e31-2b77a6c0ac5a,Bulandshahr,603891
d9137a56-10e9-4781-b568-474ca6f13c6f,Sambalpur,907894
a6f3bd08-354d-4fb3-b813-52dd6b71c954,Haldia,200052
bcbe949b-25a2-43bd-b6f7-47584b875b10,Bardhaman,070716
c5f8fb55-cf31-4121-9581-1f7897b984a8,Agartala,089512
bc215a5c-4da2-4908-a83b-3b8ba2d1287c,Berhampore,851191
0fa9737e-dc6d-4a5d-9049-8d0da0d740fd,Avadi,456972
f82eac51-58c7-4ea2-a2de-732b1d893b09,Hapur,619276
b476393b-e92f-4b94-871c-3d1c383b7572,Vijayawada,771886
3921ea82-f6ed-42e9-a649-9ada92abc930,Khandwa,956126
fe32277a-b0ad-4289-b905-b40ce5c46854,Gandhidham,055737
318e8db8-90f6-4122-a750-d9013bb45128,Thiruvananthapuram,402234
a65223ac-74cf-440c-8b66-39059747fe00,Coimbatore,466276
580da153-761a-41c3-917a-462bacff6991,Bellary,411761
3e44b210-7b51-4fd0-a77c-9b1c184dd473,Akola,524831
a0197243-1b2b-4540-9507-bdbef13817b8,Katihar,364704
eec64acb-48b2-49fd-aa14-3552ace9f882,Satara,896987
dedb210b-a725-4c97-aeeb-314efee8c75e,Thrissur,883004
9527c906-7be0-4fef-9cb0-fbb981322fe4,Morbi,631592
c7680d31-12bd-4239-9794-0909cf30f090,Hindupur,270659
441e105d-e552-492c-bea8-cbdce23ec563,Parbhani,040629
3251f3f6-4814-4ba8-a455-036de8d46b67,Jodhpur,228247
2cabfb76-59da-4f0f-be0e-e48f001165a5,Kadapa,018179
564977d7-ab62-4fde-8ea8-ced45346d0db,Meerut,578984
485b32d0-22da-4c53-b7d9-96c59904d8d1,Anantapuram,990522
0a736ae7-9c0e-4b78-819c-6ee2cb9f726a,Pallavaram,148656
0eb7ed0f-936c-45b8-bc2c-088697d7a444,Hazaribagh,898106
96dd09ef-5800-49eb-9e20-3682129c6ba0,Kumbakonam,563163
836f18b2-0ce7-4981-994c-f49d6dbf1fc4,Gulbarga,557261
d8bccba7-68c7-4d50-9d66-312203a239ae,Kavali,963788
10d7dee4-1ce9-4119-8fcf-ff6fe691528e,Hubli–Dharwad,899906
b894a339-2342-4060-9870-8d547c174380,Nashik,307167
72551960-475e-461f-93c6-79fefffb13ee,Maheshtala,163361
f2eb21dc-4236-4684-9480-964e865c08b4,Solapur,985490
db43ad20-c964-4c14-8554-bea6649eff77,Tirupati,372954
10ad113c-af89-493a-9ff5-ee2caf9d1677,Hazaribagh,835639
9ab58e4b-6251-4a8e-86a1-7b4cabca031b,Jamnagar,439225
e16d6c18-9100-48a6-b90f-e1be319c254a,Aligarh,419258
197f3f62-e47e-41f3-ad85-742693f152f7,Rohtak,621236
3cad4451-7f4f-466d-bc9d-ba12aeb0f182,Bhilai,399454
a00bc58f-4a2f-4e08-8a50-2c6dc626efac,Dhule,531563
72640abc-e5bd-4927-b286-67dfc1679085,Madanapalle,079685
986e7a78-fa35-430d-b417-af01bb30c235,Dharmavaram,459872
7f776b2f-723f-425c-aa89-421d8aff2d48,Patna,177351
ca9bcd46-f646-475e-9868-527947ade7d7,Rewa,133973
8f894424-9ea7-488d-b5fc-adb542b16e61,Bidhannagar,721734
81e43fb8-1497-412a-9150-de749fa05a05,Bokaro,222419
aa9a4d7e-840b-446d-9568-3953f33fb64d,Ghaziabad,323654
a4f6c42c-f498-4ea4-9130-84403c283a2d,Bareilly,444248
78c83a92-af55-4a95-a37b-6fa3ca986ba6,Bhatpara,243509
7e1a6345-3712-4d91-b223-5df023eb4adb,Bahraich,511861
1ea1ff40-f933-4513-a05b-7c85d4b202a4,Erode,099414
2064b5ec-16a8-412f-bd19-71a4d11cb6b5,Etawah,989137
f09b8bc1-c413-482e-85bf-782e94aaa548,Imphal,245190
574ee6c9-27dd-4004-a72f-cd2f958263be,Kharagpur,103565
bbd2ce25-4a8a-4c0e-8fdd-2e9aec447f3f,Bokaro,023766
78d71977-1595-40f3-abb8-31e29ce3ec16,Ballia,922953
117243e8-6796-492f-85db-66aae3901328,Siwan,194118
b5e9f69d-178b-4536-be91-315760ed9bcf,Narasaraopet,934242
695057e5-90b0-4729-bb95-6079bd769c93,Delhi,628346
56914d33-603f-4ffe-8d42-2209ba68219e,Panihati,889334
4b1bdf57-c19e-41d3-ab7c-29d52a919f49,Chittoor,186694
601ffbf7-d1b2-4bb2-9566-c310944a3ad3,Guna,542438
192febbb-ee0a-4ac3-8c8b-27468eea7ec9,Yamunanagar,855074
18bf4774-070f-44e2-ab50-4e3eea7f2666,Mau,952889
c012991c-1d7e-4c2b-a38e-4cd28a6a1f1c,Narasaraopet,703969
69bbfff4-300a-40bc-b4c5-66f65772b877,Anantapuram,359176
d2b041b0-4db0-4448-86b9-ad83cf69f0c0,Varanasi,718830
0455efc1-89ed-4b3d-bc75-1a424e4a403a,Guntakal,428873
7abce828-a6f9-447e-bc1b-f6bc2417df07,Anantapuram,686679
daff2d3c-0745-4bc6-8063-1780b61cd311,Sirsa,617069
5e5a749e-ebfb-4886-bdcb-fcfc5fa7348d,Guwahati,971103
ba4c0328-1d4f-474f-bedc-1b574fc49fcd,Sultan Pur Majra,567566
ba2dce72-cd4e-43d6-b945-bd6212c0e228,Mumbai,188601
dc139f96-eb21-437f-ab89-12beeaceb33f,Pallavaram,492343
240bd3d0-5f29-4617-a752-aaea8d3a422b,Phagwara,985045
c1519354-6ddd-49e8-88ef-38a35779cec0,Thanjavur,693754
f3ec167f-3a9f-4c31-9985-3dc66b9a4958,Bhavnagar,286178
38588007-d5a9-4e6c-a8e6-75b3a61da044,Bathinda,140250
0e45fc8c-54e6-4c90-9837-7b6b0f709152,Siwan,762648
d0f4646e-acbb-4d2e-9a52-849f25145a9b,Bulandshahr,849368
8fa4302b-9809-49e7-8be1-2fb8f8093321,Kharagpur,585301
e65193a8-8555-4dc6-b86b-00e2f50375df,Vijayawada,789695
e995ef5f-c90c-4040-8746-756347461237,Phagwara,048527
a43ef961-95f9-40f3-b8d7-27ff3bf3f384,Etawah,703656
2cb1df2f-bbf4-44de-8e84-d6eb8ab72e06,Faridabad,634443
ea00abb6-a19a-47a4-8082-3b30c6900651,Sambhal,331812
ddd64560-360d-4999-9cd9-1aff2352de11,Korba,761707
94946308-bedd-4216-95a8-54cfa7212068,Amravati,445776
e92ac6ab-b3bf-4b51-84f1-0168076bb991,Haridwar,636785
597fd208-52e7-4160-a160-fb6fbec85b70,Danapur,747594
6df66ffe-ba50-46f5-858f-16825bfb56c4,Mathura,852953
0af3604b-0fff-4db4-9de5-1edf87c41106,Jaunpur,037676
257c602d-beb3-4958-9411-d45e3b5e0ea0,Ichalkaranji,420767
262499e9-9c5b-40bc-8832-373642a5447a,Jodhpur,975341
bd5b26e9-744e-4506-b6fa-f6565ace96c2,Ratlam,330990
cdaede99-b7f1-4e94-849a-02ae5c550647,Ranchi,065658
1120f93e-7738-4a49-8fb5-e0608f2ffe29,New Delhi,453856
1bd43f42-2416-498e-a8aa-485acbae2615,Sambalpur,232660
7e4f8875-8b59-46f9-9fd9-bfa9468a811f,Vadodara,709110
49a5841c-d41d-451c-a450-14693717687b,Aizawl,611998
56ac561e-c84f-47a0-9ca8-9286a0cb0118,Satara,181583
f68d766e-8fd6-44a6-83af-57a16e531b94,Bally,614477
e3fb7948-5a39-4744-b27c-023c311c2168,Tiruchirappalli,870479
90c15248-4b6b-4c34-9488-14ffdfd8213a,Silchar,829052
82590bf0-6287-4e52-a071-23dbd4044c30,Sambhal,995089
0773a2cb-2564-40d1-a909-ef17684b5731,Bally,330292
6effe101-af63-4995-a7c0-dba35bdff291,Bhusawal,054739
79655865-74e4-4de5-9dcd-9516b9d0a42e,Akola,140513
e90f7900-74a8-4130-87ea-a8a46e1ec666,Katihar,604747
9a7adbc8-f383-4b59-80cc-09d4dd49c99e,Kakinada,478524
51d8e82f-ea86-41a4-af37-e3a3f6581a5f,Dewas,203594
30480f1b-1e9a-4036-a903-42d557a0892a,Kota,238735
9358001d-deab-4502-9e34-fc6603c7a14e,Siwan,647741
5c220481-a524-4a27-9143-33c036433503,Mysore,518302
b38327c8-89aa-48ab-9a98-5e6617acf4f8,Kottayam,346581
3d7751b1-ca72-402d-a12f-0c68800e4f46,Bhagalpur,217895
d3b8e8ac-74f3-47e5-a3a1-88abef52dba5,Udupi,984128
c862ec5d-d33c-400e-8fbc-b42d6f56280a,Bathinda,816759
db485aff-534c-45f6-95e9-065a9fc5c010,Thrissur,193489
53dd4b6f-ee3a-4ee0-af4a-abcb36419505,Motihari,038146
094bf77d-38f0-43c5-a295-701c5daca5c9,Rampur,924219
731939e7-c650-4787-a56d-821fa95adc1c,Ramgarh,309121
4d8e372a-dd1a-423a-acd1-1c889b69b033,Bhatpara,341146
99e33301-338b-421b-af05-e6311b76d37c,Thiruvananthapuram,155530
8394828d-ab74-4a6c-9b42-aaacc3750daf,Pondicherry,030440
33bbba93-7e4c-4633-a83a-734268f90dcc,Gandhidham,109659
17674c3d-3678-4760-85c1-b20ca327676d,Satara,766345
091d3967-5b62-4c42-bc60-15cef426e24f,Jamshedpur,991269
7847ac26-0358-4818-aa52-a8afd698e8e5,Mau,064191
6a54625f-996a-4e5c-8219-3e175d6bb413,Gurgaon,669100
baffd5b2-6ed9-4862-9794-2cdc42e8be95,Kozhikode,216826
144efe56-d2f8-4448-9007-e0e222eba8cf,Saharanpur,756269
46e70ca4-4dad-4721-b32a-0ae0555ab189,Ulhasnagar,834791
975a30f7-1077-4ea1-a052-cc69d0b2d507,Hyderabad,932572
168d0660-e38f-45a5-ab1d-73a2cbc3c167,Suryapet,032200
b3f78cf4-bd7a-4fba-9ec2-76c51b6382cb,Shimoga,972438
412aeb53-518b-454b-ab10-8213f24ffe28,Bhilai,951452
3ab9916d-776e-402d-8094-e08ced6d7913,Bathinda,286060
b07817c3-d10f-4668-98a6-8d1e4f6f3f0c,Suryapet,224065
439e07e4-c1e4-44ac-87f5-1b2fdcc873ad,Morena,769509
895bc48c-9bc7-4e5d-8801-58a565652dca,Bardhaman,898566
5571dfdc-bc7d-4caa-aa06-6e1ab4f2c4ab,Kurnool,165562
8a15c8fc-32a4-49ad-8821-f4b76a6ba6f0,Kottayam,888765
a90a53c7-1dee-4c79-aa7d-8853f58b4c2f,Srikakulam,136062
bd8e2e06-db82-4022-aa19-2cdcf91e97e2,Gudivada,113860
462f4cbc-ea48-41e2-be47-4ef615cac51a,Ongole,719903
151924ba-062b-4c42-802b-badfaf273660,Dhule,148953
d867e884-19b2-4b94-a8ed-3bc86f225914,Jehanabad,419147
a749f4f5-f062-43bc-b1b2-269c41a2e617,Mirzapur,472839
dfd95444-d838-4cc7-af24-f1f20e1f0055,Tiruchirappalli,730953
106d50e5-c246-4752-b204-81199dbbc0b9,Singrauli,084886
e853c88f-ae6f-4a61-888c-1b8232d26ee3,Bathinda,292582
547546c7-dfc0-44fd-943e-9c34aece051d,Hajipur,801832
818c5885-ae08-45dd-b1b9-9bab2738323c,Dindigul,068856
7b755e08-3e57-4122-8df6-ac59d1423782,Bhusawal,678096
6ea28469-35e4-4045-8834-7accf2e707ce,North Dumdum,744959
38a6c249-fe11-49a0-a3f2-145e00fbc1d7,Thanjavur,135317
95332e06-6a64-4efe-9b95-f34772fe94d5,Hapur,928974
42058416-6492-456b-83ab-4e230b2d18f8,Bally,148626
f50744b3-b282-49ce-9b7c-a4df08420afd,North Dumdum,199764
345cef8b-2692-47ab-9e55-22dc75096971,Rajahmundry,965515
2550e9fc-2a7c-49a2-9f77-7664b33b8ea3,Bijapur,967896
6439113f-1e5b-4852-81a5-e95796bd3a87,Bangalore,935820
c8c53822-94d0-4409-a936-e82ce6b46024,Tenali,015972
259d34ab-8ae2-4f10-a8fd-a9fb0925bb08,Parbhani,284834
1d9d886f-1d79-491e-9b1c-7fdb30d68f1d,Nangloi Jat,680984
39294747-dd04-4543-bf8c-e12669dfb470,Dhanbad,804033
e32463fb-4cbb-4081-9822-2a0983ea6e77,Begusarai,153735
460d24ff-13ec-4ebe-95a3-b6b9b4f16787,Silchar,155446
955a1dbc-b26b-443a-a872-489b15213bcf,Hapur,926096
2ef2638d-d8f8-429e-957f-4bf93b30dfa0,Shimoga,272053
ffc975ba-0033-42e0-ac24-57d695a0dfe1,Dewas,192856
67f9dfda-530a-4696-83f2-9aba54e2edb6,Jamnagar,021553
247d4c69-166f-41f6-a579-850a9f837a1f,Jaipur,755821
04b6b95b-6306-42c7-bdbb-9e8b823fc678,Kharagpur,643956
5786d363-74d5-45f4-98be-f249553badb4,Anand,460789
6f51600a-7580-442c-b0ec-3ca3ead8d9ca,Ongole,199198
fef0d0c0-10e8-46e5-a3ad-1fe3e96d977b,Sirsa,551294
3ead3ddd-5628-497b-b2e6-22044cb9f171,Jalandhar,925316
05b8c715-94d1-4f19-8d4f-c3e713109ea8,Udupi,838597
4b45342b-de55-403f-b5dc-b7fcd6667f65,Gandhidham,656590
ad4810e7-e961-4e16-aaf0-9d54d9fcb513,Surat,549434
0685807b-51ce-4bd1-b057-f7ae40a57073,Bhiwani,715692
41ffaf32-f362-4b5f-a994-08d97ac02bdb,Delhi,907634
bdb4fe72-b67c-4cb4-abe3-ecc0e16478ed,Sri Ganganagar,597710
3d24725b-4eca-4c26-b3cc-b34c313896ae,Bhubaneswar,547734
918d6324-63b6-4c94-a89b-2bc25fad6d1f,New Delhi,487225
83169f53-09a0-4f48-be51-d9e092ebef1a,Bhind,641354
f5b45546-a0fa-44b1-9246-487be0b91682,Tirupati,685573
321a0b65-6205-4eef-b0f8-a4637e57db60,Saharanpur,285558
e1abd21a-bd4c-432b-a6d4-f449ba706f18,Ballia,794758
83159a85-d1fb-4b86-ac26-97be3e2c4794,Alappuzha,028413
76e70297-7759-45d5-a4ad-61620b5afc0d,Rourkela,347040
39c96bb2-3716-4908-99df-502fa45c169c,Kota,697147
0b5f8ea2-9cd1-49bd-8de4-b41b95787e9f,Sambalpur,185595
6cd2327c-a947-4d04-ad52-57a4e7906b6e,Kadapa,745601
5181f724-fa5f-4c6d-9273-d75fbc16fac8,Indore,961017
33fbe078-995a-4479-b49b-d7a27622d821,Tadepalligudem,017067
65bfac12-99cf-4a70-b997-506e17d9c038,Ramgarh,786928
afed5364-ef5e-4be9-bb65-0ca1287814a3,Satara,621593
b79d44b1-9024-4d1a-b7d8-ca680f952bf9,Raiganj,353673
fa17aa5a-f1a6-422a-a1bb-d23023f772fb,Raurkela Industrial Township,070722
260281fe-d9d3-45c7-a989-95fd8106ad9a,Gopalpur,335139
da71dcbe-cf1d-4bf9-8601-5dea46ac6213,Aurangabad,309742
9de9996b-9778-419f-a2e3-2dbc665e741d,Tirupati,663579
bb4868dd-5d65-475b-8a36-4132cde78418,Mango,480300
1822a328-9d37-4925-82b8-092eae135720,Ambattur,658260
9e8658b2-409f-498f-aa80-ff2d4a7a63c8,Tiruvottiyur,637941
b5e697f1-c1dc-41d3-b47d-6b31b2cfec9e,Guna,691122
44565d70-dd7f-434d-bbca-6814705fc46b,Rourkela,425261
e61ba21e-0f21-4032-b17c-9b9908a43ffc,Bhimavaram,892594
9590613f-044e-4546-af58-a27c5311c06f,Imphal,446532
ece1f866-8c90-42b5-98e5-78e9c0e2f783,Ratlam,411818
d0b689b4-79f0-4cde-b3d4-b51fa62194ca,Guwahati,673805
0b8e1190-82ed-42aa-8fe8-8e1961cf0ddb,Howrah,881937
3fb9e61c-b632-4aef-829f-59029858e853,Anand,184714
628d829b-42e2-4d0e-adc9-de76b54ebb00,Guntur,014833
20538577-02d9-41b3-9287-2751efea53d0,North Dumdum,011272
744fb41c-c1ee-440c-8cce-cfec9b549be8,Pali,308764
91691832-c530-47a4-9088-bde35e03d7c1,Karawal Nagar,906761
3ef2c90c-27f0-494a-88d4-8a8e0aea851d,Kirari Suleman Nagar,295076
51531b1e-5c7f-4e2b-95bb-2265b89a542f,Amritsar,217204
99c3cc3f-c659-4bc6-bb81-31cfbf2bbd8e,Kishanganj,418693
77749e14-002a-4855-83e5-89c1906459cb,Kamarhati,645649
d8c1cdd4-95ad-477e-a2ba-5c35542fe4b7,Bhind,199160
d4ef1eb0-6780-412d-81df-c22aafd31417,Ahmednagar,649097
1e5e1abb-94c9-429e-8f62-e370dc4fabd6,Berhampur,251970
4dffbb4a-34e8-46d8-98ec-c3c515dc3115,Suryapet,589136
7e91e647-4b17-4881-be0c-926c52074f36,Adoni,707421
5811bb89-446d-4f97-abbe-a80efd26da0b,Shahjahanpur,936252
bcb9f11c-ff79-441d-837b-f688632f7d60,Delhi,216908
5d296e31-28b9-4d7f-a03b-1c817f63eddb,Ambarnath,802933
01b9777a-fb97-430a-a880-3a6262098e90,Bongaigaon,843910
dc852631-0cca-4057-8e7e-ccdb9eded9e1,Mirzapur,351745
07ac8de0-560f-4f00-84ee-288c26ace143,Burhanpur,510214
d9f96fb7-7e60-446c-8baf-aa379f127653,Hubli–Dharwad,833195
867ca66e-273b-4ef1-934b-d2cf9f29a045,Anand,990359
b86896f8-715c-4ca3-83a5-300f10184a81,Salem,717030
c795aa25-e10d-46f5-9a5a-50a2d3b6629d,Bulandshahr,094124
13839a19-40b0-470c-9fc1-a0edc96f132b,Kolkata,164838
2d1d54b3-caa9-4335-abdf-546f2b732e8e,Dhule,768418
e7c5baae-79f4-4f58-b4c4-0e851d7f6853,Sambhal,760064
afac3fa1-4272-46c8-9982-4ddfbd319262,Tirupati,973173
80cb9156-de71-4a8e-bd76-1cd022a5b9db,Ambattur,249675
2c55a0c3-a4af-473a-809b-d8c378bbb4dd,Bilaspur,104848
6eb2a581-cebd-43e8-a550-934307c27b39,Dharmavaram,731815
f0a37830-57bb-4631-8f7b-3d88bed6691c,Jaipur,427079
f0d55b42-77f1-453d-9a3f-bc909fdacfe5,Adoni,761110
c9b6dd85-6a81-4038-9796-fc5237e67d4c,Ramgarh,647545
2f9c5d99-6495-4787-8e63-c7654c9d49db,Mau,289722
7b515c3a-0347-4845-ac1c-0d1b99e90cdb,Gangtok,485403
1892e531-2431-4f64-b706-340c731aca3f,Narasaraopet,685606
0ae88931-ed37-41b5-a732-20828872d0e6,Gudivada,613826
9b58273a-8e14-4d04-a76f-4ed8e927e7f6,Visakhapatnam,777957
ee09dcaf-396c-4a47-9568-1af1802021ff,Tiruppur,263779
a4f07a81-15e8-43cd-b9f9-e2719fd4ab86,Raiganj,107351
2e3275cf-afc2-4a3f-ac84-b6c5107959df,Begusarai,220682
2f2ed335-d555-4c16-b997-ee7101e3385d,Panihati,333023
6293ff32-0142-40df-8968-297ef72e91e0,Nizamabad,606069
761e5bc8-24e7-4e4e-99a6-c22abcd24f60,Ambattur,695235
4c4f01c3-a15f-4e66-b5c5-bafc58a5ccba,Siwan,529412
a15566ba-f56b-4f98-a9e6-b91df372080a,Latur,006448
0b68f41e-f7c5-4f1e-831b-0b2509195e70,Tumkur,531198
a3e3dbfd-8291-41a0-b7f1-6cf0202b7b38,Bardhaman,554280
