customer_id,device_id
42fb79cb-73b9-4b3d-ba6a-b2d2964e88a0,5683e508-b3a5-4fc2-af4a-bb50f60724fb
64ec232c-75bb-4fe4-a9d4-b6d866d6eaf0,5683e508-b3a5-4fc2-af4a-bb50f60724fb
efd554a1-de46-4e42-a60a-8a8fcfb54896,d78357bd-8699-43cf-ba05-99e7da884375
54f6c235-da04-4003-9c4a-255fa8a19e73,d78357bd-8699-43cf-ba05-99e7da884375
3a60368b-26a7-4dc2-9693-a7f3b5d187ef,6b9a4108-c57e-42b1-909e-09fc82837ee9
fec64a14-572d-4db6-9206-5ba249888f10,6b9a4108-c57e-42b1-909e-09fc82837ee9
80f3925f-5b58-4833-a09c-b6ebe5e4977c,54d89e06-b1c8-4faf-9b04-20f767deef21
53a0c9fd-882d-46f0-8f2e-7ecf66f3420e,54d89e06-b1c8-4faf-9b04-20f767deef21
b1f00d97-2ee5-4206-ac41-e8a434bb3eb8,ba661ae0-35f2-411d-8416-56b65e8ca81c
aa43a61b-40ec-4a24-a66d-a47b3224add4,ba661ae0-35f2-411d-8416-56b65e8ca81c
d3af3ce1-be12-4e32-90ca-933adb25fa05,b200dd6d-a8c3-4755-ac48-31256635d7de
9adf9e3f-4b16-446c-9ee6-1ad72edac370,b200dd6d-a8c3-4755-ac48-31256635d7de
1704880e-e84f-472a-af44-908ce8e35a3e,5bbddd22-b516-42fd-b64e-0f2199e8ba00
c5fa66ee-67f5-4b83-b81e-cbabe0862c54,5bbddd22-b516-42fd-b64e-0f2199e8ba00
99a2c5e2-310b-4e52-aeff-abbc2c13aece,d303308b-2947-4f62-80f7-ccf9c6debfd5
6a41db52-0b60-4b18-ba3a-75de29c4535b,d303308b-2947-4f62-80f7-ccf9c6debfd5
d76fa90e-1d69-4e80-b8ce-f7c2c77837d1,e5c9911d-10b1-4d1b-894c-49e010d1bfb9
12def42d-ce10-47fc-9ad6-5e1d1c97d1cf,e5c9911d-10b1-4d1b-894c-49e010d1bfb9
ff1f0c52-cbb1-4b48-aec8-26c4f657f73e,96a6bdea-11ee-4ffb-ab22-29c185dc433f
5743504f-6574-48dd-88b4-b9504dcb2d1e,96a6bdea-11ee-4ffb-ab22-29c185dc433f
fde9535e-6c2e-41f9-9b28-ab604b28a4a0,dd6a5fb7-8c9d-4509-b013-6459d6c627b5
b97d88e9-c058-4ed4-bf84-02057970b70b,dd6a5fb7-8c9d-4509-b013-6459d6c627b5
5cb39c91-44c0-4301-a7d7-c7fdca38d396,2dcb2bc3-9f39-47f3-b190-15f25584528b
e3a90502-c801-41c2-8794-40824e29013c,2dcb2bc3-9f39-47f3-b190-15f25584528b
f2246c6e-1925-4579-9d28-9ab9d3c0827a,4e8fe6bb-048c-4d4b-ae11-00cbc045f113
278ad616-ca7b-4afc-91b7-e4b966ff1588,4e8fe6bb-048c-4d4b-ae11-00cbc045f113
1388891a-7df0-455a-bbbc-ea98f7f137aa,5c92831d-ff3c-4f36-bec7-0cb822212d3f
a235eec3-7eb8-4056-89ea-20fa033a6c5c,5c92831d-ff3c-4f36-bec7-0cb822212d3f
642225de-6a0f-4b36-9bb3-d89d764f260b,b106d879-858c-41e2-a7a6-c28b73e4585e
2800b54e-77f0-4e02-aca2-da8785a143d5,b106d879-858c-41e2-a7a6-c28b73e4585e
aa27dd76-d7e2-47bc-9cc9-6b4880a835d5,02a55ab3-cde3-4a8c-b7d9-d0241bd3c13c
08c88406-8002-4454-bdae-bd7f0cd577a9,02a55ab3-cde3-4a8c-b7d9-d0241bd3c13c
25db12e0-7a12-4f7d-8cc9-8833098e7f49,8c98ca60-12c5-40dd-a05a-699bacf4a70d
6abcfe5e-4bfb-4dea-b0ec-a490811f5163,8c98ca60-12c5-40dd-a05a-699bacf4a70d
3e0a9d4f-33d3-48a6-b609-4fbfc0df7978,0d146b43-4b10-4065-979f-751357a7a5d8
e5258126-0fc9-4129-a7d4-c4b95b0293f9,1614aa32-4580-45bb-aa10-3e12f3f909f4
d0505f8a-7eab-43d5-a299-2dfe1ef97235,ea7f2bee-481c-4703-90ee-a1cf09e6a09b
6a37726e-a99f-4f7b-a0f2-e1bafc2d3e0b,ea7f2bee-481c-4703-90ee-a1cf09e6a09b
9fcf768d-5d18-4f60-9243-39444fcb91f8,6a4c0869-b901-4cea-a9e3-97efb21911a2
9c7880e3-fd24-43f8-8dee-149152d13094,6a4c0869-b901-4cea-a9e3-97efb21911a2
0749c16a-4ee3-44ba-8612-c66510116b4a,cf5cbc2a-6b5d-4d6e-af5b-85bd8dd63bb9
fcdf2fff-fbdf-49b5-8762-147aacc2f0f9,cf5cbc2a-6b5d-4d6e-af5b-85bd8dd63bb9
35bf154b-7e71-4743-b434-614da8e2a4aa,179e01a1-76b6-40cc-98a1-e7267161b1cb
0f9eaa94-8ff9-45dd-ad79-a2891be2c5bf,179e01a1-76b6-40cc-98a1-e7267161b1cb
85f5e1ac-d431-4e9b-82f8-4842c54aacce,1c0a2f0b-d0be-4196-a84c-6ac07df230e7
b5c8e8e6-fd26-420f-ab01-2a2c5e1ce02d,1c0a2f0b-d0be-4196-a84c-6ac07df230e7
4cdf77c4-b8af-4cbf-8a93-4efd8a0ccf33,fa59a1d6-47b4-4750-9763-0a0b572dab36
2438cd20-a6a2-431f-a1c6-87b1c30ac35e,fa59a1d6-47b4-4750-9763-0a0b572dab36
c178aaef-86f6-4e74-818a-2c4d53c428cd,4a435a1d-13aa-4ef2-9374-e3164062ba68
16d099fd-f698-4f5f-8dd6-4c17d035359d,4a435a1d-13aa-4ef2-9374-e3164062ba68
06fda2e3-8e81-4bf8-a52a-cb3ad3341b05,51d5b730-e1fc-4198-9e30-85c521ac653c
7fc17bb0-9335-45df-8d1d-0cabb4e60d44,51d5b730-e1fc-4198-9e30-85c521ac653c
d5c3f082-96fb-4a92-8dbe-8c2978231409,479f52dd-c521-43c2-bf14-42ba9de0c803
cb7b7b60-1c5b-4e6f-a5be-af8b8d18a269,479f52dd-c521-43c2-bf14-42ba9de0c803
b8a30711-acfc-41b3-be35-363332c09e9e,fc4f78a5-92f6-4c55-8e11-bd5f622264f4
92145265-915d-4f06-9437-091b6b7e6061,fc4f78a5-92f6-4c55-8e11-bd5f622264f4
8f03831d-887f-4f27-ab66-3dd674ff1b19,322d1e78-43a7-4652-97e4-d8efc9605be8
8e2cd787-148f-4a86-b673-c6de7de83409,322d1e78-43a7-4652-97e4-d8efc9605be8
40c54c46-356f-430e-93b5-15aa3fd994f7,83440d9b-ee70-4082-9cd0-dc458c54fe3b
f3806f5a-0ada-452e-8b87-5d555f28b7a9,83440d9b-ee70-4082-9cd0-dc458c54fe3b
21f3c493-de5e-4e47-8049-dbb8c1c7522a,5319a072-b037-4dfb-bb92-25ee624f2466
aa2d2acd-db22-4f88-b6c4-041c91614adb,5319a072-b037-4dfb-bb92-25ee624f2466
788a6ace-0d34-486a-ba8f-f6b11e241158,752ffae0-4c04-4316-b86e-697412e4de1a
c28cb37c-12a5-41ae-a3a4-d8fbaa781922,752ffae0-4c04-4316-b86e-697412e4de1a
a4855edb-5d74-45ee-acd8-8b4eb10ca465,ce38d097-cac8-4145-8897-464ec6874ac7
3d7b7c09-ecaa-4c31-b2be-a3fb2332dc8e,ce38d097-cac8-4145-8897-464ec6874ac7
50c13033-01e4-44d2-a9c7-87448cad2e34,2cbdc654-a83d-4404-9ed1-4d3d5c6750fb
ad382d15-4e9a-4c01-98da-e430c74be54d,b2ec4b62-d440-4e8d-970e-4f625f285c6d
4e4af349-f1eb-448c-ba79-6e5fa2d81038,240b659b-2933-4e5a-ad99-415593dc74f1
a13dad88-a931-481a-91e4-7c099f6b8c65,240b659b-2933-4e5a-ad99-415593dc74f1
a43c3307-7838-467a-92d4-60cd452fe663,c3c4e001-c89a-4373-b4b2-38967a50fb56
bec5c143-8c3b-4a30-abd4-14f1d908628f,c3c4e001-c89a-4373-b4b2-38967a50fb56
bc1c6a0e-a35b-4b71-8eab-45cf84f8117c,b64b9a14-c395-4976-a342-8dd5af741c5a
2ae1865b-bdeb-4805-adf3-58201c712fd9,b64b9a14-c395-4976-a342-8dd5af741c5a
8b5d39b1-e364-450f-9f1c-a0701dab26ab,ec31fe25-2c0d-4511-9d98-94ae098b73b4
1d816763-e7f9-43b9-a570-dd2f024cd2ee,2cbdc654-a83d-4404-9ed1-4d3d5c6750fb
5f73087e-dc4f-4b9a-b248-18d26f83f030,91ddd826-b283-4ffd-ac70-5fd6c831c6e5
9b5fa8e7-9177-496e-aa43-18640590a38b,a523214b-cd6a-442a-bf88-b7c910840149
05d485cc-9af2-472a-a8c3-e2d211d66b75,4e84b813-7626-437c-99cc-1ec4c42753ab
5f7574e2-a4c7-4b97-b609-6c7f19e26ef5,eb552b12-2568-4720-9131-d9c897170211
1522f9cd-d555-4c77-bd61-5318002cac24,c4d55d6b-daf1-40c1-b381-6e4720dd2ac0
271260e8-f234-4d15-b60f-87ad8a5ee2f8,77ccaef7-b7c2-459e-880d-e8f058f2be84
0207fc61-364e-4ebc-acf4-db9f9bc39a40,c0a1e562-21de-44ae-a689-06f494c6133b
d9f60896-30f3-4ce7-8271-5db95697c885,3eba66e8-ba6f-45fa-abcf-f3c412d740e5
09a0593c-54ee-4664-a793-6948f5982013,aa6d4e78-c273-4a7a-a237-52cecdd29239
b07bf603-04ba-4620-a4b9-82a4ef494f84,11194361-5018-4bb5-8f39-671ee7c896c4
a0a9163e-0f10-486d-808f-770e69a12cd2,3a987f43-3f3e-49b4-9ce6-8d4ac694c5d6
97e144ed-4af8-4b53-92ff-a6d0d35dcd0a,4c28a3ef-b3cc-46ff-8548-25011a9d49a4
c823655b-7291-42b4-9ea8-b6b0075f4be9,2372003f-e756-464f-bf97-f01d52131717
0adf8067-fdf3-4ab2-a740-7ed4e238081f,8110d829-e213-40ca-9274-b5d2db673dee
39937c5f-1011-41fd-a112-398b3bcb4a34,3699f5c5-2463-4552-b8fd-f39299c1f724
c32a0e10-476d-4586-9124-ace08fd82854,94ebeb02-d0d1-4453-ba20-72d29c70563a
4f8f484c-052b-459a-bdcc-f8b924810aab,920738b4-ca02-415d-b0fd-6f011c27643f
77524365-5093-4c23-ab9a-17b8cb24c4ac,e2c8048e-3e04-49a3-9f58-b28293d9966f
d0215eda-177b-404a-80ab-ec2753652de6,85eea2a3-074b-45da-bd34-0a04fb504aec
c330e329-c45d-4190-a82b-2899a5af222c,91bc49b6-aef3-46df-91b9-ac9dc210ada1
eddb04dc-cd12-4e7e-802d-4bf138a827b7,901abdae-6401-4f8a-8c2a-d7eadffa0ce5
f87a2916-5edb-441b-b629-fb5830c332e7,51df1613-378a-4eae-853e-9a6fc65a5a5f
3e9877cb-53ce-4d17-9048-41bfa5ac8a72,4c5d714e-2e34-4b4f-90a8-5b881900f1c8
8cce8064-7856-46b8-8c68-b3ab75acc06e,83ceb5dd-ae4b-4ea0-8c35-8d30791fa826
6e3cc5c7-e813-4e55-abab-0b72092a565a,85763ec7-c32f-4969-b52c-3982fb550b78
84e1b942-dc42-4dbc-83cb-09af213b6c77,ca72a9df-e0de-408d-95b1-a0c6c4ffc337
5b735fa7-21fd-487f-b726-70974fa73544,8a8ec7ca-76e4-4cc2-a015-50cbaf22c2a7
585b6926-8524-4724-acc6-259e2931eb4f,1808861f-8514-4de8-a3e4-0d69477d7b85
ca09bf2c-7087-4ebd-a701-ba8a1709d7f2,5857ac8b-e483-44bc-b881-8b8823cb49dd
01c391ab-9ee3-4545-8b72-96ccc7379b63,23d29de7-16ed-43b0-9ff8-df2fb2f2194b
d9053385-abde-44ec-a738-4cd0cf8e6103,611ea5ac-d346-4a1c-a9f7-1de56cbc4846
4b42ec02-a569-42d3-8562-6fc9fc4bae42,edb1b193-14b6-45af-a0a8-d0fc59985864
48d6e529-699c-46ea-8df7-32d848d38844,9a9edc1e-f7a2-4bc1-b511-aeaacff44569
b5c469ed-4748-4263-86d2-544b81bba379,a629c570-1a1e-48df-ba9d-8504b482960b
a3e77030-0b99-4c5c-945f-062f88d8e7fb,7ece6ddb-be35-45a8-9efa-edb6018767d8
a0c729f1-0d1c-4185-aaeb-7e8e52f0f775,5baeb4f3-f533-40ed-8b2c-241453e77abe
5d0e266c-0372-48cb-b1f1-08f5b5f6b3d8,3816c1e4-8701-4738-a86e-a5f596fd57c6
084180b8-9773-43b1-8a6f-afa3e66554e4,98ecfd8e-95e0-4bbd-8932-81fd948487e3
12787a4a-66d9-4fd5-ae84-888479552cb8,ef1f3006-0c9c-4771-a9b2-88f53f47a604
152e9a77-ad77-417a-aa1a-64a6bea385e4,3d50f77a-bb4e-4ce5-8724-dd5a252e03fb
77820b14-df62-4468-be2f-981e848699d2,7928c7f3-4819-421d-a747-5fed7b581b4d
9439f4a8-3c6f-4825-b3d2-140150624c55,71d33322-6eb9-4727-b9e8-9f01a1c06d14
bac8fcdc-9496-48c1-a2d0-86fbd9a8831d,ac0e7106-7fce-4ecf-a9c4-0632b1778928
8403170d-1457-4c64-a70e-a2dae0094ee6,9d49ec97-609f-4da5-8eb1-4d1cfc918e38
9afc6854-250d-4351-89a3-5c64e1f3d009,607df7ca-e5e1-47a5-a0db-75d01c146241
540320cb-73cb-4140-ba90-d259a85202e3,832640aa-5133-4392-b388-7793c5df368b
5c497358-dd9e-46af-9f43-70a3e29b0a6e,b2ec4b62-d440-4e8d-970e-4f625f285c6d
304b51d1-73eb-4633-9214-fc36635a1aa0,4881e270-8913-45c5-97e8-b2430296b6dc
63b16b01-96e5-4379-a0ea-c96be0f5a9f7,b2ec4b62-d440-4e8d-970e-4f625f285c6d
ba46fb47-49eb-4f49-a491-6b94d21045b5,30eabbe9-454c-46b0-adb6-06315769ea75
bc32f949-5121-4669-9eed-31eb46c06fdc,0fb81d6e-3c66-4ae6-9034-cf9eca3e2210
f27807f7-9e10-47ba-a272-83175060da4b,3a681211-c605-4d82-ba55-816b176c0a66
4b665e9a-3f5d-4030-9de4-0205a3fcadc2,f484a464-ade0-4d61-9a63-60cc9548741f
6d7cf405-b551-4a94-a88f-77469e4a0f75,25aa41b3-7e88-4b6a-96e0-d3bcc9a2883d
e4bce290-f758-4e0c-814b-67974b212043,a52f3b24-64db-4914-aa93-8adb0a7b29e7
41adb5f9-4597-439c-951f-57fb91a678c5,2173a7d1-33c7-4e62-bedc-97fe588278d2
1726c3f2-6e1a-42c1-860a-95bcd32e1032,f76fe231-f9a5-412f-90f9-327f11fee58c
dc146395-89b1-4f5e-b150-d330820b2d0d,96a65339-ef3b-4eed-ad22-eb5d840b1f0e
af91272b-59d4-434a-a4ef-b0e862d3a291,1e57f4d4-bb4a-4976-b41c-ed3afe57f1f8
4e78cdef-5e6c-43e7-b057-4030f793a4fe,10e19bf7-edb4-43ef-be9a-1d4b1e377c26
6f1eaa44-5907-44ad-b1ed-35ae86a72088,bef058aa-2c61-4861-815e-59dd02624141
938c82a8-0190-4e0b-86dd-56f261813943,1c4cf51c-721e-4491-a771-1a0d777ac1c6
1885f54d-92a3-4099-8429-fe0dbf210671,ce39d863-f752-489e-8a02-df6c56e74369
238a776c-4909-4592-bbb8-d8b69bcb6cbd,cc5310da-73c6-4ded-9fce-f3a39f859f8d
039f6a02-f4a7-4244-81af-468fc46d5ada,1de0aee1-f11d-4449-a2ef-1f78384d6050
af6656f0-ca33-4ce5-af3f-b0e15522e135,a9178090-efe8-476b-a87d-3683bf606c10
83979acd-a636-4abf-83d7-f174b73c59d0,b2ec4b62-d440-4e8d-970e-4f625f285c6d
eeff3db7-542b-4d76-889d-2f049effd8be,5b3c861e-79e1-4449-bf50-da5abab7d71b
0cfa3574-ed7e-4c87-83e9-e73f0aa8d01d,07be6190-3c8b-41b6-bac1-51a200ba681a
81f67928-2cee-4756-b3e7-04bacb7d4300,f35e6d04-c09e-448b-9b2b-7fce75e01251
e1e5967a-9fd9-42e1-9706-0c13a1750783,0575d15b-6417-48e4-beb8-fab20b8a96dd
6a8f5884-0682-4451-b747-5163398e697a,3a01aae4-38dc-4058-8260-9add26fea100
e16fd69f-8bdb-4c54-a396-5d00e2c6f541,3c2a5aec-5e2b-4626-a81d-81a573f6ecfb
70889e10-0bff-4a80-94b4-8338205de262,67c54781-20e2-4509-9348-546eb4692bba
a49054ed-40a9-4622-afe3-e243918615c1,4639cba9-9790-4af6-9863-e4ba73133621
bba9a41d-388b-4ddf-a266-56489c742b69,7773ffc7-9140-4d4a-8870-1f63c29e2c47
0b589771-33da-4960-aba0-3dfb0f96bd2e,b3988fed-b3d7-49be-a91f-1a3ca34e1d5b
237aab7c-bf9f-416d-8157-6c62f771041a,77097027-69c9-4026-91f7-4351e1ce8216
80ac93aa-cb08-4e9f-9d4b-fae4daeed30d,c0d76a51-1809-494d-a182-845e14edb040
98b921ce-7c5f-481f-9cd6-9a6d44fdd215,97f22f02-a7ae-408b-90c2-5a2c464382d2
77eba028-6fc1-4049-8143-d3ab6ff8cda2,f8ce21fd-9016-4a14-8959-60621fcd5768
80fe523f-dd8b-4d5e-8866-ed3522f10c80,9d6e4455-bde5-4e0e-b823-f9c55cb012a3
286da989-6210-4198-9a77-96d8c4681b6d,ea6981f1-d90a-4d96-a709-31e05c79c9a5
016133f0-f6b0-4d1f-aeb6-d82a4095d225,a7eedc68-5ad0-4bdb-9d26-2ca3ffad4911
7f42e9f9-e2cd-4c29-b84c-bec589604423,9b1a9e86-7b83-4bfb-ba66-43866cb38836
f061a43b-cd90-46a1-a5e1-6e456b37cf03,d3a16b9c-d0db-468e-b2f4-77cc5309e70e
02d38e87-4a5f-4394-bd69-718a590c3d91,7266ec6b-a741-4e7e-9d62-e6b7ead31b38
66eacdb1-a822-48f3-aba7-318540aa6ec9,74b17583-7cdb-4744-8f13-c472d63546e7
cd28ca1a-73d3-427c-8492-5a8d53f732ca,9d790300-f3d4-4f49-b8b0-307c205a615b
c6aa1fac-19a9-4d2e-92c8-dc21b24f0a0e,e9da6dfa-b683-4124-b564-99a8daa9a733
9a7d3ebe-71d5-42bf-8cd5-11290d75bd69,85e6e67d-8c28-40c5-9fc6-d301294f3e16
95155a7e-3d10-4b4d-b88b-22c184d31c94,0f2579dd-0a7a-4e34-baed-6575ef7045cf
52ac6f98-a695-4a80-8b19-013196cc7cc4,03994ee7-62dc-42c1-891f-3ba2824afd9d
2ffe5067-7916-438e-b62b-8024efe1b4dc,b3b999ad-e3d4-4602-b810-ed616962005f
0477f23b-ed4b-441a-aae7-a7fca2f01f64,f67b6380-f8bf-43ea-84d1-f9075eb0ba1a
7e193efb-df9f-4c58-87b6-07feb9ace9a1,754e50ba-8d4c-4fb9-8fc4-8835aa14d1c0
8b37ee3a-281a-4ed0-acc5-6256d73ff1f0,b2b0ac31-80f3-4179-89fe-67699277d43c
0bedb326-5dda-4a18-90a1-152fa369e774,589df856-02c2-42ac-ba4e-94a8a74b8226
cc220d84-be34-4aeb-a56c-951a9a4fec80,a72f5c86-8fe3-4058-8529-4919cc08c07a
b2543951-0ac9-467b-bbf7-77a6be7c3983,6dc0b479-d678-4a2d-bc1f-06632acfa118
4653b1b4-4d92-48e3-ad57-028d09b2e550,b670fa94-12dd-420b-a50a-3bc068b45ce4
1dec8c5b-f336-4e16-b2e5-23e214fb868a,9544d6aa-289e-422a-8e59-4383a89ed0a5
007220db-ecde-4b1b-a960-951e69620148,238a1c6a-b43b-48e0-8748-deab2ea51cc7
9702e5a2-2025-4e15-b68f-820649edbb18,1dd239a5-475b-479e-96a9-167166d519e9
00f709c0-7d62-4131-960e-df2de026a51f,28b69f1e-3cc2-46a7-9577-635ce9163b31
b05e4793-d8c2-41fa-a114-8cc255031305,f484a464-ade0-4d61-9a63-60cc9548741f
168267a4-4250-42aa-aa6c-e35ebdfd4c14,3231c9f0-1f58-4c56-9941-3bf91dc27fe6
f94f0863-d8a3-4258-8529-ae9c968b6f7d,51b89d7f-637c-4cc1-b6ef-869fa57c2ad6
681adc1a-356b-4419-8881-8db858b53d0c,df9382a7-d966-412b-9874-727c739fbbeb
f9f33b89-2dee-4596-b157-1f29fd1b506b,2cbdc654-a83d-4404-9ed1-4d3d5c6750fb
aefa7952-b427-409c-9225-6b2deedab1cd,6bfd2ef8-21b9-4211-88dc-9e1d78697309
2af8cb9b-4853-4c38-95d7-a8b8542d416e,8e148171-921b-4ccf-b6c2-c507aa312bbe
ff9cb669-cf85-44e5-9088-6dca6b0b8203,9d7f5eb5-ebbe-4b2e-95de-cdc2bd6929b3
62a6b3b8-f9aa-4ff0-b8b5-b76c80d0d599,4fef636d-0d30-4fe3-97a7-9ffa85d170be
c34e85d4-79f7-4671-b4d7-3c139033e242,ab3081c2-ca5d-4bd4-a083-824ce5d69563
00b37d97-f05d-4979-9441-0a4576f31379,1650b396-de46-4f94-954d-1b6e14009b58
33ffae9b-8591-41c4-95c5-4377d42fb912,9b6c942e-488f-4cc8-982b-b21c475a5f10
7a9b8b10-36e3-44f0-925f-c08b09884ce1,fd7f5199-d4b5-4719-9bb8-a8cf10117fe9
b624a511-b235-45e7-881a-599c05afbd54,08a5968d-23c1-46a1-9f92-dba24bd86e8a
c6f55e68-6f22-412c-b0d7-b5dc720f3689,33a58920-37cc-46bf-9f5c-ce7e47538e9c
4ea24ddd-6bee-4077-9390-9f315dfad357,d527e141-ee5d-442f-ba3a-61043696ab01
a3dd4c48-b16e-4d7c-b9d5-76722c5939cb,3edcb44f-c34b-4ea7-aec2-0406fe3b366b
258b29f3-0122-429f-94a4-c25f646840ae,11299a4c-29c3-4709-bb42-45ee67a68702
f61d57b8-7aa9-4cfe-b8a9-ffc388985e08,9a08d61f-d63a-42ce-8b40-dd6a43a0dc14
1daee65c-5327-4433-a218-056958af9cfb,8849f0cd-949b-43b6-9a1d-eaa817833ab5
9a764a7a-2075-4df9-b332-8935cf75e639,6ec5db1d-68b3-42e2-95e0-d59e6bd0e983
8c5cfd1c-21da-4a7f-a127-b0d87ec005d3,08e08d97-8176-4d4e-a6cf-a9f80ce6992e
64b17d62-5779-49ea-a403-b08e4da32048,d5f07701-270d-46b2-91d2-18c3cea72fdc
ea8dfcbc-d38f-4b25-998c-eeaf62534667,ff985e2e-a2bd-494f-a480-fbf0564f1a10
c5dff835-0cbc-4e6b-acdb-add22aa9332e,d1eeb489-af0c-476c-8a8c-dc2e1237f82c
237e0ba4-cca2-49da-a434-41fc270dbffa,a64d24f5-ecc5-478e-94ea-255c23a17873
0d48eaec-1946-4e65-bc56-bdff576ace2c,b927536e-86f5-4202-954f-05a07a096dbf
5192dc4d-fcea-4b2a-b729-cf6ca12ad278,e95a5bb7-0ce4-406d-9dd2-3ea463c5c44c
a2fd4453-6590-449b-888c-18743ad4e6fa,265f4646-9735-4f57-88a5-aa86a7f9a0d5
1c4a3710-8ae4-449a-8623-01022895e905,e31fa8b5-ddf4-4079-bee0-8e4eddad8b8b
c92f4ccd-a22b-49c2-b49f-18a7e0eec451,efa93c2f-c751-4fad-a323-936e2188f002
585b12dd-6c3c-46ec-bf42-b4680c39e402,af9cf34d-bc32-4684-9952-78a1f7a32529
12569475-fe3a-49c0-b897-3143955f9b40,bdc2d81c-991f-4825-bb84-00e50bd09db2
b96f47b9-2f25-4f6e-b766-a6d16d33353e,f952f598-1de9-46ca-9142-b8bbd616468d
f321d998-afaa-48ce-9dbd-7dd1328e75fe,66eb9da4-dde7-4758-8ed2-8711c487d7bd
d99c049c-ee31-4342-b506-5116271eaa50,556013db-b441-42d3-ad0d-1ce1090123d8
081fc8af-5916-4520-a540-d661af43b05f,f4c16068-e42e-448f-ba05-50f9cf948434
38fae554-ec6b-4026-a03d-d0fc14ec5020,5ba7ef54-326c-46b1-8775-8e605d0c2a43
afd32791-e7ec-4da0-8d5c-64be52f5315b,b96f3f3c-7b36-4900-a831-b4996b021a00
dd8513a7-d791-4627-963e-28b67e1153be,e93325f0-a001-4d33-ae6c-730b3f2794dd
632bc1c6-0b7d-4eb8-a089-95387a48de98,46d9985e-7405-48af-a827-5cf015358eda
831b2305-01b5-47d1-8026-8c8feaf8e539,5e30ceb7-fc3d-4513-aab6-cab8a93f0171
c785f87c-5e26-4c96-82d8-44857f83765e,c036e5fc-05b2-421f-a1d8-f7f659224695
e5252a20-31dc-4d51-98fe-3f552f33946d,d73adcb6-605c-4d7c-996a-fa0a469b386b
5f0a6525-7a86-4d48-9061-2f3a95cb6f72,87806254-b990-4740-9ad4-072c921840df
be2be598-1c21-43d5-8810-0640a0422c0b,e08c8bdb-8514-41ec-a94b-ee2d8c788f53
aedc7a4f-f358-40b5-9dc6-467ea21d8427,f3fdd9c2-194a-4941-91e1-e21830e54c7b
5deeb27f-398c-407d-9d3f-e353129fb1d0,8313d304-3114-433b-9d06-bf1f24508cd0
a4a33c01-7a1c-4ada-8f56-55caf2948f21,f8c0f585-1044-4b09-a320-4b681569d416
f2779b4b-f727-43bf-a6d0-217bd2c94d9d,8b673365-7ac8-45e7-bc87-4e4dcec1730a
a89de1c2-ca8a-40e4-8b3b-c9b5dde76df9,40491ba5-99ea-4a0c-b694-15e401dd1752
36ffba98-1dac-43ef-935b-0d085ca7cf1a,dbc8b3a0-9bdc-4248-81e1-98aa0d93c747
332571ab-8679-40ef-a545-ef0169f685a1,cd29147c-9cdb-464e-8ee4-163761b61646
e2cbfb85-b029-471a-a51c-6e47f4ae7ffd,5526baaa-15ad-4ba8-8984-9d022f4faeff
9e2e15c0-1839-436d-a2f4-662844984695,cac0b9bb-abf7-4deb-af99-78cf285b50a8
89022dbf-9349-499d-9f66-4603614fe816,95b71683-b51e-415d-9046-3953472b727f
fadd4e35-716a-4f59-bf89-41bdb5f981c4,1c5773c3-3616-4149-b783-87e0343d7ea5
9411ce59-4539-4c18-b3e4-36d084ccc701,93b7b442-0e2a-4923-a69b-75d004956f4a
7a0fe576-94ad-46d0-a071-10bf4c7533d1,51df1613-378a-4eae-853e-9a6fc65a5a5f
5a292f15-3a29-41ea-8607-552eceb5b045,0d146b43-4b10-4065-979f-751357a7a5d8
2f29d8ec-4836-412a-a219-9becaa3e4dec,5266587c-1d33-4a69-b99d-ce3dc9d17cc4
62930572-1ed5-4b63-bf2e-814eb5dea3e2,c9701579-5f48-4c99-9268-bda9580ebbfc
8b903101-c811-4c0f-aac5-056d59bf74c5,7b015333-7179-43cc-92f2-2acd018b9fc8
8f00a202-f2fa-4b5f-a5d6-593dd04660ac,4b4b34e7-e6c6-4277-8d46-cfc12db34a8e
39d2f0a8-6ef9-4e21-ab51-e3b797e664f1,e8f45743-0365-46b2-8627-366e686caad4
f7493e14-2387-4c75-bb90-21bc6e73c373,e944f0db-dc8c-4d16-8690-7d7b4033b22c
601991e1-c71a-44d4-88a0-8ca85879ad77,130a855a-bec0-40f2-9d24-477584ee95c9
e3f19c00-4cea-4a35-97b5-c3ecc584fbf3,96e47457-3484-4df3-b545-6d15f4796eea
8c2fa076-4c77-4e84-80f5-34a8a3f726d6,73e89423-9f50-4ffd-8fc4-2382faeb59b5
5946acd0-07ae-4375-9e64-281dc7d7c69a,e82c28f0-51cd-4474-beb8-b7006987ba91
ed664c03-bfae-461d-9e47-57694d6ee1aa,bbc512d9-3ebf-4a0e-99ca-0eb50deeba34
5cead4c8-1b95-49e4-860c-7a9c0c1759d0,cb7c9ae8-7738-4296-81fd-fe9d7c56ffa4
75183ece-cacb-43fa-8f46-8f5212260449,352f8747-d812-4119-a715-429a90e78276
efff6b8f-d1d7-40a9-88aa-54f6063ed589,a68b669b-dd5a-43dc-98da-c51fefbdd9ec
af3eedb6-74d1-4dee-be4b-73f3d8856c09,b56f3f61-4622-45b8-9ca4-27b83dbde464
0312503f-0d8e-4448-af7c-1d943dadf287,087bd1b6-b2a1-49a8-a204-1adf21485ee9
f69418e3-07e3-4e98-b80a-f4b01efb2326,8447afb4-1d51-4821-aa89-0ed672eaaa33
f54ecc35-3043-4dee-a105-f7625421252d,c7cf1ab6-2585-4075-a23e-99591f4a7219
82485c88-3678-4d7d-a289-b9355e836250,1c4866dd-6677-4b35-8d79-9b5dc5629eec
342fb885-d584-4311-88de-1d663f291bd1,901abdae-6401-4f8a-8c2a-d7eadffa0ce5
dc27debd-60a1-42b4-8ac2-dc7774ea81b7,71c6480b-e2bd-472f-be3e-002364ea20fb
aade9ab7-a245-44ff-aaa8-dd5445620da9,dfc54a3f-3b7a-4b57-b5f6-014b59d2d6cd
320cc6aa-3cf5-4601-941f-3a544eeb2614,94f08050-be29-4812-b9fe-7d2c48cb1a8e
250b16c2-687a-4b71-b80a-cb75279d8f6c,195a12bc-e325-45da-94f2-8869022fc56d
b4066924-d1b0-4552-a348-182465840ee7,d1b6a5f3-a218-479c-be37-24c30c4d59b0
4285c4c4-0e4d-40ad-ba79-94a39d25f4ed,b08bc31b-c904-483b-a12b-0793da24b98b
f93cd2e7-36f4-4417-b8a4-4d118c16d2e6,901abdae-6401-4f8a-8c2a-d7eadffa0ce5
13dd4b70-d542-4ef0-b49b-c6d56e1ecc89,1b95fcb3-0700-46d5-b6eb-4d8ab51436a8
998eabf3-60c6-4fe9-a59b-684d12baf358,d3a5acf7-b19a-4715-ba40-1fee90db8e6a
97e807ab-67f7-4d5d-a447-c41275c398ba,14248912-e383-4fea-8055-c9ad9cdad98b
9c2c57cc-a6ab-4794-a4dc-21da3f06f3ff,d4b6815a-9f90-49ff-9012-79b2f82cc422
18d4be19-c322-459e-a94a-c88f3add6eae,5c988f46-dd38-4570-9a34-a2f5953977fc
60626871-54d0-4a88-a6c7-288b717db6ad,efb6ca28-aba7-4160-aa67-7933ca42929a
32ac28f1-0108-4d2e-959b-ab7307869257,0484fe98-588f-467c-a6c4-67786e11f157
8734eb73-669b-4ab8-9121-8835490fdf58,9b273a3e-721d-4ba6-93da-e0cdcaee410a
7e467476-0553-4583-b63f-0c3dfd1e2f7b,2de5a9b7-2d45-4869-ab7d-f6645228463d
dcecfefd-48a1-4f1a-ac6e-d4e9531a2ffd,ba96eb1d-4745-40ee-87a1-768db5b0fb31
a62a7c7f-3e23-47c9-8408-d9f2ecaafa10,da442e66-4456-42d6-acf4-257aff51c423
fb4e7274-9fb6-4937-a079-56d68dea2c64,695978cf-82e8-4675-9f21-d416946ef415
69ffeab0-6f30-4780-99bd-291bf09aae73,920738b4-ca02-415d-b0fd-6f011c27643f
5c91d84d-00a1-4e90-b000-06a42df817bb,d22779bf-2983-44d9-96b5-58575c0d3cd1
939e4258-3231-4fda-9592-cd5e4a211530,c6cea551-14a5-4ae8-9395-2e69c6240a06
76f72a5d-7c9b-4acd-a1a4-cdc431a69d7b,e78e2b7d-1e28-4c64-9654-a8cee62d38d2
28e1ee8c-3a8b-41fe-aaaa-4004526fa258,5155b54e-965b-43d5-92ff-d8018409e2f4
b4f1ee24-5798-40a3-aff6-313671a00ab6,5365f265-ce0a-4329-97aa-32894c3c3f05
481fa847-7344-403e-a2a0-c8bfb8a588d1,8e9c0e43-b19e-47b6-8f46-6bce37563a8b
d08f8abf-a28c-4506-a86c-580de5faf995,10f6b20a-c12a-47b2-b176-d339e6873a76
86b902fc-778f-4452-aad6-57bd2e694650,dc9fff22-fdb5-4dea-ac9b-52f8bd76f71d
922dbc5b-798a-4f8b-b5f3-5032c31cc35c,5634b432-445f-4e5f-805a-760d6a8fffe5
3cfb7321-3b28-4af8-afbb-39195f2c0af7,f7c5ef84-ce96-4c71-8714-90351679cab6
6555c1bf-c681-4760-88c4-b4d08f4fcea5,ce61c965-6ac3-4afd-8106-649944a9a394
fc2f8f05-b38e-43b9-9e11-dc7aa77247e8,d683928e-3c38-41aa-b870-f631884ec1fb
9694167f-dc32-4ceb-b95f-f2c1fcf08cb2,7139d016-e0af-490d-9bf5-26675b49f45f
6e7960c1-a780-4f51-8cbc-857474517c6d,4a75b5ae-d48b-4d97-800c-4968401f46d2
d5b23cdd-ffde-46bb-8c68-ffb2da1ee26f,0fec1e25-4a41-4588-8590-d63695ee6cc5
20538cf3-39ee-4f2e-9d74-6a9433c64998,0f8656f4-57dc-4e78-91a6-54c41b799b88
4cd52fe6-a897-4526-ab40-931541bb4f97,f92ee897-aacf-4ab7-a279-8f494006c59c
ebdc8d45-a92f-4d97-8f2d-ba157df7de82,f7a1fd7f-7cae-4ec6-bdb1-3f983d128229
bf860376-cc29-4d1e-b225-752a518e873a,05881d4c-10b6-4298-b16e-70849baf49e4
3fa8b71e-cae8-469c-bbb9-e304053ec43e,b8bd7ec2-774d-4c94-80f3-b04637f378f7
dd3066d6-aebf-432f-b94c-31c53f8cc161,0a2e43b0-d87d-481b-99ad-86aca9515dc4
02c6ae83-89ad-42c4-9fc7-819e3a3a0712,0d146b43-4b10-4065-979f-751357a7a5d8
f642b0ab-8bd3-4b21-ae98-01bdf810580e,0258c719-9384-4450-aca5-01ebfd57e0ae
ad0a2376-11e9-4d19-8266-89b81c225d46,bb63c503-d85f-4fbb-a19f-9468aaaadc13
c47ac0dd-5f2a-4cf3-b76b-01773313ceda,acc73684-fc73-4902-a968-1899a9ff225c
33740a99-04b4-44d1-ae1e-cae347c991b8,eb819f20-c272-487d-8cba-8fee93050cb3
57e9ee6d-bf48-4778-9862-67dc3006363c,3824a4e1-7f54-464c-841e-f7ca022e1abe
c076400e-a0ba-4ad7-b226-8ac247a14c7a,fca0d0bf-3b82-4c38-8011-e7dd370ef850
2390b964-1522-487c-855f-a2a423119c34,cd0d820c-5e0d-42a3-ae68-22b2a80f70e4
8a975eab-f8c2-42d6-be61-99bcdab94df6,28d6644c-316a-46cd-8e22-db3cca13f995
999656a4-b900-4218-a357-35ff4a2c4c93,56102c42-c92e-405c-9ca9-4465393aa9a9
9a57b631-d29b-4115-bf35-c9ba5bde3440,5ff956f2-d950-4bf8-9a9d-71e2e14992b8
fdb93d75-83cc-4225-af83-e522db75b320,8cbf963e-651a-4b62-849b-a71869ae26b9
acb6dfcc-2bea-4063-a449-259939ff7f63,9d2197e4-9b74-4743-a6ce-83d83ada53af
6f91af3b-d8cc-4cef-b51f-95f7baf89600,4901c0ec-df5e-42fa-bc85-d401c25821c8
1f0c605f-96eb-4435-8399-2073d4bb40dd,83555a06-dbdc-414e-8402-5da2523674aa
ef185bde-a038-4970-866b-5ffae7b38c86,543d25e6-92b2-4cd1-949d-64d5ebb8a28d
9ba0e44b-1bf8-44dd-88cb-eaa1c0e5e306,a98cff22-c294-417d-9969-73ad5159b65a
cdfa21b6-ba86-453c-928b-b117cf2d08e7,67da46fd-8948-436c-82a2-0fbdc9ea387c
1c7c84db-a224-4ade-a736-104ea937b4af,a3a61e31-d5ba-466e-9597-a4ed4a52123c
291626ad-1c5e-416e-9180-a49f4246d9b7,5e656247-fa78-4704-af9d-689acf47cc6b
6421e879-8e3b-4c3e-98ad-d5f2addb9264,086c3810-cc9c-4f5c-984a-0968984b3519
9ca4ce07-3e7c-4ce0-8f60-8dc5bb160144,fbdc7fca-6900-4a14-b14b-2e450bf9c989
0f3ab48b-069a-441c-ac92-f739f3b26a05,8d00e9c1-6ab9-4e90-af26-9caa59582155
de09e99a-8d11-4b00-ab61-7742d389dc04,3221a6e3-adde-41fb-a07d-33f58751b662
6c2a8ffa-8e80-4c6e-957a-69849a17b626,49194685-3be2-4a66-b1cd-a5108934fda5
216bbab6-f76f-43ec-9448-ed452d52dd86,9265d242-4ab8-4310-9a9c-15c5b214e689
3ee11adb-9815-450d-9266-fea436304dea,35a0f9b1-ce36-46fe-b116-1a7365cde062
22f8c8e0-e6bf-4ce3-88d9-fa88f1447a51,f95a15aa-3f29-4e95-a8b1-af239990a878
c31bfaa9-5054-4ac0-944b-88f4c674a460,c0c94277-3c98-46b7-ab07-f0ea51f6cd54
b88d744d-6616-49e5-8ec2-7496862b1514,253fc9d5-8875-40c9-881c-3dbc886c59c0
d5255221-1ed3-426c-b705-ecf39b2544c6,4e06ffaa-2330-4dae-9867-9ee858eb921f
d76da0f5-4c8c-4d75-8dea-e2bfebf9f950,1e036355-96e9-40b2-bf45-021f6833ba8a
4ee4fa10-74d9-4180-a920-367b5c4553b1,25baa2d1-4f85-440c-8ccc-c4795eb51117
caacaabe-92e8-466a-9acc-cb743352b358,22605f67-dcb0-4c49-b0f2-14411ec296d1
7eeff477-af11-4123-9e64-5ccef496044f,78d6d859-5d13-4776-86bf-2aff0ebecd47
90a97086-5484-4d01-8ba5-f39a892d8b0e,117df1c3-80e2-4ffd-82fc-447f24571fed
ee52b47b-f61b-4560-8afe-03fe0ecc6df7,041bb3f2-2362-4160-82b1-f5f6aca7a1f3
27b2252c-e60e-4e59-b042-cb4854d2496f,f64bcd3c-9731-4b14-944c-08a10ba6f69a
9f8fea2e-53aa-4769-823d-531ff41ef314,4293e4fe-990b-4be5-9197-1f775658f1db
9d33df8e-49d5-416d-9d2c-e2b2d5b7dcbd,0d9cb6d4-14ee-4b23-bfb3-2e9ce2239884
55f8eb81-e5f1-4484-9777-50233bb8d045,f02a7bde-d85a-4d41-b78c-cbc1a808de30
4fc896ee-b613-4a72-b961-00ee87f29e68,04210121-acb7-4e25-b0fe-af40a205a5bb
0bf56978-f12e-459f-a6d2-49e29680217a,9026f2ec-af82-4af8-99b8-4737cb0f8eff
8b267336-05a0-4075-a760-01da757b161f,dffe6db0-1bba-4351-b359-c63082a69c8e
d9be3442-010d-437e-8bf6-3d51961434bc,192bea74-b472-48e9-bedd-f14264a7214a
d0e49a36-93ba-409f-9dbb-4abfc9c9bf62,aed97954-1e0f-45a2-905b-6890623e468f
9c589eec-2b9d-4f77-bc63-4f173ec876ea,f484a464-ade0-4d61-9a63-60cc9548741f
396657c3-f136-4b3b-9512-8c73afa91ab3,f484a464-ade0-4d61-9a63-60cc9548741f
f0b7986d-82c0-4b9c-b909-80fa85f870b9,2ac3fbd3-e5ad-40fb-963e-59a63a1bcb9d
9743dd5e-0903-4af9-aaf5-a434707b9720,6365770b-6b29-4952-8cdb-e2bea09afae0
b91d5ee5-a101-4d71-833f-26320a6061b5,f7238c55-31d9-4466-856e-7e8e0378a81a
f300bfb7-2a7d-41b7-a30f-500b9c31db5f,399f89c0-c47c-45de-a66e-5c5395a757fd
772bdf70-cd93-4d9f-9934-c54e8fc328fa,9892433d-6167-425b-b640-78094b8cba3d
6a615a37-1f14-4f16-bec4-d923ecc7e5fc,b95b2949-5133-4562-aee9-a08727013693
b4c97246-670d-4a8f-b766-725dc0f63403,5019707a-8111-4607-898f-6f15c547aeda
c1a19c56-9bed-4f40-ad9e-3e46e21747d5,50eaa732-c66e-426d-af0f-64ee36fd24d3
11c383c5-e8ce-4d7b-b727-566ed6005a48,2d076801-ea09-477f-84ed-d740c71c2936
258c9399-41e6-49bf-8f4e-a6509d014c81,4435e861-b9d8-4d68-965e-984714d74257
6a0f0335-d840-4c63-a922-8f8755d58934,12702611-e3e0-4a0e-a75b-50b323960b84
216bf1bb-b996-4edc-b50f-67e2169fe5d0,a773d8b0-0364-499a-a38a-6b7b421c2c45
c3584675-c16f-44a1-884e-c78a4a580a0a,654212a2-740e-4a35-8f64-6ab71fc74cc2
22666c1b-3134-4c5f-8313-86367e26daec,41fc974a-665b-4a98-aa24-f901b9883018
c3f6e569-8163-4a15-b92c-b1314783fdb9,de70f624-32e6-410e-b140-a5d1bd904d97
a52f5ed7-583a-4441-a8ea-749e97df373e,afee23b9-d367-4d02-9114-9d886bb57f42
85759734-19e6-4c37-a08d-265af7dd5e52,e1f5046f-ee01-490b-b756-dba7ddd01053
10d17dcc-65cc-47e6-8924-a1a5450c15bc,d7fb2f4f-a98e-419a-9a64-fa09b95fc408
420d2726-14b8-4a2e-ad0c-9805b5d26462,77326e41-f9cd-4b82-bd8f-712c73507513
a58127ed-8369-4d7a-996b-247fb028b137,8cb536c5-12d2-405d-bad2-7f26c23dfd95
abd8baf9-cd3d-4046-a365-e494c44b225b,cbc89f33-5085-432f-8061-8d4a2bb846a6
5f02e2f0-a827-4f05-91d5-d03dd6c941c8,b2c8cd7f-ccb1-4d4e-afc3-33c24ebd149a
7d3d1ce4-b7b7-49af-9fb8-d93ec570eba8,69f1d11d-68cc-450b-8c2a-e8813042ffa3
4bfa7402-7492-4f89-b9db-2ae2db1a681b,06ece782-6415-478c-9355-c0ddb0231c3c
862a7394-9ad6-4efb-b27e-c88ce8b92ee2,06e9ee62-41bb-4dc2-83a7-f6f8c21d4308
9578735d-fe2f-41e9-a8ea-7f8c6929a79b,9cff171a-f188-4d1e-9539-bf8d1694e5b8
6c433827-d693-41bd-89a0-79c359e6990b,2d99af8d-6c10-4c06-b49f-9643c366da8f
5e8295f5-d792-4177-9c84-b05f15e2ea1b,4b103b26-9799-450e-95ad-379942a83288
c68d8bfd-084e-43e7-bf7e-3878cbcad3aa,32d2a027-cdbd-474e-9811-0ebc7276182e
41ac041a-c2c5-4818-96e5-a50c337b58ca,1d32274b-db08-4112-a4c1-ea7ed93f7388
43501234-a58c-4337-a635-b78364fd67d3,ffdce57b-7fb4-4386-a20f-d823a88bbef7
29f7a4d8-baea-45ad-a31d-48bcb93860f6,646af666-d7c0-42bd-bfcb-3ef28d40b91d
c90445a4-dfe3-4386-8a75-727b79afa9f2,9cd253b7-d185-42be-bd39-a068dcbbe4af
7a1ac0c8-c286-4f43-aaa7-b29a26c558fa,159729f8-fca3-482e-8622-9a532d2e4dc4
7c3a15da-d4c5-4a1d-8732-1f1d9ab8ad98,d32de834-b986-4df8-a0d5-a25d94abe389
9c87c30b-8768-4fc6-b7bd-6926d4eac596,8d3f28a0-1183-4a2f-9452-b13414b74e7e
a0a146ef-9fd0-4966-97c6-e549118d025e,934249b7-6e86-4885-b9db-0fdf0343ac1d
1210973e-bdc4-4662-8700-9bbe612e3bb2,f6a99a2a-063c-4cca-b1df-59456348ac63
84f90d49-9d85-4d38-be92-7facfbd31462,3b931164-25d9-4d98-afa6-8335b59a013f
8880034b-c6b3-44db-af4c-b0bd7bd31476,5cc9c904-868b-4496-a49a-b736a811eea7
e9740396-43e6-45d5-8b68-75f5bd59b886,3a7123cd-5ff1-499e-9b54-5a64f8ebba46
fd6ee572-60e8-4d37-8e92-d83ae78ea53e,de4b68d3-49a9-4590-89e9-08129aed9ba8
24d1e876-bdcb-4b13-974d-9c835d7969e3,3a5c8865-ffb0-4d0f-949f-69dc1c625754
3da710cd-7d9b-4045-a89a-910e0f8eb4e5,d1a25e5a-8a18-46b1-bcc5-4429b5765810
bc8b0170-c8ae-4966-a1a6-1756956afb23,e5f8f2b0-d0d0-4811-bdaa-1326ccff46f3
211bd249-436c-4bc1-ba4e-e7073fb4e552,a320966f-1892-445f-a4f7-690714fea524
f529dfd3-3498-4107-b6fd-17ee997feb20,6d98c2dc-d6e8-4214-b16a-0db85765984d
495872fc-2552-4701-8bb2-b6a52ecb9c1a,56769bd9-c85e-4d97-ad22-35ff37e41510
6da20d0f-0ef3-4c6d-b499-1f9d6ce6412f,c4f6aa91-22cc-418f-838e-9955ec501aee
d4adb03d-6c44-4184-8c4d-a9b51e126a11,29e6dd33-45ec-4e9d-80e4-57a5655c1c11
10868e7a-a785-472d-8132-7f60c63ac0b3,ce6fbec2-3147-4b6b-a267-7f0de6ec121f
7911472f-8d0c-48a6-97e3-c126c4909134,c8cd0c91-05a3-44b8-900a-a78f118d4843
bc0b2857-e07e-4e79-8d6a-f926e3adf736,99382d1c-08e4-40ff-9887-26839b06f53f
56bf2e30-4733-4db1-ab9c-7421123ac6d8,a0a188c2-ba03-40ca-bee5-16e07e356863
f1fcbb35-7b64-498c-b5c3-400f6a42546e,0d146b43-4b10-4065-979f-751357a7a5d8
bbeb3bdf-4616-423a-b9ec-449c99b12fb9,2e08e9fb-8b36-451b-b3e4-62c5280f6541
0e5a4eee-f061-4548-bab8-b2092ad849ea,07c40b81-b57d-49c2-8bcc-dd8a2462106e
67b581b0-9e73-4b36-b6df-184d89fb127a,1ea9e241-4b8d-4d3b-8d52-13724637fd6a
73b46db8-986b-4fca-96a7-1b37313bd4e5,758dbcfd-b0ad-4fdf-ae31-2a2d961f7d54
6df62669-8ec5-4fe6-8a13-dd3477bf6a8f,1029267f-fb59-4a1a-8f13-c5daa4254ea3
3c794f3b-a7b0-456b-8b68-e44370821e71,784734dc-b037-42d4-bf5a-de0f7b4162ff
6bcd0b86-0b0b-4362-aeed-1b7b847da7c3,b2ec4b62-d440-4e8d-970e-4f625f285c6d
a266807f-4950-4597-9916-6f2ee0db01fd,5cb5f858-8c68-49f1-b33c-ce5151a64aca
0ab39f2d-3928-447a-9476-754086423869,21347eec-6cb7-42cf-9742-f25a49998ddb
690f91d5-47ce-4a3f-bc5d-89b81de64506,66963f38-10ea-4f30-89f5-f709a086c8fe
901566c6-95b7-447c-bec8-67abc9e7749d,1a8c8552-5b88-4cb8-bd8d-b0a7b0966226
99338b0b-7bcf-43ec-9759-e2175a3a6820,39f0ac81-90d9-482e-bb7d-8f3269132f18
10e8204e-ce0a-4f60-9fc0-0a58f73fdfa5,893d100c-c97b-45ca-ab69-59289b03ccd8
1b64840c-005e-4af7-ae41-d6ab763dd504,6d7886a7-60df-429e-b8bc-1b917d0d5707
85500cb9-bb13-4a85-a91d-8c1323b42cd0,6ff0d868-8664-4104-aa68-46721dcf6616
2b2172cf-b0c1-417e-920a-1f1600244d46,da2b5b4c-a7e4-4b8e-962e-a3fb746c1fa9
2d082a9b-7ca8-423f-9333-3def1586ef1f,4b84bcac-87e4-4e76-a6c9-5f3f8fd6f6b6
58a793ba-6341-4d25-b358-97bfca1b9c0c,1f626b27-1dcf-4bc3-bfca-42c11687c4f9
9110455d-8dbf-44c9-b03d-bfa48e62d4c7,8b04e453-064c-4f90-a1fb-8ba0881c8662
7fb5c5d6-89f8-428b-a513-d693aecb88bf,2fabe793-dd7d-4df7-b22f-8400af039530
3a692796-8f30-41f3-8ef2-78d548c65ea8,f8221098-e2fa-438d-996f-757af849f5d0
e52fc039-5fe3-45cd-9bcf-27aa46621559,d7fb2b11-c9c8-431f-bcd7-33e27f0ea061
f1983cfb-8289-4758-a01e-d9bce12aec30,d7fb2b11-c9c8-431f-bcd7-33e27f0ea061
bdc87d71-7dd2-4f8d-9c11-d955e36ce195,95b36783-4a24-4db6-a2bf-1701ff9f1fbe
6658d7eb-1bac-4a2c-9ed6-2fcaba13266c,bbe662aa-1e2f-4453-a5f5-6104abfe24a4
4f03eb78-1567-4842-b9a9-97d83f189d59,69cd6506-6e60-4503-a990-07fe611c52fa
f3a8de53-d80c-46ed-8e45-fd65091044de,281d1979-d91d-4754-acbc-7a6c8e2e9dc8
9d127e0a-1905-49f6-8148-dbed4b33478b,ae3296a8-8024-48a7-9864-f835cd99a45d
41c0a75d-0baa-48a7-b184-2858675137c2,093b90c4-9b95-44d0-a809-72bdabd6750d
8138490c-f401-4578-8945-f1c37d42d3fd,dad886e8-4f09-4f7d-b227-1936c2475351
6e04ce33-c25d-4955-8495-8c87aacf1996,decf06f4-9146-42cf-827a-429e6bd01ed6
84f78fc6-549a-4b2c-95d0-507aaccb1ff9,0e30aece-0611-445d-92f7-a33bf5b71f96
9836c418-0636-490e-b655-0856164550f0,7480fe41-deb3-4f81-b252-51954c988126
ad474d2e-ca3b-4ab4-99ec-6d8cafab59ff,77255b26-6470-407f-a5f2-3d3d05ff3b6b
6d984cf5-14e1-4b4d-93a6-695ae6f2fa23,ce60b527-0865-4325-8dad-03c92eaa24ca
12da09ac-bd84-43a8-8fb4-74a7843dfbfe,02ff4024-bd2b-42fa-b324-68aa2e910334
90301811-1f6f-4156-afb5-9023c75b99c1,e145a584-8b63-4efb-a14e-44e7a2156feb
54cc207b-c3ba-4094-99ff-1e6cd2a50f09,f912ec32-3c71-425b-be6a-eb0351e2335d
7fbcd9d0-ef26-4c7d-82c6-4202f9dcd6cc,343cccf3-789b-4139-b360-9a8b484c9b48
f14363c6-7286-4a04-8244-2e12e6560db5,56475a5c-d9ec-47d1-ab5c-fefb07aa85b2
ef0a7e25-92ad-461d-a76b-8a105a67c811,c8429753-5ab8-4dd2-a347-b5e0c06cff61
017e96d1-71fc-4705-8c0a-e7edfb29a620,c61f966e-d3bc-4bb9-8fc3-a75d75963296
2ccae12f-e16e-462a-ae63-9de30c93ddb3,c639fe2b-9c39-4e02-a858-6b04d967b92a
142f0a31-d1a9-4b24-8fca-066958899c8c,d4a8eb0e-1f1e-4c07-b855-a350df1acdbb
9fe0438b-232d-4df0-bcf9-c899bc864afa,4b696b28-e6ab-4d88-947b-4889e97b45d0
df758497-8663-4b3e-a800-ae8a095ee39d,c518caa4-322d-41b0-8249-cf9f5651d7d1
af682437-78ca-4356-ba2c-14b15c609f7c,f06613e9-d8e5-45d4-8615-67fade6083d8
30acce2f-2358-4192-92b5-9a22a705c952,f5d82cc9-ee6d-4324-be5d-677a598e0827
b7ff83af-08f5-4d68-8f8f-243f55a04717,e9cbd7eb-f7b5-4bd9-b1b0-c4c62ee38718
d5461658-bb5b-4ee3-afdf-d4b4f7433151,ba337a19-80f4-4b0e-b746-e9d07e6eb847
97cfcaea-1969-4cd8-a4b6-31d2921ddab8,2131e880-baa5-4a01-80ea-ff2dd6aca0e0
0933ee73-beae-445e-b78f-f9886110999e,d75d4487-4d16-4b25-9c33-8900180d075b
34a7257a-bf0b-46f5-9efc-bd44b6a0b7bb,ea7f2bee-481c-4703-90ee-a1cf09e6a09b
fa4fe429-e635-4805-835f-e428ff05084a,ad4eeccb-7367-4712-be4d-918fc11d4e70
cf910312-b143-4be5-9be6-f1e9250afd10,04f00fa5-15f1-4582-98f0-bc9ceb760c94
22195cce-9809-480a-94bc-db1659096bbe,1c6065ed-1b71-461c-a2c6-f5fe061e65f7
8b66d09b-b0bb-41ff-a62e-eb871307137a,291e7ad1-7e1c-4245-99d5-5002ade8405a
08dfb30f-5e7d-43a9-b34f-3aaddbd58a56,2b935f2d-d6dd-4eb0-86fc-13182b007f6f
aa186d4a-4eac-4459-b139-98a57657f7a6,f4df4e7e-55ec-46f0-b58a-a2c153e3e925
4a6aa457-5f15-4a7b-92c3-4438991376e7,f692706c-1604-4749-b40c-be291e3610aa
48954ac2-0868-4f2b-9f84-3bb8683442f3,266257c4-8223-4fc0-b9f6-3c790bac2636
3ce757eb-9a8e-4761-a9a7-f9d9368619d8,c293c3a7-db7a-4645-9d08-ff26fda99669
f4249711-c15b-4cfe-b4c7-dfc2a277d495,6223e426-f054-4630-82eb-ff5aa35be776
e0cf7b8c-f149-4b12-ab84-23e801f18d39,1796fc71-1122-4ce6-9d87-8723c39c04ed
c6221326-70e7-4739-bbd0-1de37eb7b631,f500c039-5be2-4263-9cf0-2b77e45782b7
bd7e784a-929b-44e7-9442-a78da54c1605,93d76282-a803-4681-b806-39fc5e1dd6e3
beeb0a09-8492-4d2f-a21e-a71d4b78e59f,0eb15876-22dd-4517-a8de-bb03faf15ebb
632b80ee-d437-451c-8e9a-10889f53f19b,c7c88278-7981-43b1-b750-e262b36b179b
d2a8faa8-4939-4edb-bc12-f0d686b3d354,c07b61d7-78a8-4926-b7bf-a003cfc04f22
7b60f5df-f0a7-46d7-ba4f-ae2302289222,24eca6ec-66f6-4bb9-8221-f828a4bcc420
953ba5d1-b7cb-4480-ad57-6d8d87a153c6,a532da59-ee99-4534-af74-d9616bcf0997
e56a4d69-8a4b-4f2c-a138-d1c5241afd96,2b0a9537-5864-491d-b1b0-2d4cbd4e7208
1a991fc9-589d-4998-a98a-ff3d110b170f,838c753d-3d78-4b60-8e11-4e9e54c15152
4239013f-5941-4bd2-bcd8-8d24546a988f,b67361ed-9365-4e73-afe6-53693ef01c72
0ecc5a98-21ce-441e-8ec6-64d01e51f49d,95654a68-ebc1-4155-b956-ca3a4b5aaebc
836685f2-ddbf-41cc-8761-307898c2f907,ad68dbd0-ee16-4e37-8ba9-a76e0a8a30fa
a0736c05-8386-45a0-86d1-aa9b0b7f7789,b5145c4d-fdc2-4269-a428-3c322774d444
7bde8214-0605-4d18-853f-ff6bdcda267f,76dfab30-8221-49fb-a426-0344364871d7
b99b1069-b701-4ab7-9132-ccea0bab27bf,d467573e-ea1b-41e5-9e46-1480e481562d
43ada1a3-4d48-4225-a948-86078829b646,82d87013-be72-4609-b29a-a35633c5794b
3484d38e-9acf-41c0-89b2-bc11c40edc3d,c0e5aa32-8ff6-4385-9c98-5dd294bb8968
6ee11f14-8c71-4f5e-9938-6e06eabc77e7,d7c448f0-27dc-4642-882a-380c864c7e5b
39e60251-4274-45f0-afcc-8d72745560b8,a56ddc41-c39a-479e-bc87-ee17df96954f
102868df-7481-404c-8824-a33f6f276fd6,d8683eb8-3e2f-4571-8b4d-7d5f23eeea6f
87450653-08c1-4f0e-9587-8c9a7d0a81d9,448beab2-44f1-4724-829c-9520a05cb0b1
27d33f6c-9684-4059-8abd-53f3e2c44504,49b7470a-bf97-4530-ae0d-fdeabda78f2e
107d31f0-367e-4859-aab8-db5b781b40ba,2f418866-2522-48c6-b2ad-e40a42af008b
a7d00311-a528-4272-b937-f26bb6abcd37,a4618b59-b8cc-4831-9436-d36fe288bfa8
e7639e08-26e2-473d-94ed-d021888788c4,60822587-d49b-4c07-b1e6-86bc2c5373c5
d7087262-9fe7-450b-b1cc-d88784fd8cbb,27340946-0eab-4f31-8bbd-a58e494ad0b1
dd96019c-49ac-4c53-b08d-63620144b889,090c48ea-a4df-4f2e-8226-fcfe2ec53961
3fc78b7a-ba9f-48c7-a545-7b9266d6c554,24655bde-9e73-4b81-a632-1f6154adb6d2
7321bfc7-0490-47a5-adcd-a5b2ecf27523,51bd6737-65ac-44c7-b277-7abdeeae42da
34690e8f-b8a9-40b1-b215-8f4470aeb14e,c5e7603a-7df9-493d-9ec8-15dba1645967
eb5ce9a1-d7c4-4135-ba62-eac4abd4442c,86f30c05-030c-4807-bac3-962884d3a789
f4984161-7952-4f86-a973-969b7501f11a,80f2ad2c-3941-4568-b478-4e44361db32e
b5908e44-e173-4e76-9edf-b7a8804756ee,cdcc74cd-7d6c-4c69-acd4-8e7044643b1f
c4f87edd-e3fc-49d6-8914-ece8a2f8e4d2,a25f7a53-569f-40d2-98a4-b9c412acf927
2a492c8f-bb7e-43ca-b3f5-594591882468,2038dfef-3861-4c97-9f5b-6180fa372ae2
75c2e482-f986-4fd3-aa16-4291f2ea5e7b,f829f023-61f6-40ff-9b15-9629deadf134
b288f14f-fcc4-400e-9b10-1aa69d66f3a1,9f76d550-96b7-4246-88dc-3e6e53fe2b6b
cc2608ff-54c6-45ad-b222-6b4b6a9e378a,8c7aa636-3e38-4679-984d-40138df85740
07a2fb84-1d4e-495f-87a0-44831832925e,7fc6e32c-05e6-4732-8f9a-56c516781255
4c8a12b6-833e-4289-8af8-54edb44dc3cb,e1759807-79b9-42bd-bc2d-2d3f54b575cd
5e23687f-9d29-485c-8e4a-fdb61960ad34,d949adab-6f08-4c8c-910e-df8715c669e3
158aeae9-42e7-42dd-9362-f40b2552ef54,ef7ccc5e-044a-436f-bd1f-0d54c3aa2faf
019433b9-a5e9-46bf-892c-fd3eb9a8a24f,5bc7351d-a10a-4682-a03d-ce71d68311b3
0a48e1a4-07e8-44ff-b8c1-ef44244bc03f,2cbcf5dd-ab9b-4de3-8f31-931a532df6ad
f8f82685-0a20-48e6-9502-cc784ba7aea4,564b8b2e-ebd1-40b2-94f0-1ab68ed344fe
bf03e218-e636-43d2-954c-5797d85be51b,5689508b-d655-4d4e-852d-c67263f23828
78624b6e-5a09-445f-afd0-d3d577ce40ed,a8d1068a-fe8f-4d45-bb4f-0e17792146da
6a50c338-79dc-4de3-ac2b-241920c1a584,9c92aa39-7bfa-4d3d-bfe7-089868e114aa
19cac9ab-5be2-4b1e-8ff1-5c8470dd7041,1834c759-7cad-4c42-935d-26e1010a7f3e
1157fd57-5dbc-4f46-967a-246faf73cf83,dd3b8c43-3106-460d-a06a-3179a90c2b31
617d66c7-c2b3-428f-a8e1-dca0e4dd2166,03a3ae61-756d-420c-ba67-5e4fc21203da
fe0dcaa6-264c-41b4-ade3-53742d7a7875,dcc57012-9c94-4270-bd28-a0e0404890fb
71570772-2b40-4ee8-aa92-44be5769bfdc,edfb0dda-7d8d-4309-add2-1a147040361f
0dea3cd8-602f-4217-8b5b-651f9f5265a2,4e227482-4dcc-4846-a04f-0bd78450db0b
9c4ab636-3060-4726-9179-23f28c5d438e,3787e0ae-cd88-4f3e-b0ec-cdc6bb0524ef
6409c628-335d-4da9-9463-04e7a6985073,cc2ae1f6-cb6f-4a96-a1fa-ab0fbf316a49
f94c7b2e-2d32-4540-875a-d3993d8b7256,1b1e9265-8d06-443e-9c8f-51f61d5d7fc1
8d5f1623-c7c0-4c97-a6d7-21d7d6b2ca4f,c61015f0-973b-45cf-bd87-03be00b4be7c
8a0c65f2-2a5b-44bc-9a79-97d658f6aa6f,8f3e4394-da42-4fbc-b298-a6fac0099472
933ad5a9-9e73-487f-80f7-55e91219cf84,dbb66801-6dab-4e5b-86d0-8940d4c270d4
43b58088-acf7-4b1c-acb1-32e54687bed1,3151e0dc-0b88-407e-b3e0-3cdd8e6b6ef5
766de478-26b7-40ed-9cd4-4b649ffc2a25,78f70b65-b476-40db-8272-9afb1207aca7
7f0bd7cf-25c1-43fa-8d40-af66c4f3cfdc,bdb0aa77-f505-4d61-880b-51b70627196b
769619d7-9fcf-4445-800c-2d839455dcdc,40253aca-2fdd-4a50-9ef6-28cd02087b22
cf31bbf5-c0df-45c2-98ab-4df2a3bbf3de,a6b7be99-276a-4128-b756-f017db2d56e3
ec4eb496-cf55-4606-bdff-8dc980a41c55,812c4edc-5cb9-459c-94ff-29dd2361cdc6
d38748a4-d6d7-4c9a-8a9d-192ac74a6ad1,a84768a5-be2f-439f-b99f-b51f71466811
ec1224de-617c-4ab6-a6b3-6a0cb631e0a5,89fbdec5-40d6-43e6-9ec1-2697cab971c8
3a88012f-d1e6-45eb-9d2d-f2e5208f3ede,80c27745-7451-409f-ba4f-7d8a9d4e740c
919b267d-cf3e-4019-bc75-5fff4672bd3a,6b6e3090-977b-43bc-8e9d-b8a76d5267a3
e876bc18-a311-41e9-bec5-d88d6a3dcd30,920738b4-ca02-415d-b0fd-6f011c27643f
d2118282-a3bf-4a5c-bd34-8fc8bfd16fb8,88bd99f2-ecf1-49bb-b9df-b6a3fbd4a663
c0ee2fdd-a4ae-4c9e-ab94-fc89c2c5d3e6,b42350da-5853-458b-baf7-42ea8391372d
a5b043d2-46f5-4e34-8a92-2b6718bee9b0,2dbe91c4-a853-4752-b293-78606042ef3a
cf2687d9-5d60-4d7d-a9d3-a27d5135189e,27b97843-39e5-450d-880d-8ff994841147
2f2e876b-57d3-4b00-a1bc-5427d6ecbbab,774d1d7c-a3c4-44f3-8741-2f09ef0bd1bc
af9279f7-81cb-46c5-ae42-f4c4fd593c24,c12e5c21-746c-446e-a521-e32ce59775b1
d7179459-1cc4-4df1-b6ce-2c2467e8f747,0c15ad5d-5edf-4b1a-8d39-670a89335a78
ced06cc6-f365-4ab6-9baa-36970b8ef020,cae02189-3fcd-46ca-bfa3-557f91b46d9a
06c4fbde-2edf-4af4-b749-a438ea53c44e,ea73fcc2-1913-4eff-b85b-a9389d03e98e
be3946b3-ffbb-44ee-9c65-39de94722ca2,60a3d56e-db0b-46a2-8c33-17a2b22faaaf
626ac5bc-d54b-413c-afa0-9a7ceb617ade,cc1e8131-cc98-40aa-be19-cdef2385f5f8
8672e9b5-b7ab-4f61-b776-aea7683edc5c,570c797c-61d5-4683-949e-680898dd4e95
273eab62-1392-4f2e-8976-579b58b1e0ce,b8e12453-ba11-4819-8cf0-2d55363d9be6
33c57ac5-a532-42b5-8e4d-93ec3fca9264,cb45bb09-0e7d-4a7b-90cf-1c1c9ae871b5
9998a98e-24bc-4c96-b4a8-e29606a23fcb,4f7d092f-5beb-40ec-82ea-7ff8a41a6b27
10065b92-99de-4614-b0e8-dea41eb08e82,644d02f4-1732-4371-bb42-22d680da48a4
80df02d9-e4b9-4122-8cfe-d44e26824600,92425f83-501e-41b5-b47d-1d99905b9297
42e2c2a4-59bc-405c-ae32-061a85c820cd,e262f7b0-ad5b-4ee7-ae8a-335fe177aefe
b2f046db-c158-43c5-8923-3868a4e113fd,0d6568cf-77c1-4061-9c9a-951952a6dd89
528cc17d-ebf1-4ce9-8094-b3a76c70fa7b,0154389b-4ee5-44cf-b9f5-74379ce6ac5c
dbeaecdc-3f74-454c-a0c9-c2f40fff3262,36f8ecae-5c25-4c5c-b71a-9f565c776e0d
46517d23-c967-41ba-8053-b7ea6849aab9,e99f0820-f362-4e17-b82e-51d012e10f54
9b391c89-5c92-4d30-942b-e110ec6f75e6,e4618fea-31dc-40ae-a768-62ac1177d1a4
2ef1f84a-f601-4298-9b01-fcf80d141167,c9dd67ad-ff11-4b43-a14b-1716e985e8f2
a820703b-f462-4349-b2f5-eee4b5ca7036,397786c8-9404-4f90-9bee-e7a73768ffa2
eab9d922-fe5b-41fa-9470-0471fe4bd897,ceee7a4b-71b9-4d09-b74a-93de46c0e3b9
fc134fd2-9fa3-4c69-8a90-47dc3c27f9cb,3299908f-083f-41af-8f15-c0c367cfdf1f
69c71c88-f7ed-4c17-a825-1c0349532e21,26c32b17-42a3-4bf8-8c38-13f5dd916e0a
90533e81-994f-400f-ba21-3cb77e65d0e9,66a17841-2b46-44f7-b4cb-5aceabc25b6f
0ca0c7d6-b314-4de3-9df6-2c3d7385f9fb,f1493b6a-a82f-4c68-8751-c17ff8082b86
c35b0fb4-5316-414a-a75e-531537eae7f1,ef81491c-6e61-4194-8e3d-f6c914adb7be
51f8e4d3-2dbd-4e95-a74c-a195ba673bc6,c315c932-29ed-4363-9b8e-b8798f1ac21a
cbb420f7-1bad-445d-93e7-34bbf4cd3d75,40ee3c98-56a5-41c1-8dbb-33c6d8ebb455
9c0f7568-365e-4dfb-bbca-72ebeb4c0d00,4a474efa-5b28-4a3f-af97-130da1614d96
3a604fc4-a2c9-436a-860c-6e09c0a2177c,132ad4a4-a28a-4cec-8f7d-7ef1368acb20
e3d04e43-55f6-47bc-bffe-9fef6a918aaf,bb58fc16-76c7-41d3-a2e4-b880519bf4d4
9aa86491-939d-4b46-922c-85715af1c947,7a748f41-2468-4ed8-b980-5e140afdc3bb
2ebdde13-a101-4638-853a-5ffbf8960faf,1080fd76-75cd-49f0-8437-0acf1f9daf36
eda9667a-0c85-46e9-a313-31e5708bd13a,aac5c417-4a21-4d49-9edf-42b9e21a24ac
3c65c540-9800-4d67-8028-01e85e546916,51df1613-378a-4eae-853e-9a6fc65a5a5f
0612b703-5d5c-4808-ba28-1697ff90cb8c,0d2261e6-234d-4312-8d53-1a499633be38
d160b86c-4a52-43a3-aabb-f5bd92bfd6e8,d210ffab-25fb-45fe-bf63-06d8275c9203
873ae05c-45b3-4f36-800a-1a6f3c02d820,d5a112d6-e2a7-49e0-88b2-dbe71574b320
265a51f6-4c86-419b-ad72-a601be5bf4a2,b9952d92-0d62-4b01-8539-fa4ec60357f7
133f917e-8c01-43b9-821b-6f36a489f513,5b88d561-435d-4354-9363-6f6039a89c18
d147c0a1-ea38-4364-bad8-a67edb87e54b,8868f195-4c2b-42f9-88b6-de7770df2f13
f806e2a0-57c8-4201-814e-feeeaa1b5f06,2f016808-2e77-4ab5-bbeb-147eca1f15d1
f507c5e4-ec15-48a7-aa98-f256424e09ac,50eaa732-c66e-426d-af0f-64ee36fd24d3
2b6350fb-2eb0-401a-9b86-cc87c2ca7947,55ca34f6-d9ad-46a7-adcd-c38da273800d
6e1978e2-993f-4963-8c26-e8947890d6fe,04f37b9b-65a7-414f-95ff-af8452b6e93c
205225a9-e59b-4719-b1dc-8e225796a6c8,2db312c2-f8f7-4c77-bafd-cc3373491638
3d6e98d3-f7b0-4a10-a0e7-e23befa99258,6d7886a7-60df-429e-b8bc-1b917d0d5707
02f69c2e-7241-4612-adb5-047b93ae1143,4687f343-8fe5-4942-844f-e0cbb5dc1ac7
9d493e8a-9996-4050-a953-1f65a1930c9f,5025ccc7-8105-4471-aeb5-c77c03efa4b3
9d54af7b-bc6e-4666-a1d8-922d2f796d24,6c7a5641-7d3d-4d91-8a97-1e6800ea40c3
d7d8fc6e-7945-490c-8d9d-b87ad1e66dc1,d864b3ce-6069-4476-b9d8-9aad71f6f3ed
12115fc0-9f89-4e00-949c-8737728d6d2c,7fcae92d-2642-436c-8fd0-a7aaecf2e305
4756586f-f70d-4a84-a0fb-7021d5aab973,154e105f-d378-4df8-a79b-77f1a81c2c14
b86170a5-6db7-4197-a561-5b37bb31eed6,a070adbb-5685-43b3-88c9-223a9487084d
bbfbcc8c-6b38-4eca-ac0d-a3c4c4c51cf4,51df1613-378a-4eae-853e-9a6fc65a5a5f
6269b69f-47f3-4131-a067-225787567d1c,fa1f7892-4137-44af-996b-623ddff94f7f
fea9588a-7cfd-4e12-b387-0206bcf6a380,d8c284dd-03e0-47ac-a2c1-0a2c39ba128b
102f0ce7-566e-45af-9e2a-d24adf90a917,b2ec4b62-d440-4e8d-970e-4f625f285c6d
f55393a1-7aed-4eab-af7a-74fcee0bbbaf,b4cd66e1-9be7-406f-b450-4d0cdc63a1ea
24807b61-12d4-489d-b0c9-f48553ae1445,0d146b43-4b10-4065-979f-751357a7a5d8
b736110d-272c-40e3-a61e-6d02a05b55d6,c4e8f4ce-f94f-4695-85f8-7aaeb94e131f
3c14a55f-83ee-4855-a2eb-30773c09f90a,1273a886-9ef6-40eb-beba-f61611928718
e78be009-2a52-4632-8c14-6c1f484f50d6,990358b6-23fb-48cc-84d8-9e5f1ef5eb6c
bd77c0a4-938f-42c6-813a-c76d3a27ba59,cd61418a-017e-4edb-880c-1a4044cd1aa4
0811d403-a572-4a72-b452-76ab9b4ef641,51bc7821-29a2-4fbc-9fd8-681df323b84b
1bbf532b-2300-4c0b-b83f-08055af48594,e9b47117-703a-4477-83bf-de8471a76b68
346f1adf-d15b-42d4-8c9b-8339ed759d9b,11ff1da6-2296-4a94-838e-bb4ccdb22a57
39230350-f407-432e-bc94-bdbca191d8b2,b3506c56-b3d8-4483-b3fd-cff07db69518
9a4359b7-119b-47a4-ab69-1367b53d4534,3912cf8d-86df-49bd-9741-ee0159fd0b12
987b25e5-1340-41ab-8a47-b34298630137,08c92076-18f9-47f3-9d9a-7979e120506b
9ccdfdb4-d26d-4c3e-bfa0-71f5b833e95c,be17a0c2-8722-48f3-a32b-9a304dc19e5d
69462c40-29cc-4b80-b565-0cbdff142c2e,50eaa732-c66e-426d-af0f-64ee36fd24d3
e47a07e5-72f8-48b8-b866-3ecf8ce49f94,3255d6da-cdc5-458d-a105-19564bf089e2
8722fae2-0426-4e48-ae5d-ada046adcd58,1161335b-7f74-4286-9627-8d4b2655ac8b
1a90be2f-b4d8-4f30-97be-e0d41d6229fc,ef504d1b-9b94-41bf-a846-62019ff581d6
563803cb-fc77-4f36-b855-1eebd25799ba,94549205-d072-4164-917c-4e72a0693d65
8755c2bf-2ccc-433b-ad87-a11c3a705cae,b784b221-8508-44ff-b662-47af46ca64a8
a2140d47-db70-442a-a7ba-5ed098330a8f,e6224a97-161e-4608-ae1d-f638fc9415f0
c49c45d6-944d-46b9-a644-cd3b9fabb2b7,0a6deff0-deda-49ac-9849-8dd07e3127d8
51d10913-b690-4781-b1ef-e505fc05ce14,6a5aa8b3-cf33-417b-8f95-3833f455783b
342ea1cb-1eba-46c5-ad2d-01ca106dbb34,d373f550-b3c7-4034-a8e7-d9a82cb6720b
8fb85344-fa2a-4a8a-ad13-eb82620e1f71,71eb7cde-2aea-4522-bf32-567b059f50df
26a0ec91-eafe-4787-9a5f-f2a62502eb3a,a6705c69-1ac9-4933-b6a9-53904843dbff
b5de7773-0275-49e8-a3ab-e2adc3ee0ff1,4eec6ef2-70c2-4302-a759-5f65d21fef7c
a346ce8d-617d-4968-9497-164c3176691a,f48d2c5e-8fea-44a9-9be0-d30485d66d0c
d932d746-b832-454d-8b40-b30c3157fb6e,62c4be57-a0cd-436f-abb2-87255ec8e3f6
afbb062c-774a-4563-abc3-f1d8cbb731c6,f24cecec-d4e1-4cc1-977d-d52cb3cb2e98
82a0bade-c2fb-4bfe-9d41-01f82d6c5124,16ecfcbf-86b2-49df-8639-d11003adb314
a710a42f-cdbd-421a-a131-59350b60eb67,e3c69f3e-a8e5-4722-8503-bcc2d633b5b2
53b03cae-b698-4c08-8b72-ffe1a4e88e75,e08822de-21c8-4776-8fbc-f3119c6c07e2
f0e6e175-ce2d-4dfc-9ba9-7ca3e231de1a,d5e65d5e-ec13-4e5e-9ba3-2a111b7c01e2
b778f5b9-c033-4baf-8ef6-ad1f2eaf5d1b,2a96bb2a-92f4-4713-86c6-878b32269e4e
64f346ee-8ad6-48da-a38a-598db37748fa,b097b851-31e6-4c0d-b8a6-c5cd75dc1ae7
577fc6c1-7246-4c65-8e3f-b22ebcfb40b0,0e56c848-27ea-433a-8aa4-88f9c383563b
d69769bf-7440-4527-8dff-23abc13735a5,252e96ad-ff3a-4f52-8b41-83a08a5507d8
f9890483-b8c6-45bf-804b-8f827481af47,0d146b43-4b10-4065-979f-751357a7a5d8
5ebe5e05-c3ce-40ff-a989-a378bb08e558,0b2f126b-955b-4736-882f-8b892fe9e364
cdf7f569-a5a1-476b-b27e-6bab4214f4f8,2968357f-3882-46a6-a4cf-72406c04dd3e
9030d81a-878b-44b5-943e-f91fbcc8ca41,61444821-3cde-4adb-b9bd-4be464ee5174
076098f5-60e6-4132-94a9-5029f9a382e1,d4bb8388-67eb-43db-8e7a-378cc155b604
51283edc-7fc6-483a-8ae7-06dc623fdc7f,7ba099d4-c311-4f77-b187-b3dd8bb1245a
e39991f6-5162-484b-9177-9bcd5e7cf40f,0b83e7cf-b5e0-46a5-9140-1991a60e3bb1
5628c627-73f1-4fb4-b180-4a3c016d54bc,0e267a4f-885a-484b-91a2-1ecc14c7fb9a
b0cdc605-a30a-4e62-bc90-cd83c5c8643a,6a3cc2e2-0e16-427c-a9b3-00fb82b0b8c8
69ef718a-b226-45d2-8fed-a730493c5ae7,9df29a20-5b3e-4768-b826-279de5193777
08b55693-279b-46d3-bf54-720d558bcaa8,4f994e76-e937-4888-bb01-3bd47ed67c89
2654ec7e-eb3c-4247-8501-7d476e238e41,3ef3ffe6-7864-4643-898c-463c31493001
8b85929d-b8ac-4de4-aa10-3e5186ce136c,9c88f2a7-1c32-4043-aa02-6962095f0941
e7040ab5-2672-4169-88b2-f719e47aa7e5,8940e221-e7e5-40ad-83a7-2495df9feb2f
38a71116-d340-44fd-b4cf-34f34644e9d4,597fd1b2-1832-44ea-9358-74d0a798858a
ff838706-f830-4c67-b2c2-9b0a505bc2b4,9e953026-60d2-41ab-a3a5-8f72ede5e183
aa7a108c-28d0-4104-9181-bc344fadda2e,14a3acb8-c6d7-4979-a192-27cf488b8dfb
a33b1cbc-c7d7-4089-876d-a0a82fc1fd8e,5ff828ac-0ad8-41d6-b451-d1bd8313dd22
0a4585a1-6122-4e3b-8cc3-5ef2dc409446,d7fb2b11-c9c8-431f-bcd7-33e27f0ea061
5803faae-f703-4470-b69a-a60c616a7e1d,d2c4491c-4a16-4489-90c4-2e619b87a726
3d12efd2-149c-4d74-9f7c-0781b03c4398,70e68eea-d647-4b69-aa5e-d92c324de200
667e3698-a9a7-4351-830c-c93779f593a9,2e4dacc5-ed4a-4f25-828c-e651de8529c6
daba61fb-0e1f-44d0-a527-aff6a8e29667,697e5738-d703-4e17-b95e-f6c742941afe
5049789e-03d4-4e24-bd6b-bfffc95d61a1,5ade2bde-29b4-4d17-b3a7-a2bee9cdd46e
69f8cb2f-3d72-4611-ab77-e8a91d8b05db,89f5dac1-c822-4ff5-9461-31da8ca38961
597a8e5f-cbd9-4d0d-aae7-5ee07ba2aad9,41d74d59-e909-44be-9e80-eb6bbe7df610
1a02d714-0f46-4757-85a0-8a3eea81f454,a2738c21-ce89-45a8-84e7-37857ead90c7
27d0279b-fc74-47de-a634-fe4ffa9479d1,73cfb93a-2b13-4c3d-b3f5-f3d9fcc5a89e
49f2bd7f-82ed-4662-a8d6-d628c00c8b7f,0315c05b-1008-41af-b961-f11a12ef0136
4565bd48-0ae3-45e9-9d53-0e580f0659ad,e1da2edc-f254-45a9-879b-3349a2b8c721
0507439b-82c9-475b-8bca-023fcc47c5b3,b0dc2496-c1ce-46cf-be85-a53e56e8ebf6
58e98ef3-30d0-4d32-a148-1f1e36010cb5,68297d00-280a-464c-954d-a55b6d4392df
535d04d6-978f-4e49-baed-7adc1493276e,e8be578f-2cf8-42b3-85db-5b228bc2fb09
43d98751-efc7-42b1-a02d-01946f85ef17,d651ab99-6189-4beb-b449-7806db3b2342
26e3129a-f068-4da3-882e-493b59d04cf7,20ec9678-1b37-452a-8139-70f7bcd32447
b4ea0f6f-2542-4646-a686-3b8d46794167,dacf1b2a-fe18-48c6-a727-f88a4902db48
d668352f-0c8c-4e55-8b48-8e3336cba9d5,9216f36c-0334-4e64-8ff6-abff2f8773f7
45f4bb57-0399-46d8-9ad3-e97ea85f03b5,da8c414a-94bf-48d3-8988-eb1cbab380e1
349aace9-4806-4d43-bdda-2210dd18f0f0,2fd129ba-f519-422a-8dbe-2010e67bf7aa
9cdbd93b-1664-4afa-9013-3d51272eb394,a197cea6-52f4-4878-be9e-b71ab30b9ef2
1cd97ca9-d6fc-481b-b9c0-64aa5990901c,2c6d3e35-8c0d-408b-9a37-4f54fbc05c48
9c242321-3c34-4428-b886-ea6c5d725439,3dd149bd-64a7-4332-a8b5-581d17a03813
11553fd7-9cea-4b38-ac5c-9314df053988,08be4b13-fc22-40b9-a331-28e67d7cb339
7e53d60d-969c-4553-85c1-8e3327ae4dd5,313008c1-7c86-4c44-8e65-8502b35fcd6f
45a98fda-d833-4a5d-a05f-022de6ce688a,3f51a7c2-4245-449c-b292-84e5a955239d
63b01a17-7a85-4137-90de-fbd37a227f7d,e555876c-193f-438c-9a33-487fc48406f9
13dc5d2b-daaa-42b0-8747-4c8cfb2f4371,4d85ffd3-af5d-4433-9784-fad212ab146c
33b0d56b-197d-490a-8f59-968ab3b452a4,9e9823ff-47b3-422b-af44-48fea68e073d
eb8747ef-0dfe-494c-88ed-a6410fab532f,703c1d8f-12ba-47d0-9cf9-98a295d442be
a2ba3c43-0553-455c-8aa4-8c140daa43d7,920738b4-ca02-415d-b0fd-6f011c27643f
c0e653c5-ed01-424d-9d30-574b8f3947bf,5aff780b-c48f-4728-ba59-299e524dd1f2
1c131d63-8a39-4f16-8ccf-4d7c2a57cbf5,45756bfe-5c44-45d3-bf92-3b72e0e5db14
ce2c8e2e-2769-4c9a-b3eb-3b78ed5e77f1,651e7693-4cec-4248-bc60-2890398d9166
c6425dfb-3cb7-41a5-afcf-49fc47dd3bd3,3987f6e2-971a-42d2-b9ec-1e166b5e248b
e5070012-d5dc-4995-b088-e57382849c4a,fe7645f8-9467-4340-bca9-d3a8b9c29d42
5566761b-7ff2-4397-b41c-f714e6092ef9,5c41f9e7-1512-4580-aa34-79e3a6c9b368
08db3db2-1621-4d52-b62e-0537c1eac58f,0348f9d5-98ce-4c33-b174-4fc136c6b13e
2b7c13c5-f86b-4718-9b4e-c437521fbd1a,4e7ab142-6cb2-4788-8b8f-bba7e9d54b50
345b2c5f-b03b-4693-b481-dee4ff08fe6a,a11ff56c-d462-4429-913a-da9867de5452
121f50a3-0297-46d1-9fd9-8b1e96e2566f,a69d7af2-a518-46b6-a312-6ddbdba52e01
4d5c70be-b467-40c4-9aed-e815c207cbef,2e4da116-bf91-4d1b-ad65-197697f12e0b
d38157ca-ce97-4899-9a26-52e50a8ebe89,d646984b-e631-496b-974a-5c2d0d93fcda
5f00ca35-5074-4f47-a02e-998d288a07db,e48b626a-cf4d-4b26-b77c-d8c37095a69c
618a340f-621a-418d-b943-c14bb009e11c,3e184102-57a6-4aa2-aacc-71e07f38ce47
eef6cfe7-da73-4997-b077-955d10e3e222,393281d4-8b67-4363-8f93-c805fbaeb77b
1a40831d-2eb2-4f49-a618-4af4a50bad55,5fb369d2-ae18-44ae-94fc-0ac91d8dc755
5fa9ebdb-49e6-4419-8eb8-6032b313644c,9bff843b-b820-499c-aa40-6529dacf60f1
244033ab-0c82-461b-bde7-8f11497b8ec5,497c98c3-5103-4b6b-a620-18b4ca33526a
97c775f1-9a61-4940-a917-f2dfe2ae4987,a7501421-c6fc-44f8-ac1b-6aa807c74263
1f3b4cd2-0af2-4049-9125-9fd0810e1646,72102a1f-ef85-41fe-870b-f3e645005879
296c99f4-bc0c-45aa-b299-d1f09750f5fd,7284ab40-edc5-4081-a84b-2b5b61656985
18aa7cf3-deed-4f56-a949-63c26729c3f6,901abdae-6401-4f8a-8c2a-d7eadffa0ce5
85bf9c9c-5cf8-408c-9e34-7daa93b61183,3676efc4-5437-4bd0-a0d3-5913469b94dc
5487a564-9daf-41c2-9a53-385cd196619e,2557239e-2899-44b9-b6f5-49aa6c5931c6
ab176362-5e9b-4e93-af52-2a33e24854dd,98101cce-e63a-42f5-8b38-c84a2accefbd
dd4f910f-e806-4e62-a597-d03c9eb3d1af,43e9d5a1-fe9b-4397-b4b6-950417ead9b0
d5d650ab-48dc-42e2-84d4-7aef0f4978fd,d7fb2b11-c9c8-431f-bcd7-33e27f0ea061
1557f5e1-6b2e-48d7-b957-1ad7abd6c683,6dddee1d-8a45-4c6c-8d03-6e02d49aa3ac
1f9a5004-770b-4a0f-93a4-20f5d7e50c2c,d32c5a69-63b9-484b-ac0e-6a35a16e38fe
1a99ce83-4f81-4237-ac4c-80606df4feb3,4689510b-8e3a-4f36-9b7d-c2633f6e5144
34f06c4a-12a1-4457-9b2f-4dfe913036a1,cfd39a3f-3404-47b1-ab21-822908f04e7f
0e517ac0-c0af-4314-b139-ae9d31245e37,11462941-8120-41f1-a5a0-f4f05f7bb9e3
eab8a286-987d-42c4-b929-abbdf5594842,2aacae09-06c9-4a02-b075-192ba9094528
ea9591c1-9266-4964-a7b7-1c66621d43f9,abb2edaa-2361-4686-aadc-dac135cd328b
11e619a1-2f7d-4879-a854-86800a5ca0a1,f35f0d03-9abb-4ad3-8a66-eff1bd4906d6
2080e9bc-4f6b-47e4-bed1-2bd79d1491cb,6da58fce-80be-4a7c-acb2-e770ccfdea26
fae5377f-65aa-49c9-ac4a-890ad793d7db,4c9b4406-4ba0-4973-acd3-3f4f389eb98a
406a3509-291b-467e-92df-ba52b8e05ee9,9053d5d5-e75e-4e8b-9a87-9923c90a768d
c6e87e37-264b-4ce9-af7a-a618c3f73278,dfc9380a-303d-471c-98fc-e41331d0daf0
c69a812c-eaf2-4d67-9234-7985f3d3958a,914a7644-46bb-4344-b00e-af96ed585ebf
11235c27-e036-4c13-96de-e791f97e2304,7512206b-4ece-4c7b-8cce-b1f68c42eca6
45a1739f-2a51-4c40-bee8-11ab84dc1039,fec0faaa-0dbf-4e36-92ed-29928a8539c7
e5c37b5a-26b5-4a61-816b-b1f9b3b351c9,2cbdc654-a83d-4404-9ed1-4d3d5c6750fb
a33338a6-581b-42c6-bc4a-ac49329c5b54,7a3f060f-4985-4e3e-886f-804b6d6039cf
d383012f-7c32-44e6-82af-08a036029fd5,ae080c8a-164a-4aee-b6fe-d9727062438b
f5f3317c-7f13-40ab-8eaa-db796b5e581f,c2fd06d0-b4fd-4d70-88eb-5de7af1a8a24
4f1152b0-638c-42a0-b24d-36e503da4327,d6004866-399a-4483-bf95-f0fd5bfca8df
37ec9d87-b7fe-4775-b234-586c7875716f,1edeeecc-17ad-4f80-baf1-928dceb0014d
03aa8b1d-837d-4f0b-a336-8e19c9d40437,8d6853ee-3c92-46f6-8149-487bda071d2f
55761a68-b8c1-4945-b14b-b43ffcbaa0af,37b83514-d985-43fb-821b-c6686df53a69
707237a4-98f1-49c0-9a40-94f7386dce80,92653870-e9df-4676-901f-3faf1259f42f
018610ae-60b4-4730-9e81-a3c068f23223,48bf76a0-83a7-447e-921d-f6a702ac43a7
e03e2648-11fd-4882-b87e-d3682f1dec2f,c35c5e93-ce43-4e71-914d-70e7228b5e0d
c601a6a0-3942-47b6-9dfd-36bd1c668ae0,c48b8825-fb9d-494f-bb01-cdf8251191f0
cf05eb60-aafc-4d30-8016-346c4f67f4f8,e0211bfe-d84b-43de-a926-1f7a2bb7daad
7ad3ed83-5448-4ff6-a118-b19dde594a28,7947cfc7-74b8-4be4-9181-6f6b401fc964
db9bb866-5348-4b8c-aa15-6b05f1081bc2,80c1a836-6da1-4da8-a617-f3cbed0afaee
99f16114-0df4-425c-ae6e-5814641df3fc,03971ce7-4e84-499d-a838-27d7e9e947c1
235ccdb5-175c-4eee-829f-595aee7751b1,507505fa-6c96-4772-8e13-d7b53a341164
5fe658b7-15c7-49c9-9859-af3d79371b66,4160791a-a284-4f04-aa46-5e028e3bf2cb
04eb638d-4062-4311-bf10-315c810ec8ce,46e0cea4-083a-45a6-8d62-ce671b3b07f6
519774d4-10d0-4d8f-8b35-30e70783b90c,0b65866e-21c4-4ee8-9507-770a672f7143
f70809f6-ce50-4d24-b2a5-d286ea042c6a,31f16e43-3772-4e74-8499-a51fdb056178
abc3bc70-58e1-4cf9-b682-9c3655a3bddf,0f5ffa7e-1ea1-4e2d-9986-5d5b4732b011
d778bfb5-e9a2-4976-8a4c-60022a45b3d6,7541c139-4926-45c5-a0b1-80dd012b1cfa
53489407-9a4b-47cc-a791-d418660d43bc,1358900b-093a-4991-b326-80caa4568f7e
e7e15c45-d366-457b-8c93-cbe9094f7ab8,a4917c0b-9bb2-4ce7-b45a-f50f99e312ae
f5457891-eb59-48e1-b2cc-64822fe22758,171c7483-763c-464a-8272-94d02c8b2c6a
e520fe67-2f6b-4c27-b209-16dacd376467,580a5d77-ad6c-40af-9792-5b48d47aa4a8
30a80ff5-cbd1-41e2-824a-e121ed9245d9,39a7b331-ba9c-43d0-badd-f6d250833880
9cac6c15-8973-4d52-aa3e-f82764ed22c3,29afb106-3542-4bba-8d38-3f4043f33845
dfca84e6-f0dc-4729-b79a-240b28634075,ea7f2bee-481c-4703-90ee-a1cf09e6a09b
3a2eebb8-55e7-4715-bee7-7df3affbf7e5,cc5dbde2-9b78-4337-8cb7-02930a0fd1c1
ec882dfb-a4d9-47d3-bef4-5056ece2ea7f,ea7f2bee-481c-4703-90ee-a1cf09e6a09b
57b558bd-9e45-4d36-8a20-405d1d2151cb,47937dcb-e623-47a0-9ded-0a630aadebf7
5334e4df-81ca-4f10-8aff-2f264655aae8,f9f17b1b-a157-4e03-8782-177da66e8cf8
35a2a752-6bd1-4684-bf8a-0d168faa144f,159e0ee4-3d91-4fc5-bb75-4800f9e7798f
760ecc1a-fd7d-47c3-b990-45ab06e767fe,ba4b8529-4bcf-4fdb-aa35-ecb535057d74
f4efbc0e-2b52-45c0-9d20-6479eae682d3,00ad19cb-1e9e-4c31-9c2e-7b6205dad322
3965cc51-4eb2-4b86-8c8b-c1f9f3cfa83f,9c11f48b-55c5-46ad-b268-fcfb6ba7899c
c418173f-de47-48cc-83aa-ddee9af7395f,50eaa732-c66e-426d-af0f-64ee36fd24d3
6acc34bd-d156-4a9b-b385-293c230fe3e7,3e527f2f-66ca-423c-ae95-4967c3940655
e9adf724-b19f-4e52-a079-2e0cfd1537d3,44a48ea9-60b6-4e1e-9c79-5d76f6d4eb33
14f9d53d-b1a9-4fcc-abd6-79a6b2e7702c,70bc9755-4251-4a4c-89c7-b3bd9ffb7dd6
16654d2d-5293-42f0-9aee-3463bb4009b6,a0918450-9aa9-4d40-8384-c7c1db927b8f
1bafae86-6b49-41f8-ab9c-ea2da32590c5,98e251c6-d85e-4554-be9e-01bfd20d8a4b
7a1090ba-dc49-4bfa-b4e7-5571f9da96ff,67d98f67-426d-4a01-a765-ff99ebd03964
6bdfb2ee-a8d2-40c6-a0db-2d036cb370b9,65e8b835-b39d-4bcf-8dfb-f8b41bc9b68d
8f3ec74b-454b-4dfa-a764-0b08c64b950b,475c1cf9-a84f-40dc-8640-fe2576a96250
06857455-17a1-4161-b3f3-1ffbce537324,a6cad236-9b83-4c17-8e40-fcf66f370fce
838874a6-662d-4750-81c5-96457974553b,c6ad2297-8acf-4ae9-b3ed-1df5d21ba515
db73fc1d-87e4-4d7e-ad89-4873e49751de,5d837041-aef0-498c-aac8-f8c7a4b1ab5a
36cfd1dc-ea23-4156-b5ed-89ebd854281b,9945c248-3779-4d8d-ae6c-b78f27624389
b41e1b23-f091-4825-ad5c-d0dce365406a,5652e873-daaa-4feb-9a81-73ed222cf5ff
14ad31cc-db6a-409e-ba47-e4da9deb8ea1,6fba768b-f154-4204-be6a-ebd2411dbccd
6e36774a-3284-44b2-847e-2e74dab00bd3,9b45c111-82be-4d9d-b01e-73e1747839a6
34dda672-c78d-419f-bcde-d59d7903055e,05f772f5-29c1-407e-9bfd-44a96390bf09
eb3fecfb-dd38-4f51-b836-65e141abe9db,3ed342da-c494-4c1a-b521-3625e04c2112
be60d9fe-3efb-440a-bffe-ebdda8c51581,fadd5c7d-1932-4291-a53e-cab7d9732697
9fb15ae5-15d3-4ee2-b014-5cbd4ea5d3df,6756e8ae-b92d-41e7-bd6f-6040fe2494a8
774a6e75-b4e1-4ff1-9172-a3515b7fab83,c998dbed-9576-45b2-bd06-3c47911371d0
38025785-e12f-4e4f-bad8-a12a4c575c1e,4dbee11e-d186-4df8-852b-dbddc649dca1
a6fb6b79-0a29-4f94-9f19-b49f9913dc7d,c237cc3f-b83d-4582-914c-dea0345f763e
19d7161d-87af-4d1c-99bf-37af082c29c6,466c7945-90db-45c0-875a-068a15abd940
de72c566-6783-485d-9180-f6c233773d2d,cd4eb2dc-46ad-4515-b417-6c3ca5f7b4e8
b777f5b5-e102-402f-be9b-3ccf37d61205,a5eb1e42-5e12-4833-a37a-98c46b635674
8268bd25-d559-4f96-b853-ef4e48ca4c8f,bedbefbb-3bc8-4a6b-9430-8d82117c848a
9e7ccd7c-3ec2-4069-b7e3-d01c0e3c5619,1fe4a2ba-09bb-46ec-b5cd-9c571b05a4f8
41b3ee2e-5b90-4a58-986d-a71857a13b57,005be4fb-048e-481d-a9a5-aa767c462625
b3810e34-9f16-4d99-8ed6-9a95902d6247,0bca6c92-834d-4fbc-854d-ad40f7978cc7
00ce449a-81da-42f7-bbb5-48a2e83a3abe,eacd1fc5-af86-46aa-9cbc-572b2dbad29a
54daba60-7215-447a-b624-4da4d1c78879,b0e58841-053c-423f-9b25-cc9f4be4561e
ce4eea23-b0a7-4f1d-be47-a6be2b4ad26b,a9117702-4d5a-4dae-ac38-d144716cb327
0b1a2ae4-e1cd-4d78-b0f3-82a5e032fabb,9f739518-e556-498d-881a-6f32be0372c1
21adc1e0-125a-4d55-a716-24da6aff43fa,b1c41204-fd5b-4086-8b81-0372f66effa5
e6ce61aa-6f16-47b8-9690-1f699361657a,fbe9ccf6-4d5d-4534-93bf-9ff435ab9cc1
a5051423-b761-4b80-9dae-b70cf5ce26f1,bcd77516-a8fa-4fe8-a7aa-e7a29a2c3ddb
f34091c4-45fa-4718-8edd-6175ef6edd53,6e239106-20af-4e0f-b13b-001a0e3ee878
b1872c65-e4d3-4d6e-88cf-0351edf3b19f,1a365193-fb6e-4fb6-99ba-7cedd582c995
44b1cd9b-3040-4c24-b2a2-df85b0de3fec,62a8138a-b759-489c-8ec0-3c4dd3bbf723
1e7cdc83-1775-481b-a833-1f6216ff97ee,e4a00185-dfb9-4435-a71e-248d7f082288
7be38f6a-0498-451b-aad5-364c65f61140,2bd63a16-756e-49b6-a239-64689c1bdf40
7f30d089-51ad-4d34-bb4c-ffde0ac28773,a7ec08d8-eb97-427d-9944-5e56c7ff73a3
5a3a3421-30e1-4aa7-89ff-bafdab4577eb,b3fecd38-1a13-4c95-952a-1ecb575a65a4
33cd7413-7120-4877-8306-5346b1e025f4,8c653e48-e366-49dc-8762-926f2bd59880
59c2cf6e-d7a9-49b9-916b-e78455eb9ead,2213b29d-37ad-4df4-8d3d-bb6b63ac3c15
642c12b1-b37e-4514-92b7-c4aaa3b8fddc,81673f19-ddee-4959-aa72-8b3bae088f23
59da949e-8742-4f41-a4e2-913f21020873,51df1613-378a-4eae-853e-9a6fc65a5a5f
794ef0a4-ba52-4db5-a169-33d9305bb774,cf1bd523-c9c0-4652-baf0-61e9eea9dac3
42350311-6298-4edc-b602-babc89d5cb75,8d6f3678-4b36-44aa-bc65-d46a0e97edd6
ae608769-e205-42f1-a7cd-8f9076a6997f,7d77a963-4bb8-4837-9418-e1f1c35316db
e93c42c0-8be0-417c-83e2-9ede90176cb5,44406dc4-f72a-4c51-b091-453536e648e6
4dddeab0-e790-4ecb-b959-607fb5a320d1,01bd8b79-7cfb-4170-8b55-bdb6aebb33e0
ad89463d-7e68-4a27-bc3d-523149309d39,65729e93-9b04-43c0-95f3-0ca748fb2738
f85e33b3-fcfc-435d-9945-c4117635b2da,be21bf70-b273-4eef-b32b-9c98b964baed
413c5ffb-26f6-48cc-b735-339dce510bc7,f28a843d-f66b-41c6-96d7-2fa9073eeea9
7e46e1ef-42a3-4038-9818-f811f26d77f5,4e6efc99-8290-44a0-b12c-cf0c13dea518
7fef58e1-4f12-49ac-a216-736a099031db,9e0e1a84-c5cd-4af4-ac13-c4eff5652ad4
93a1687c-d9b7-4dee-9a62-5cd0b744e197,35e4b617-d941-43e5-a1cb-c7e229eae7c0
0893ba53-d7d4-4406-b22c-5d3a24daca3e,a176ee70-7a2c-426d-b94f-f8bea27d8686
290bde4c-1131-42fd-96f3-b7898a643a8e,3541f005-de4d-4018-be5f-08e5fe35b0e0
b031545e-6370-4e98-ad1c-aebb9ed8a36e,b3630892-8973-40b1-9bc2-56a2626088b5
421e69c5-e0de-44e8-aedb-3593d5ae3217,7fe90323-e2c6-4d94-8ce6-d0635733a5d4
5ef3231a-2f7e-481e-896a-5b2db21a3ba3,906b2bb5-b7d6-44a7-9a82-d08fb0376551
71b2b233-5b65-4cbe-ae58-ffc0b041c4b7,361d7631-74b7-4834-a505-d0bbedb6009e
3a8893c9-f2ec-4bf3-bd5c-178a533add01,83a38e44-3401-4976-a72a-4f3f037fccd4
c212538a-1a07-403d-8b9f-feac05bbcfa5,cc6d2922-0eac-4ac4-a31e-fb52ee023adc
a4880c24-daa1-4e6d-b527-95a6bff7e5f8,74f75e7f-e847-4041-b736-683c1cf3b5db
8265b1cc-215a-482f-9cf0-16225e86db68,06f09239-1501-4f67-a216-6700ad35d52f
34d81edb-c082-42c9-a474-a06ee5f4b16f,9ae666d5-e2bf-4a97-bab7-2b1217a0fbbf
f826a5db-c1e8-4758-96cd-5ed2314f7714,db455dbe-a163-455a-91e6-3af06646baa9
a763a3dd-5c35-4cc5-a0ff-4f5f171be008,702e75dc-b5e8-48ec-b044-f5745ef07351
57417cb2-6faa-415e-b94e-69f9b33266ac,49817bdd-13bf-4de2-8fe8-7a7588e5c1c8
38412ce5-523a-4167-984f-6abcb1803481,5c17b485-a0a1-483d-aae8-a6704f5446d7
dc877698-afaa-4ff0-a7da-1b7c7814b41a,53f3a728-0dee-4a69-a4fa-70fc06ff6833
6882f50e-f13d-41e3-87f2-e08d6d412b2c,f14f5f9d-6f99-4453-acf3-6150a9c8f3eb
a8151fe8-00c1-4103-8e2d-e0b44c07bbd0,f484a464-ade0-4d61-9a63-60cc9548741f
6e18f36b-ba3d-4bfb-b1f4-750a8671644c,3bad0809-cf98-4bc4-a84f-831af7530fb8
b543dba2-bebf-4c34-aa69-08a4a36b96ca,6140bb4b-2fd5-4d8a-9c49-9aac4122b774
acf34294-427c-4d62-9c66-5f4341739288,8eecbe08-3a7f-4fe6-8af5-566281e8dd9f
b1e5284e-7f36-4d22-ae11-cddf4c2d0e3e,23c6b989-cdb4-466f-90d9-746cdc540a4a
3519ea8f-e56a-4b5c-93ec-86d764030f1d,0def66f0-0f18-421f-acba-19451cf926d6
aad13810-1b64-4a1a-8852-5301ea4396e7,616d63d0-77c5-44a8-9aa7-8d122c9bac61
ed41d666-d7ac-4eda-9392-266e9ebd1eec,00001d2b-8b99-4b5e-8aca-2c5459b61895
27070a13-a672-44da-a81f-aa36f30a242f,5ffef8b2-b940-4928-ad7f-c24eb4b97ab5
e1971702-31f5-4c5a-8b23-f35168c63022,d352c1a0-dfc3-49a4-b090-f8b8c4b01375
99d50b14-c351-4ba6-b8fc-fe858e29b2b9,a5bbdc91-55fc-4476-91be-b28846934cfc
7ea055d7-3714-4e33-a541-06f86418b49e,2a9bf723-3265-48e8-9734-b7a04dfafa57
1063ea00-7f42-4c9c-94c3-6b5a99c22807,47b90647-94d0-4b22-8bb6-028d3589df85
fc729657-32b4-4851-bf99-6e869d921b77,0bb41e1e-b033-4eea-ade3-5c35cf95dbf6
0c710450-290a-4e65-9d10-28d319e8f333,e1b6025a-67ee-4545-8734-46636c81880f
34bcece5-e538-456b-8b59-86d3f0575eb1,cd16aef7-894b-4a45-837d-3ae8008cfb88
c12c6eb1-6446-44ae-8a7b-88666d7bfa22,2cbdc654-a83d-4404-9ed1-4d3d5c6750fb
9bec324f-7dcc-4ac7-a41e-e250ee213199,c5fdd269-5322-4dae-bfc2-fd05a7c5e794
68e43116-f713-4bd7-b50a-33825afa7e3f,03bdf188-5740-4e45-8f8c-402be7dc7a37
6c9fb44c-41dc-43a4-b1f8-d04456770470,5961cf7e-9d68-4dc5-b86d-7ca24fad0985
19695ea2-41ea-433b-a0d8-867d27d40eb5,55f80e3f-9120-4d10-aca8-7f1926f51494
d2f2d9db-7b4b-4b0d-a1b0-c72b5c346386,edf7470e-cabd-4394-ad87-8aa17e674510
342daf1d-3dc6-46bb-bf81-5d474bd8c959,441ad83d-17c2-436c-8e96-0e3395e67ff3
83091e2b-4a8b-46d0-a7c5-8f3cc6f8afab,3562cba2-958a-4e67-9d66-57b08bf8dfc4
7dd75700-5d00-487a-8e65-5bef4bd91c90,6e5af8bb-ffe4-42d2-95f0-fe6f0f72e196
3c6b0e78-1612-4977-9265-bf018e33ab75,99f94db8-ba21-4ac8-8ee1-9d134668754c
4c9b3c73-fbd7-4eb4-a5bd-4447391dbc8c,385542d2-6d81-4734-b1b4-7b6812b981e6
866558fa-fd91-41f9-9b1c-e7a0b880be6c,529bc233-ae5e-4ec1-877d-3711e7d1d204
6887cd55-45ea-40f1-9294-04dc0324dd17,0b6a7a1d-2eb0-441a-9c2b-5aa979268411
e4e62c38-adbb-44c9-8032-94fe7e8f7df4,3804b947-5a95-42df-86c0-50c845e95545
0a18301b-1402-424e-8605-05d62d5c7654,b9fb9059-331e-448e-8e9a-4f13eb5277ab
79ca5c9c-2e37-43f2-9175-20f83f810a17,f5c58eba-dd6a-422e-9383-f5edd602b575
92d78851-1501-4905-b353-4d58b7c74d9d,a95ecafc-7669-4085-bfef-201087d07e8f
a3bf5199-fc02-482e-aa98-5976d0343581,b4713b1a-1bd5-4958-af0b-843823c5a720
746255e2-c617-420c-8757-20ae33a11708,f541c259-3765-471b-80a9-3866c1bee3a7
5fdbc2eb-a261-443a-94ee-3f9eae1850f2,767fb981-ff97-4626-98f0-7b9ed6fcef4a
92dae74f-cd45-4cf9-bdb0-a39be9c21179,eba4ca63-3f0f-4dcd-8f7b-9789affa0278
40acc4a9-5df3-448d-8289-5efbffc44b91,55372343-c040-4be7-85b5-dbb94a511f67
ab9fa2ea-e4e4-46e0-9033-894909c5a7f1,10b7cee8-7a81-4753-91a5-8632501320a6
5ce546c7-f8d7-40b7-aec1-031b26c96e4a,f1e6d043-7b61-4cb3-b4ca-df359fdb6eda
f7f84456-e458-4bbe-9fec-6ea55ba7778c,579d5159-a759-42df-bf87-fab55b3a1b78
2c874cf2-e5f1-4b3c-9083-89d583283d90,c795d4bb-1a41-434f-a16d-86a87b628654
8c910727-f1c4-4c83-9d25-efa74238b014,ab2d27b9-ff45-45d4-b6ed-e0accac72bf0
22ad9b4b-5a44-4924-bc49-f7860c7abf62,b9f7b2a0-7974-4804-9d70-dec3eab197d5
b83c36b0-7b28-4e1f-905a-564ac6149103,d90a6107-c755-4505-bd3f-d5e390c27811
46c447e7-f36b-4077-95ab-c3f1281d6bd7,61180958-f6f3-4d51-905f-388866d9e3c5
5b5a57df-dc03-4b94-8597-0cdbd8d015f1,13d9a9bb-bca5-4977-acc5-877412832172
25144353-ecd5-4fe4-9b4a-0d7891216224,d2b25acc-91d2-4f6d-a6db-fa580ccdf025
9e0a9984-82db-41e7-ab3a-9b26dcd66743,2855e26c-0f0c-493f-bf7b-d0e529c96aa0
ab65e2e1-715a-4ac4-86b5-426739dac89f,89ce3fc0-700c-47f7-9258-0c34adc65595
a370aad2-d9b5-422e-b84b-d7bf8c7dc83b,2cd926c4-e8f2-4402-b6fc-71d2bbe4b90c
2dedf09f-dee0-4b87-aed0-f96a5f40bce2,50dff29d-b7e6-4cbe-9a08-7c90ffa0c9fc
a14818cf-0b0c-4ebe-9983-0f8edac427c9,5b4ee3ba-3c71-4977-bd2a-ff94a92bdfaf
34e655a1-920f-432f-97bb-94c75b930c66,5ca1d904-5be0-4691-b8fb-66f379ac48ca
42dadf05-ac43-4270-a4a4-517851eba743,bb335a9a-ff29-4be0-929f-c87f05ebcefe
40b01ea8-4643-424e-a4a8-0940d5d4a3c2,ff39027a-6826-4158-beaa-65bb8771253c
efc04928-f524-4c8a-8cf1-b4945afe8656,d4a247c3-8f2e-4907-aabe-e888d198a239
8c7e18df-5f7a-4288-a603-a16708557a33,8652bc03-6962-4ab6-ad37-23235dddf16e
0dc51367-c49e-4c29-b8d8-60cf49df20cf,85eeb923-cfbe-43e6-be78-c90da15af07a
8a1393ad-a37a-4ed4-aa01-4ad32bbdd192,2cbdc654-a83d-4404-9ed1-4d3d5c6750fb
eb986e56-383e-4165-a84c-a8ddaf3d6298,1cd48d9b-d0bf-4a45-b644-647c59b3b4f7
e3ed67bb-7ed6-4188-aeee-4d50f8dc96a4,bb161b72-8665-4ba3-96fd-8cf07b68e3f2
c70675dc-c4cb-478b-8357-1e76b539cd1b,11aeab82-26c1-4064-8150-c5ce6d6d6ddd
17f5a091-6f70-4914-9b1a-e6894ae8f792,8ec4b622-07b8-4df0-aa66-69e4cef1abfe
ea1a2600-f665-4c79-b122-0d3294d7c013,c7a32055-749f-43e8-8557-b800bb1e9904
6009d33e-14b2-43e5-8fcc-5c61f0239b9d,260005a2-2507-4328-b9d0-e0a43154c94e
14b8666e-8a27-4d54-a7bb-0c1a0d10b709,ddd37462-ead6-4fba-9d4b-8c4da8168645
600c2d6d-22f9-4d5c-885e-31d2f577469f,e9e662d7-ba72-4ea1-8a0f-624e18734987
2b269496-7873-4655-8ebf-d69cfd58baeb,2fb0c00e-b3a1-425c-b4b4-357bd7836b2f
e61eda41-742c-4be6-83f1-3a7333a92e9d,4bbb8f5e-75bf-46ed-ab24-b41b373768af
03a1fde4-6bb5-4813-8d3a-5505060052e2,cc96e240-ca29-4526-8cef-f1c203b9e34c
d704a3c4-3b21-4e99-b873-5d8e62a7c0ab,d244bcd9-ca32-41a6-afc0-e43c6c4fa399
4ba61984-7668-40a0-91b1-b9067599a52a,bd1c8e4a-a06f-41a1-882d-0ae1b8b6b046
df847a8d-b157-45b8-850e-eb52250e9d87,6d7886a7-60df-429e-b8bc-1b917d0d5707
6c2be74b-8621-430f-9f3a-946cf6c17ebb,069b034f-15ce-4208-9141-08f36d738e44
944ab11e-36d8-41ab-b125-511ed00c577d,b3f0402a-1487-45b0-9223-ab55db51f2f0
b7526bf5-c46a-4a95-8f7c-f1ae939db7c5,26167e7a-0ca3-4ee2-9db2-12a86f288da9
c479dfb6-42b5-4e20-89f6-a64f584fd796,54d3778c-6492-4701-bc8c-2b1117978288
5254fca9-8788-4506-8dbf-3aaaa94cef97,a9678649-3980-4478-beeb-72f508d6f9c3
29b2c03e-ab9a-435e-b700-5ee993c50ca2,1bad27fa-2a8c-46ad-863f-f483bc5f977f
0b40c437-590a-4069-9dfc-3b1408dee5ed,eba266c2-596f-4e14-9183-bc6f14ac5ee9
28a394b6-4907-404d-a7c8-f0a7dee76ffd,c064a4e2-53b0-40c8-872c-5713efabfb57
51812dae-8b0a-4e84-958f-c552c66a3fb6,9bf5822a-0a1a-4a2a-8d5d-bd952b165a0f
8cb303e6-9bbf-431f-a997-29bd436734b4,6e6490ee-5e1b-4608-bc9e-f2613d671fee
849b511e-6e84-4431-b5f5-a3e25f249fd6,24deddd7-b4cc-4dbd-aed6-6147ed345342
edb45442-cfda-4df8-ae66-af0ef63f9aff,4222ca98-638d-4282-a979-6cb701202056
603e8a04-7ae3-420f-bfc6-0d38fd6e4d86,57659e0d-1b5e-43eb-99e0-be0015f6cdc2
bcda9bda-3d4d-419c-889b-3dee6885ee06,a04089ae-210e-481d-9a16-d7cf2fe12441
5700492b-acf8-4704-82c0-7607112000bb,567bf4d8-8491-4b05-98b3-45e257eea11d
921b5f7f-4f0d-458a-a1dc-aaadfa5c0d46,06bb6b39-fa0a-42a3-a003-bf8434702749
080bd527-896e-48b9-b0a8-976721372717,b7819d62-4d71-4983-8d20-fab8ee356492
26f8ce7a-47e8-4ac9-92cb-4877d3d03d34,b3eed8a6-505a-4ee2-904d-fca386e9b840
e5827af7-aea2-49fb-88b0-9bdb699bd165,c8604b63-9c3f-492f-8225-e11469f79e5f
2d7003b8-ee8f-4d7d-8872-0932dbde083d,6d7886a7-60df-429e-b8bc-1b917d0d5707
b761fc43-645f-4062-b8f2-1763de70f4ef,cea0adee-67ed-4973-b328-a588f15aca69
135c7fc3-6c73-4a97-b040-cc35cd5a7672,dad25b8f-9b53-4d19-91f7-5b0a5920f4aa
98e09750-39df-48f1-a4d9-21bf9763ebf8,8bb5cd97-70e0-4de2-b3f2-39c0c786d2f0
3f64604a-aa15-4f35-b1b7-ff4dde1687fe,f7c22c14-c790-4fa4-9264-4172cda59a3e
d4a664ef-732b-4072-9d3b-15a719ba877a,8897f260-32e7-4563-9c4d-a380e6564db6
a7c33aba-a6c2-4ab0-9038-a6ad4e6c4180,153f0ba2-f040-4bb5-8288-ca1e15a32424
6fe42bea-0890-49b4-b501-ffd1f664d624,02c971a6-5708-4998-b5e8-1592b3951041
ba36f6ec-aaed-4361-b83f-f2f644a1a824,19e4ff5a-4569-4b9c-a9f0-8179977f7990
c0109d22-c5ea-4be5-8dab-4ff57980bbe0,8a68903f-f0f1-4d3a-9d86-f76db6ee11e5
44b067ef-e4cb-45f7-8e3a-749a5c06ad66,67e265ba-9b78-4606-9641-8215c64cba3b
4a9e9984-579a-4110-8e8b-92f9c246c70d,3ccb39ae-9e3c-4fec-8f5f-0f47cde57788
541ff596-2b7f-43b1-8111-5cd5d4831a92,c45514e7-58d5-4b9b-a77d-eeba9d61b8b3
3a0a4a32-d38b-458e-a505-dcc4fd846a1b,5cf3846f-42ce-40bf-8d43-de78508ed411
7dd4fb60-f43e-4045-a10e-23b016d841c2,72db357c-dcb2-46fc-9d28-9a7ea20b29f6
62d73a76-f303-4500-99f0-2ea2939c588d,e2b43b25-3619-4b9a-927c-19924911839c
56426504-f331-43fb-8bc7-7ffd6258f08e,b9a7be0d-dd22-4f78-a731-e64bdb216fea
453de0b2-4738-46c7-ac24-eedb05b8412a,0940ab4b-1e95-4f7a-b41b-cf14ae271ad4
bf0779fb-c4c1-430e-8f66-ec08b8d6c0f6,38da02c5-f4b9-4d24-90c8-4410fda1a7e9
fc5a24f1-96e5-4f67-909c-62665014175e,6dedb846-948d-4159-8037-4c44eb845833
c00c3efb-5493-4d2f-b6bc-4b4ca3bf5bb4,4c1aff58-0543-44a0-a332-4c27cb87d0c1
d491dd42-f400-46aa-bf2a-b5308080d7e7,a9e2f627-dbf2-40f1-b03a-9240e342e3c1
6fa42b54-7e7f-4f5c-bbc8-2c17719cf50f,2be6e451-52f4-494c-884d-3933db063771
3dab971b-8814-4618-b1b5-03e6946ece5d,a7e62f66-59a1-468f-b202-51d6f440d02e
d6235c3f-86e8-4408-ad75-704b0047bd9f,9fa46acc-de89-4599-8110-f81b132e3768
0507a159-70c0-4c8b-9809-24894dfd7443,7de312c2-3ed6-48c8-a2c4-dd6b45a740ad
249ba0c0-74f9-42f2-8ab3-46910a91c863,06c4b032-feca-4be5-ab07-6c636f49e753
1ef5633d-8105-4f93-8e9f-613c5d9ed196,29b52cc1-ba11-4c09-9787-99917b1d140a
856fdf5b-4368-496c-a486-9675387779cd,fb268b37-49b1-4808-930b-ce07dca67340
29853851-974b-4a74-9316-803d756dcdd0,106ff842-8da0-4f83-b0f5-386fb06053f3
5bddd53a-5bd4-4025-a563-00509d8a68d2,c349d74d-20b8-4d45-95ba-3e0926563fcf
753968d7-4c6f-4509-b097-1fe9fa2e19ba,433b412f-e707-4db6-b391-fdac167f2745
26ddde65-1da3-4198-8b0c-0bd6602945e6,cd4cc2b4-57ab-498a-a659-173815a65d61
15f6dbfb-a6b8-4be1-9109-b70ef6e36661,72ecebd2-c111-44d2-89f0-b6125f004c8a
9b26d5bd-4043-421f-b1ba-727ff9b70bcd,4773d6ed-b499-45b9-b326-8ed2a2d602bf
dab12d86-063c-4a9b-ba9d-5a1a1a84f180,ada68481-e759-40ec-8f90-70f711a64b68
5e6328db-1e2e-4732-b2ef-3442045d868d,0818f2a9-b7d2-4d99-9f44-5c6dd78d7a12
5c3fa09e-17a3-47b9-ba35-d4afff776004,cf857cc6-c18c-4e4e-8522-dd321e30bfbf
fa98979e-62fd-43d5-9629-3b62efb085fd,ebeabcf2-c7a6-4443-9d53-4a720c4517b2
31993d22-6621-48de-9a14-a94ebcdc218e,71684289-3e9d-4b60-9290-f2cd87633dbe
196995f3-5918-47b9-9f2f-d5f510794e45,55106c4c-87b2-48aa-823e-d5fc5bfa67b2
1ea7c8a1-1119-48ed-a9aa-5f3b6f0cd406,4c7457a6-385f-4933-8b97-7dc844aa7bc1
37c7facf-3ab0-456c-8f8a-32a3dc9fe3b0,17fe9cff-b8f4-4330-9c8c-e25d2315576a
f0217c1b-a451-4b53-af0f-7c4299ff2509,9d9bf6ca-f646-4482-9c5a-510169a04724
f5fcafa1-aa97-4ec8-b453-bfae5aa6c44a,80cd5a0b-c69d-404b-b4b1-ffbbc50c0163
47cc1984-6f1b-4655-8e50-152f73dc9e10,694e73e2-e5dd-4f41-8822-7ee9f18e9789
b84f9469-cfd9-43ea-887b-3f882147aad1,79b06cf2-eb80-4474-adf5-39420f2ec35f
71103a31-050b-49d9-9890-24715df177a1,3aae1cc8-4f16-4a07-972e-b5f6b2710bb4
409b9661-eaee-4bdc-80a1-f69ae3899f2e,d16e6719-6fe2-4a5b-868a-f116c1d13050
229ad656-5ada-42d4-88dd-89b0f8b3ab2d,08f68746-2e9f-46bd-811d-30c9b2c85496
e0820886-df9e-4645-a789-3228cac75148,e5887ad2-eb14-4701-b135-57b5b42d1931
f83b4694-60b5-4bd7-a961-6c85d1788d09,5fd883b9-817d-4aec-8df5-494845961c09
b856e5e8-fbaa-4aaf-aef9-4c8c1f9cda73,9a58fe58-4413-430d-8014-8e952a963ba6
524a63f6-9216-4b42-88c8-90fa720f71cd,32abe7d4-312d-4358-83ef-36e12d4a8aaa
3ed4f8c0-a6ff-436b-aead-62048bd66057,d3d33b5c-65a0-4900-b9a6-86f02af9e603
fb795d50-9a7a-422b-ad75-5c2ba89f83e3,cd6a78ea-5802-43b0-bfea-f1d08cc4a7e9
135480f0-24b7-4cec-b5b8-406cb323b849,02d291f1-fe3b-4534-99c1-7d2bcfdfcf43
ad3c6ccc-9c8a-4f0b-9981-20e021649eea,5823a976-3888-42cc-8e9e-6077002d149f
0b889cbb-d328-4447-aaa7-bc86d8fb97d4,d69d94c2-adf2-4b7e-855b-b76dd3e53390
24b005bd-06b9-4d9a-9531-1ef3d6796453,35f98d79-019a-4171-9d7d-646c8cd2f035
401f35bb-7384-4c6a-859c-ef1a1e87b347,7e2e9c8b-d1f3-44e5-b971-282d56d6d774
