customer_id,payment_id
088a196b-1e5c-4f9e-9b33-99e25a15af9f,d32ab797-575f-4260-9d87-b51553949bc0
22ff2b3e-9ab5-4777-accb-380e415e440a,d32ab797-575f-4260-9d87-b51553949bc0
14934cc3-0c33-4ae4-8239-ff3151c21549,5b96c885-23b2-4dd1-acc3-5797e24fa422
edbc660c-e33b-435a-9817-e514b22dcacd,5b96c885-23b2-4dd1-acc3-5797e24fa422
9080ff3e-a360-4c85-a308-f0310cc94cf5,51c57dad-cae9-498e-804d-28a354da4921
76e596df-5478-430a-b790-0169c2e582cd,51c57dad-cae9-498e-804d-28a354da4921
9df1091b-5b75-4b85-8805-3f27e567e653,e0e4b260-a20d-4e2d-b386-7475e00f766c
b22b8ca3-8901-49ed-96af-dc83d9898272,e0e4b260-a20d-4e2d-b386-7475e00f766c
c1e6e269-c980-4429-9115-444500c4c457,019f7ab1-64c7-4e0e-8476-8d20d2930fee
941e0633-66e3-4a34-bd9f-784f23bc5bef,019f7ab1-64c7-4e0e-8476-8d20d2930fee
f116f083-4651-4941-b765-4e819f60f29d,771e69ea-f4f7-40fe-b617-8fc4102f19ba
9b17b4b2-fb14-475f-9eb2-e6dd90a78636,771e69ea-f4f7-40fe-b617-8fc4102f19ba
48b6c2b6-a26b-4434-a29a-d4086977754b,ff55beac-243c-4cfa-8d2e-aea8704eff37
842d6576-10d3-4958-8ae6-a3946035380c,ff55beac-243c-4cfa-8d2e-aea8704eff37
be677aab-308e-4e50-8a8e-47a9671b30d0,4573e92c-721f-48d1-95d2-47f4b114afb8
be337e80-cca1-4a9a-b642-4dafd34e7ecb,4573e92c-721f-48d1-95d2-47f4b114afb8
315ce72a-d605-4b99-84e3-ddddc8a33024,d418b7b8-4c6c-4f61-85f2-636bb303fc1e
f705092d-b74e-430c-a4f2-f50e13b24310,d418b7b8-4c6c-4f61-85f2-636bb303fc1e
7ff81b42-39db-4ee9-b1cc-eab0e5286e30,b947dfa4-a24d-4ecd-8ab6-816cbbc6faeb
b98c198d-98c5-42fa-a698-cfe8cc0de390,b947dfa4-a24d-4ecd-8ab6-816cbbc6faeb
8600f979-ac0f-48d9-8a4a-9455546ddaed,abb3df1f-8506-455a-b0b1-b5d2ca728c08
67c9ab3e-48f7-4c14-a6dc-ceac7f309618,abb3df1f-8506-455a-b0b1-b5d2ca728c08
67d8b964-d132-46ff-bf27-cfd93673ca2f,b0525e81-2f5e-44f5-ae7a-76b21580393e
d85e853b-096d-4328-8e92-7f8816780a88,b0525e81-2f5e-44f5-ae7a-76b21580393e
1704301d-d623-44ce-88f9-2d86cb0942c9,0cda45a5-55b1-4fc3-99f4-5b905e17cc06
0bb08f28-09b4-4cbe-9141-72c9186cde08,0cda45a5-55b1-4fc3-99f4-5b905e17cc06
b75736d9-2f15-4365-a5e7-0a55cbb27e42,1ac76a87-be54-4ec5-91b5-4907b5902470
6ece822d-d3a7-477a-aa5b-901a21b41389,1ac76a87-be54-4ec5-91b5-4907b5902470
91f47c4d-fd48-42c6-8310-aa40b691ccc7,27fb1594-f5c1-4fa2-9f40-4c79ac1abddf
1ac618e6-dd01-4acd-b7a7-7939cde234ce,27fb1594-f5c1-4fa2-9f40-4c79ac1abddf
7e0f4a28-fadf-4ee4-9da3-ffcc8b4667c6,cfe65f24-d489-4035-8bf9-ad9194a5ed54
b5d96f44-d2c5-4bf8-98f9-2cad0747446a,cfe65f24-d489-4035-8bf9-ad9194a5ed54
24a4e123-9437-46a4-8ff6-6242b02625da,8a2cd7df-151a-477a-9456-68308794ab88
fb51de4e-4e6f-4f88-b18a-41387b275e39,8a2cd7df-151a-477a-9456-68308794ab88
fbf569ca-721b-4bb9-9744-8b1562cf24e1,8d070269-cf82-445f-bc54-a1026186f38c
83b1333d-eee5-4794-823b-8033d2a1befb,5840f5cd-484f-4537-bd93-acae8a85b5f8
6397a890-33ac-40e8-a12f-0d5b52267cb0,2691ed5f-30d3-4dd3-89e9-32ae91124b87
29f93a95-dcc5-4f68-a4ef-ac2ac21c8b30,2691ed5f-30d3-4dd3-89e9-32ae91124b87
aae422ad-6d1b-4adb-9d71-1e3f0601483c,e9544cb8-9cd1-425b-890e-582d8a75722c
9cb9b01d-bd74-4037-bf76-744b06fbbdc1,e4d93716-8185-4d26-a4da-827db642930c
710bf592-1771-42a6-a0d0-e0e6131f6dc5,ae28a05e-0dad-456a-a9fa-9b0535b10f2b
cba56cc3-816c-4e9e-906a-0e715c652aa1,d35fdc4b-6b93-41cc-9651-cde6d46dbad4
c482ce1f-9758-44c2-b9d6-94ee401dd8f5,8c8ca504-0c2d-47bd-b4a3-9360fe1ad3a3
46d35c3b-215f-4a10-91e9-62a3256a663b,46eac9bf-7ded-4f35-8d1a-5ed8d097feba
c7476566-6766-459b-8152-6bc26b626daf,f5b97f16-9d3f-469b-a205-14780814baf5
3f9ea235-d1d9-44db-8f33-993a2de7cd10,89f9e3c1-7cd9-4bc1-b1e9-ae19ffd8b7a8
0574b2e1-0264-4fc5-b4a5-181b90f875d5,2fc5bc58-1967-4ef4-b156-f23db8fde58f
706b0a17-3d7c-465c-a1ad-df4a3a18eb31,3beda9db-1eaf-4e9f-b678-0fc9cec5264a
a472dab8-70e6-406d-9a58-6fa6c3f477d5,df6c301b-53c1-4b8c-8164-a21096a21c09
2f711ef7-9ea7-4783-96a0-abfa62b0e8d0,0772ce4f-395b-498a-b55d-c00c59f5ef9a
8144f98d-20d7-4f13-87ec-8445227fbf30,0ba33212-4a51-4170-8b1b-4260b52b5954
c5d811ba-3588-4c4b-a8bd-2848398463d5,a1f59a4c-d3ab-40bd-87ed-49a5bb6c08c8
56e01259-ee5a-418f-9572-4b29d84ecfb2,5ae4ef7d-d0c0-41ac-bec8-f9a70553d12b
222e9b71-d67f-49a7-8710-9161d3b6426a,d6709c8e-482d-4f65-b637-12be5dfe7e12
cdba9592-3bf8-4547-b460-8e4f88b48f79,82e21c78-dc02-4159-9a52-c1c5054df18c
57d9b5b5-6006-488d-a309-788e1324c26e,26d8afa0-29a2-4f48-a3e5-84452247c1e7
de5358e1-5d58-41ce-93d1-5ec9c6ccb491,79c6ab2e-7212-43d6-9506-f9aeb29a4905
8c250217-714b-4475-89a6-170707dbe2df,5732d1d3-a3ff-43ee-b2e5-7bb559367dc7
40fa1f9a-b273-4147-abf5-5a9340f7d1f4,bcee921d-6d14-45b2-8b22-eeae636da658
ce880025-dc81-4d69-965b-e3144f3ecacc,5feb1c0a-e9e2-4668-a0bd-e04254f2dcaa
8948009b-f8e4-4d24-add9-5f719f906708,8fdbc10d-4c75-445b-a7dd-27a67571db12
a990486e-acc4-4b26-a694-ee4bab315b60,cd5ee437-84ac-46dc-93f7-7b3d42769e02
dd8ac700-141b-47a2-b3be-de1df94749ce,f32f1feb-a8f8-4885-add8-451b0d175828
b1b5b958-a003-4189-ad8e-604347b7246a,86a2c153-dde7-4f1a-8643-30a26e39d779
ee965386-be65-4fd9-a46e-2106d658327b,d420cf73-32b6-4ebf-848c-12fd6ddc2322
a8fbf875-86d7-480a-8337-7ff0ff6bb506,4ca20b27-41d1-4fc8-8fc6-a8fe086cb441
f7de2c69-2124-4211-874a-1244325dbd01,6f343fae-a173-4ad3-bac1-ed01bc80df27
1bbf17b2-dd92-4589-b3ce-02905af4d537,962f5195-dca2-4f9b-b158-113577e5ceae
78d03e93-9190-4afc-ac98-82ea428a8a19,8bbfe1a6-c7ed-4fae-beb8-0c6de5b50ef8
1b79a549-078a-43be-b004-1895df1dd315,57f5dd66-a08c-49f9-a71c-de7f48c14a5e
4e6c2794-655e-406d-8916-1ae82e892ba4,583c9817-e574-40d1-8051-3e27b4916791
ec4b56d9-241a-467a-9038-93ae10b8e3e0,2b173b96-15d3-4960-a8bf-d4a41bd3c251
de29de2d-064f-401f-bd4a-317ff8dfceb5,a2afba96-3695-4970-9f5a-c2b142292855
1918630f-30b2-4054-9d84-6b2d5e56f7f5,aa613c7c-4d54-49fd-ab76-d6a6c318ea66
5192127d-6ef1-449b-bf3a-4a04b695749b,d27dc609-8c9c-4857-a9f1-8f4fa25c9236
2e18e74a-88ca-41b8-9699-f36a22d0d01f,4e995ebe-384e-44ab-8a47-3541ad2a387f
8b0024b2-f827-4ed5-baaa-a83ad33987a8,623ffd7e-fca0-4a15-ade7-2fce8a6a2764
69b8bad6-330a-47b2-b3e0-17cb95418aba,2006eca3-f82b-4d7d-a8a7-0e827c60deb3
836fa555-9d09-4921-8ba9-2a5273c646f3,556a7880-4205-434d-ad4a-a692e69690c1
10bef59b-f539-4892-b46f-90b6cae2209f,a2dcf702-9a1b-4be0-a93c-0770a72407b3
c330ae1b-59fc-40be-a221-d942f2f93d41,46c0f331-9f5a-461b-8fdc-8e0de9c3e137
6598e8d7-a895-4ee8-827d-60d8c075e84c,f9f92bcd-b2f7-4492-a465-c00aa85b9514
fef8d848-c242-4948-82b0-ab46973119c9,dede7a8c-3d32-45a7-962c-05f41e3e815a
45a26c99-e407-4951-af01-98ff0ac1a31f,3280053f-cbb5-44ec-9b73-4595e9c260c8
6706430b-28ed-4be1-bb44-d36981385e3f,eeae3eb2-c05a-4917-a1ef-b3fb499fa878
65b1490a-b294-4637-b640-7d8778116948,1f737234-7aa7-411f-a4d1-e7af22d0dc77
7d49e6d2-0546-4bea-8435-fe371b8398cb,a7c2a748-3540-4a29-81e3-119bf10b7017
86486de1-61fd-4e34-a762-606676e0270d,03a9e1fe-8f2d-44ff-9142-0530f76965ba
33b54a83-3579-41ef-a2bf-453ab21b770d,e77d303b-0820-4ac1-a428-4d881c531a19
9aa8c0be-3f29-4bce-afd2-091d2d6b5717,71dcc73a-207a-448b-a90d-527982e352f7
d7473907-34ab-42b7-a9f5-c0700be74c1a,7490e70c-a678-434c-bb18-4b8e7698fa69
c84ba3e4-a83a-45d3-a4fb-f0983c2fc584,b1abf049-a8ec-437d-bc48-10e87b4c3075
85e82dbc-49aa-4d62-90c7-546161cb1bd0,9e6f6ec7-7709-4102-bd09-de12a4add5b4
e37c9f29-2ef4-4385-9ea1-8f7be1abf911,5d34c0d9-ba16-4340-8df1-c728b6c6f928
9a908333-d3a0-452f-93d5-0e18e6acd740,33805ebf-3162-4516-a367-2052c5361cc6
30a145d3-d34f-4978-8d1f-b27505816a5b,b3c63469-e91a-4485-ae8c-eaccf7f2223d
f97f2455-87d3-4a5f-b296-644a928acdd3,8fdbc10d-4c75-445b-a7dd-27a67571db12
bab68c2f-9d21-4bb8-804e-18fae4e0d12b,0112137a-e3f0-4f24-a5a4-ae1699ca1927
5ce1993e-b781-42ef-9e8a-f854e04304d3,7cdf2c22-0013-4ceb-9389-a0541b5af0ba
8df3cdc6-85fe-484a-849b-5944f59f7d70,dde35eb6-b1b0-4cb5-bb65-02d34e1a7a0d
7e61c9a5-9b22-42b5-a9c0-a41a8d4eaa5b,075f0599-82c2-4bb5-88c8-048702b99247
06474aac-9e3d-45d4-b908-7292300f8e03,63dee1cd-47b2-4401-ae6f-d4f5fa3ea783
14c03b24-abb5-4277-a7b2-27835c383f09,a711f3ce-533f-40cd-b0f7-d6b9e6cc931c
47dc9ede-8a16-454c-80b7-f739742904c0,2be08c9f-eb3f-4028-b602-13e5383b6fd5
43924fab-e25b-4977-b1db-5674eb68e9a6,3044a0d6-68d1-4abe-a5ab-fce2e396ec3f
f1775916-15b8-402a-88d3-1ff6ba3cd63f,6225ff60-6e9a-4d61-9ea1-662535647902
224cb6b7-2c2b-4461-bddf-2cf352e82a32,0eedc77c-939f-453b-8b9a-9558c0667123
836c44d9-14e9-432f-b182-0792b5476d15,ed3a9942-ff42-4e34-8448-02177018f3d4
a07b0541-06dd-4c7d-9d5b-a08a1cc7bc77,e23c5ddc-40d9-43ab-b105-94736a1f7324
b46b6665-bdf8-478a-a162-60869241d6a5,015d5808-41ff-487b-a844-6c17a53d9ab8
353acdf5-9df9-4b41-aef1-c72d56957042,37f67849-30aa-4d2e-acc4-1d8f1abcc0d2
c3979c74-4272-4426-a3b3-889f98be03e2,0f81c852-122d-4797-b388-7d56e997db17
a5e17742-70a9-4cf5-b04d-8f8f2f44a6d8,066f2138-1a06-4807-ad1b-60dc5edab7bc
6c67dc75-a8d1-42ab-8347-2e58a1405b8b,4b6aef78-a4be-43d3-91c8-c813b586e32d
1d2d9daf-c88d-44c0-a0a2-6140d1f483ef,faaf7d11-403b-4c4a-b78a-0ba7fd9589bb
845c298c-ab81-4e00-ad5a-20c2012b3c6f,c4dbc874-36e0-48af-a0fd-dd409179a26f
f88b2704-f860-42c9-bddc-8d6a18fda3db,cee371f7-c58e-4b1b-adab-d8e3ca88150e
47abeb3f-c2a6-4663-9a26-df3aa0fc95e8,b8900122-6e43-4d86-84b1-8d283f9bea42
58b98e04-0741-435a-94e3-395105ca0758,7854fe83-ffb5-4638-a44e-f6c4bf572479
ff12e718-7f87-4cad-990d-064c8f0dbb85,65b0a776-c5ad-4334-bf48-3419a3bac06b
84011cba-5fc1-4299-8cef-4f8e1ebc2e17,b0997318-20dd-42d3-8eaa-6a77a91146c0
46e52a40-7cdd-4d3e-870f-4c270fee09b5,43f5b075-d923-47a1-a1ca-1c0de2fce8a6
22d21726-6377-4680-bb24-3d79aa749cdf,b9ebbc9a-a09c-4068-a72d-124a497f66fe
0b38e23d-339d-4df4-b1f3-dac24ccecf92,9bbfa088-99fa-4048-9dab-fd14fe73a3e6
9b9dca66-6b9e-4531-a758-3e5718a2ee02,707812bf-94a8-4605-9df5-d67d008bdd77
c9b7fb16-bc58-40a2-9d4c-b48c5ce3a0fa,bb961872-16db-4beb-9496-0613d6f8f5ac
bbbba6b8-2cda-4447-8fd5-eba029f4c137,47c98100-354d-4b95-8ad1-7e7d130edeeb
8c72b71d-31b9-4c56-8b62-57fd2e8073e2,09369fec-4653-4c7d-bb40-342b01d6d696
74c2c103-8af9-4edf-8f6e-aaf4a9971c0a,5a0d24d2-a99a-43ab-b770-1bae933455dd
84300923-1fa2-47c8-b1f4-b2a1b9699064,1519a049-f971-41b1-9819-d8cf50012165
266d989a-aadc-4a42-96ae-553fd7d56218,b09b8995-ca0d-497a-9a94-829b0febb526
21e69d3e-23d5-4f0e-8986-fe81d4242f57,f376217c-5c41-4f5a-904a-f3cc5082145e
9327cd45-c728-4194-a6fd-1f555fac6043,cc366207-ebe7-46c9-b177-65e1eab5156b
456a1f86-9b89-485e-82c4-b1bfdb4cadab,9018697b-83b1-4669-90a1-4285fc685463
9f12e167-c807-4dfd-9e9f-b2fd7e7b0f74,8ee082d0-5847-4248-b967-48e5bceb97e6
e9cfad39-6915-4505-8bbe-8283306ba4f0,de4a9c50-6f1c-4f65-8c3a-2eba83862e9a
0acbf64f-212c-42fe-84bf-4193a5db8052,6e1e5a35-9472-4d48-b4b7-cadc1f52dd88
4a39750e-0c20-4b1f-8a98-d49ff8f01095,e22a2ea1-da17-44f6-9f05-2501ed73d0fc
317c66be-bbdd-4e28-aaf2-3f525979314d,0339eab5-e94f-4e63-be83-be3f5d4be472
494e54b1-49d2-4f67-9c7d-855cd3987507,8d070269-cf82-445f-bc54-a1026186f38c
5d6271ce-37fb-4333-a883-5d7d8601735b,a5cff7e4-f19c-4e47-9c5b-bd85a43980c4
c1197bff-0815-44f3-b074-35f8e73b5f41,f68ba127-4ca3-41a7-b364-929a8ad80348
794c89b4-d7b8-4b9e-8bdc-d3f2a3de867b,5a0d24d2-a99a-43ab-b770-1bae933455dd
2151fb7a-3e64-4eb9-b213-3323524272ef,2dbb8f32-6209-4dc8-800f-fd8b6b1b9865
a9a4beb9-8d57-402d-bcf9-7e52c29a4cd9,43f8b242-03a4-476d-9a71-0d6cbfb3c253
a38b0346-451d-4c27-aa3e-6601325a4a66,10810b9f-0997-4d85-be59-3c38833a17f9
d7c92d89-95a5-4fdf-acd8-0b2666550b65,be6d3e8e-2984-4a77-804a-3eee3ea85c8e
6852ffc9-2538-47ed-a4aa-ccb25895464e,ff15f9f7-06b8-442f-87ae-4ff7f65c7cb7
16f818c0-87c0-4edc-b5e4-6aeaa4dadaf3,ea0bbadd-10c8-4cfc-867d-a7a87ee56ad5
05a78c4b-e85b-47af-b2c6-b07b4564bd96,bbe84799-687d-43f3-affc-a1261a64530d
f0df7f8c-39b7-4b75-a7d8-05c84f490a97,29194507-aeea-4dc6-9550-7a9ec0242e8b
b3edd690-c00a-42f7-aad7-a32984536b8e,0f6d235a-419e-4949-8c1d-4e326fe2b62c
5b767591-8ec1-461d-808d-0092a43b8de4,37985c08-6f3b-4d6c-a2f4-e54485f588a0
7ad0edc6-6473-4be8-a3ef-ba263a248673,6e5a7389-131e-4814-87d5-8fc3b0ae55cf
bf8409f0-3e90-49b8-b6ca-5586c4992739,abcf5f1e-e813-4017-bf5b-c8ac8faafe4f
bbde09e0-7400-4729-8f56-7b0aec2379cf,ddd2e2a1-c90a-4b86-9986-d0bf02e21be6
cab44b86-92f4-4c40-9c8c-9a6a9f55fdbc,97934ccc-0b4d-404c-b37b-3f121db97e82
0cc30830-b853-40e7-9e43-9fb05d1c18d0,c4a4b8c2-aac8-4f8f-b9dc-431de141fdca
89ddde72-f2ba-4199-970f-3021c4e5ca6a,64c61d2a-d3a0-42e5-95d4-34322cdc6ee5
49ec697d-9da7-42ff-8361-271cd8fa94d5,2b69ea61-a52a-46dd-a8c4-a76ce4910ab9
490ec763-5cb4-4157-aff1-0fd2f3a36b16,f964c63b-4df4-410b-bd26-f0d99dd496eb
f12e5a7a-4ee5-4bbb-8dfc-367a5d7837c3,84317847-b2a5-4e20-9f3c-4dd71f792662
84553880-049c-4772-a270-6edfdeaf4241,2257f9c2-7a9c-421f-badb-ecd18eb6677a
c3afc4c6-4197-41d0-9741-38aa4c9b79f9,3c3e6dac-a5ec-4ad8-8dc3-3c7975366359
7c079560-02cd-4f03-ba54-3f0bc5b83d0b,f417584e-5d05-4bb3-8852-3b513bb724d5
35ac2cf8-48b3-4618-9dcc-c29d13049b98,4a6cb65d-e371-4155-9d7a-ffe979b63b04
36e6a880-aa58-41bf-8a12-04347bb1fdc2,04440f16-ff7a-46c1-b6d2-133f84d2780e
ddaf346c-2b09-45e6-8704-16e92e9e49e2,78941816-568b-40cc-a8de-482fee1783ec
29375819-bf26-4a11-9f76-c1c4c22238f7,a659ff7a-6ca3-4f6e-b814-aa7045e940f4
7347298a-d11f-4595-a721-90a830b88dd1,994de8c9-4996-4a83-985b-4f469f16c2f5
835c1aef-83d8-4454-9383-7731ef40aa37,4f4733cd-c9d4-4885-bed0-28d45e0038e8
6522a133-56b3-496c-9a41-0efa324f745c,715e1223-f5fa-4920-80f0-aa3f891227dd
c9bbc67b-6482-4f64-a8f5-33735de62998,f98492b0-e8b3-42e3-8883-f1eb9275450a
0d3096c3-1d07-4e69-8db6-d343e210c406,b5b5f4c3-5eb0-4a6f-812c-e6f9cbecf2fe
6481e545-c5eb-47eb-91f2-c5f84eba5ba4,32af4139-bf79-4c5e-8b26-2658a51316e0
8e878cf9-d048-486e-9df6-604ae4b8049b,1d1bc74f-202b-4bc1-8549-351fc2ef5431
e97843fc-7bfc-4695-be7c-6f87de33d8ba,b128003e-8e73-40c6-a78e-949f0ef8f927
e71ea0a6-a375-4c14-8c2c-d422c9660a0f,ca0f9e9a-cf4f-4232-92b1-611194cab643
c36e8153-fc65-42d7-8b3d-d0640341a7e9,2d331a49-2a75-4ce5-b833-2d5685ad0d45
b69296af-ee80-44e1-b343-dd763c0aacee,087adb43-e08c-4495-a5b7-432d4098727d
08bbeeca-5d14-4279-ae92-6dc9e1535bb6,3e80ae6c-96d3-4e44-9873-caf3ac2eb90a
21b98422-bff2-4f7c-93cc-476e2acfe672,720c3989-b96f-4708-9ea2-6aea7b4676be
0d638e21-3979-4871-9be9-3b1f64ec1430,8c7ec9fe-ab20-44e2-ba8c-ea5c1d2d2767
fd977473-0839-4c5a-bb0d-7c3fb254a9f1,eef4773f-600e-4d6e-af22-7e2e839a7866
8dd36ad8-a007-4fc4-91c7-ae13179e387d,39a625c1-5393-4d5f-94b9-dcc14189c988
cb482a72-58f4-4004-83c9-1317a0ea4a5b,34f7e091-97f4-4a5c-ad19-8142c67f31b6
3dc8aa65-28e1-4373-bd6a-3739494447b8,c02de697-a8f6-4fc7-a446-2a0f3cdb6ad5
936017cd-70fa-4402-90fb-acfbad62e4ce,5312cf8e-4e02-4645-8b4a-5d95c3473279
17366cc8-2cef-43ad-8718-adc5a64b24eb,d76d4f53-0b8a-475b-a99b-1e51cb26b192
11d5b588-049d-4270-8ca5-e13229b9afa7,f7a066a6-5e37-4c0e-ad88-0dd31cfeb2ee
8236013b-829a-4f15-90b7-100329b23d91,970c612e-847e-41b4-b043-94ea5d5c44fe
65029340-9355-4231-9a1f-9dc4ae63d07a,05dcdb4e-e869-42a4-a9cb-72393f787423
828035a2-b750-4db4-836b-68cdc9fcf970,892a0d1b-16f4-4296-9434-044afb98c9f1
b4cf4446-8e32-4e42-ba14-f49fcb512619,907b4e3f-0beb-4d5b-8525-cc6d3da6b642
4459c211-3570-497f-9fd6-cf50ddd5b0ea,5756ca04-b1e1-444e-bc3b-5a0a87b6cca5
a64d5e41-8313-441f-88c0-32d3a4f42ffd,e1688c53-06db-4de5-8c3b-b3cdea70c629
6a63b426-5026-4c3d-9630-61ad2f4c1fe2,1ec01807-c3b7-444c-aa69-1f740b7b5f94
f7b77d74-505f-4c41-98db-6d776fb02bc1,245a7365-e190-4ddd-9446-9239eb14caa0
95451e38-3914-4127-9301-30b1ccaafde7,76d22cc0-7cc9-4a2a-8034-a4993cccd93f
a42f3dee-74f9-4452-9e59-7bfb23ac01d2,740c9a9b-1b99-41b8-a0fb-b0e234399539
22dba640-8ac5-4180-a225-fa9d020c6267,b44c6a07-dd4c-403f-a43d-37ff8866f927
80d572a5-ac6d-44ee-85ec-b3aa01f44f7c,4cd44046-1d0f-43f9-8c9d-b0e0aad06ae2
581e76d2-7850-4233-a4d0-3675bc0d5b7c,27fd2d6c-32f3-4ebb-af6f-83184df2b00d
89777e3b-0445-49cf-8b3c-54319ac01201,cb940daf-e5ce-4680-a968-709a8e49a990
26a5d4d7-2209-49ad-85e0-7eb16f1de0e2,d5e04c60-15ce-4297-b722-eea2093b4050
aa0fe0b3-9a77-488c-bf4c-0cbbf328a5c4,62880004-409e-4a9e-b278-8e6b183285c1
d24ece72-c84c-45e2-958b-c10971abb405,04265890-69b9-4204-a1a9-cf3e50ac8caa
37e69dfb-34db-409d-9f42-db98f11b056e,6ae324c3-5a9c-4377-96f6-410454b7dfee
f5d48a18-f414-486c-8ad7-7526fe446b1d,d2a19fba-0a1b-4df7-ba19-35b99d4f1746
0e701c15-ca92-4575-ba6a-b3c71f1d86e9,fcdae5b0-1090-4e66-9b9c-2cd7e2816641
23287e2b-5f38-48f6-9c1d-10a5037a4af8,26a5316b-a0c5-4681-aaf7-982d3a8769dd
33ce2c75-3a0f-4801-8572-f853bcd1fc91,e9a5084f-d6ee-428d-92b9-3b7f07526ab2
b4096afb-706b-4778-97f1-0e775e89d4ed,7137ed93-fe22-4453-aea2-62636dada95d
17b7ee7a-c95b-4703-b070-b5e3bf1c14a3,2daf52ce-fb61-49a4-a211-a64b451361a7
7c2dac74-bfce-450b-8cc7-873d47a1f6fc,7ecb9907-de1d-4110-aa9e-d040757ac1b7
7663741e-c514-4ea2-bb63-db55517c80d8,523d3b9c-4fdc-4ec0-92da-d0c16166e6df
92bbbc1b-215e-4c27-ba43-50dfe47d8ebd,25d4dbf1-c244-4792-a1d9-a3beb146853b
38c688e0-8f9d-4157-96f5-274bab9398c0,d10a6170-5825-4f69-a45d-d00258e470f9
c4e58faf-e278-46cb-b9a9-1330fd8068fe,b2cb88f1-87a6-4db8-9af0-771ab2bcfefb
b29cf32f-dbd6-4214-bc45-a1a3502c54b4,e50a5006-fcf8-4bf2-828d-1398bf484170
ce330ecd-11d8-4abb-ba87-4d2de8d78982,5c01af66-f39d-49e6-b11b-cb1960f5a630
8745fdcf-4fea-4b88-87dc-98bff2d8b4d8,8a5bd344-368f-4933-898e-99ab9181e12d
6eef5500-c6e0-4f77-b84d-6fe56d1cc3ed,6cf345bf-9d0a-4909-8819-4678be240c76
e8b01a60-9de0-4302-bc6b-8de7462bc070,74757020-da2f-489e-8a7b-e6bb4b436db1
88e7b726-ffda-4a18-b2f1-5cd8ca465cba,2aa8fa38-6529-4501-97ca-c90e04b7603b
187625cb-253e-4ab0-9ab7-6ddb8b644bb6,fc41f1d3-1b61-45e3-a0fc-03128c63348d
1a7eb1f1-2006-4b0a-83db-7f6c03bd5930,d1003410-19af-470c-af9a-068aa9b3881b
1d277e8d-3318-45ca-8493-212e659515ac,e9d29e60-ea90-45a0-8042-093721d871db
2e3e6dc8-0797-4c32-acdf-48e24a88716e,8fbf27b9-bf82-472a-81cf-bbbf7e7c833f
1eee0293-c23d-4d1c-8cfa-dee0472205bf,d58b2f3c-f1c9-462b-a676-ec42e24f3039
c210bd5c-bdb4-4062-a3a1-56f171a3279b,cefea1f3-41a5-4a99-abf3-ac11f47e8c76
1baf70aa-25d7-4443-8c75-696a496616c7,56647a76-aff3-4ecd-ad57-266868489d8a
93de0889-a0da-494b-9007-e18a2851548b,455d04d6-1354-4d00-ae6f-3f18b30b159f
a85ccead-9ef7-428c-bf0e-681e3715f34f,5ac52b27-d9cb-464e-bbff-f908c6be3484
352c2ffe-a0a9-47b6-8740-55a3da563603,26923060-f4cf-4468-96ec-ab621ee0694a
ebf1e0a6-f664-4d68-9714-193a63e75610,986badb4-f064-48bd-8025-5902a0717e30
b29d16fa-a46d-4336-bebf-5b870da6ebd3,573ae138-fa65-4b85-88fd-8da21bc49aa8
7986e8f1-01cd-4895-81f7-de8ccb075593,c89a1494-1acf-4852-a079-2d9c593e1e98
93e6cf2a-cbd6-464c-956b-cc69f35fa056,906e2190-4696-4152-a3d3-f8b88385cf0a
77411b51-42de-4bae-8770-42a4f8d1e6bd,43d279ce-d75a-4cc8-a5c7-2138c73c7ff1
cbec3064-43ac-4732-bc79-0268e7eb5ab1,5a0d24d2-a99a-43ab-b770-1bae933455dd
4ccd0bfc-af5c-45ee-86b0-650f9c65d869,b7646a90-0e99-4490-b20d-d33085d69c0c
6d666457-5d2d-44f2-8c58-aa491b15258f,b9ebbc9a-a09c-4068-a72d-124a497f66fe
8d2f8c53-52ef-4237-b8a3-2cf115406f21,932e6d6d-5d45-49b0-957b-3a1bee19e3a4
f4c7a7a9-9e25-41b1-b57e-3dd7f72c600a,bb4ff4cf-6470-4261-aa18-99b0eec4abf9
5cb37502-38eb-4f23-9979-c9e723e7c888,57dd1232-cd97-4330-bddd-f3bcfcf4e7ce
8048e640-af57-47aa-a8a2-bf8cdc10d3f5,fefa9f0c-a1ae-4497-a1f4-98705b702e15
5f2a89f0-11f8-48db-97c9-ccdc9fafefac,021bcb40-fd22-4ffd-9054-12ea0f74f91f
7e141f77-984f-47b1-8e7d-6282d066f2c0,48e15821-aa52-4707-8655-d374152b2fc4
c72d5620-6cda-4efe-b63a-746ef99c91db,150b8fb4-6d27-4847-a9d0-c01b595823db
2de4e048-4001-40ed-ba5c-60d0d7cb8217,28fa53d5-09be-4f43-82e1-6c7e48d0b8f6
63b4b3a1-ec09-40a7-aa5f-e1c483e0381a,6cc0d33f-1cb8-42a8-a5ec-cea8c4287e95
2a6c71c2-7c8e-439a-a550-4ab7dbe3d99c,03fff611-2a2f-44bb-820f-534915e7198d
f6fe17ab-01fe-43a4-be18-fa1d0b3bbebe,4c843323-eb22-40bf-8cae-f957c833f229
42e425ae-1704-4606-b001-518dbc1a3541,fb70b5ed-c7b6-4f28-9ea6-2cf124d9f223
0a822553-f2fd-4cef-8aa7-b37fed1e287d,520dede1-9c52-497d-bd71-83ea7b1665f5
5d7dc62b-4b58-4def-ad5f-61071420374a,ad0877ec-2faa-42c7-ac6e-3212d6a1e847
7d93386c-17bc-42db-bb8c-9aac5eece92a,f083efcf-7f83-4793-872d-d0f462c99447
45cc80ac-d8e8-469f-b1ff-02d4b3994465,355e3e9b-74cd-44d6-87a0-a552a2611694
23be2d61-8d00-46cc-9f3e-7b0f5afb06c9,f0949e15-1679-484d-b69f-4d34512fe146
54fdf171-0184-4a6a-9708-36c969061108,b8bdb37e-499b-4b89-908d-99529a6f0a1f
21e63b1c-840c-4ffd-8725-14571fd9fd3f,11925f41-9335-41ed-b500-c196b645769f
d096f2a0-e863-4486-ae66-8e22c341b89d,aa613c7c-4d54-49fd-ab76-d6a6c318ea66
e95079af-47d0-4dff-9173-3a8b157ffad2,7741bedc-cf11-4b92-a1a2-78dd1c3bf108
967a1175-2a96-4dfe-b80b-16ad557d94d1,6ea2e459-38e6-447b-b32d-2cdf1454f118
9e452e24-5f4c-447d-9762-c010164d3e6f,acd7c0f8-38ac-458b-a444-7e87420a4d09
3347b2db-291b-425c-bb01-7df3e2fc5364,3bcd0ee3-99fd-4498-85c9-171f17b8470d
202c8708-6e53-4d9c-9a20-2d46a9981f5b,dacbc9f3-2a8d-4dcb-99ff-ae1a57023af7
d3cfc315-459a-4081-b579-4f5e4963ee03,05cd60ed-4e37-41b6-99f5-cc1c2cf9b4c1
8e12c0b0-d2e4-449b-a721-b82da23dc310,3b26c110-b812-4221-954c-3238772caf82
defa0e13-639d-48f5-88d7-10c1dc301e81,0acd3393-abfc-4814-97a0-64ba97b254f7
58fa1ec9-02b3-4d41-bd1b-b44fa2f7949d,ff04499b-6835-4cf4-a79b-5740d491d763
32ef6f18-9283-4951-aab9-86b6cf3349c0,11c5a748-7d60-4998-b18d-189e3f7aa4dc
1651dabb-fc5e-469a-96c2-84ab1131589f,5ddac2e9-0e8e-4b5b-9200-19de329e7def
4729569c-3d51-4f8e-b145-6fe2caf29e94,293c81a3-2086-4f12-9459-8825fbba24da
9078cc6d-38f6-4531-9cae-067319684eee,93c1f1dd-e549-40af-b2e1-d4ab87ed97b1
73218400-dc10-405c-a3bb-66b1a6fb43cb,e6edc671-38ab-4a2c-9b8a-fb191a64105a
14d1e3c7-6a61-419a-975b-ce590a7bcb2e,24ae61dc-3a47-41b5-8240-97cb8729e35f
6798e62a-2d99-4632-a9ac-5531dca4c308,7c0d0e85-2fdb-4914-9268-379eacb6e370
fc730b0d-1c51-47d6-906c-45fa5f52d47d,66ff980d-b29e-48c6-ac71-852361258047
15d3f16a-8181-4dee-bf69-5c2f473fe625,ee1ad1bb-a51f-4f9c-8109-70ebf75bf33f
87d2eaea-ce41-4012-b3af-0f86bfdb3e7a,51af24e8-627d-424e-85d1-01fdca3e42a5
62060e74-e548-4e73-969a-5d6a39464fb1,18e849a0-6925-420d-aad3-4391c0faaf2b
1cf4016a-3f5f-4f91-af31-060380a9a531,0ae56990-c979-45a0-b0de-4ecee30a39b7
615d2de6-c731-4a44-b697-7ae0fa23f31d,d016cab5-af11-473a-96e6-58bc74339066
0ff27b43-694f-40c3-8b06-e3311cc825a2,59855e31-0f59-4ef9-9c7c-3f565375e6ff
946c58ef-9a78-4772-8096-77660f1a6c39,50098ef3-b478-4507-8883-634efd594b27
34d42ee3-65df-42d7-a0d8-4d2ad916822b,c1518fbb-d10c-4e52-9cca-409e00e62286
29c1aab5-32e8-44fc-a900-e15bb0a5b481,ebb20941-f68e-4947-b3b6-5308c4924210
aa6a844e-85e3-4167-9b76-c46d59d68312,208643db-7572-44a0-a28b-23a09f208d1c
b9df298c-17d9-4056-ba1d-2afad85f34f6,73499027-58c7-4eaa-989c-cb923deda23d
bf55687b-b446-4c41-bd40-939c7911e664,1729c0e4-1a4d-4349-bd5f-8793072de495
6b7cf6e8-efcc-4d42-89c5-492246e51933,5b676fa9-b2d0-4ab4-b143-e723f1ea3690
1852c6d3-3a42-4630-a9c4-120b30e41f70,40b25775-45a8-4851-920a-60af093b7104
c7b6f260-7c64-4070-ab97-ccfe79726bd7,47e0e839-cbd5-4af3-8f63-cbc76c0b9198
26cb4595-4051-4892-8c24-c3589038874d,3e342e71-6f74-4699-86d3-d0c1a860770c
a71d2778-8d38-4b24-b1eb-480f32c8efb9,d1bd87d1-9c09-4b41-a593-d10e6eaa084f
4f698377-f10f-4a4d-ba88-1241e93f2eda,4ec92bea-c9e1-4337-8c84-bb1ba39fac1c
4bf3686b-b887-49d0-b120-29ba0b7fa53a,736a11d2-7231-4445-9257-4d47267eaf65
22f058f9-5cc5-4297-96f0-b189798adb31,83788238-1ced-4ebf-924d-851d3b39ae94
ab7635e5-15cb-4c91-bddf-b3d0fae19e10,b836706a-4140-4ae7-9cf7-198c96a15a13
3b64e18b-1520-4edb-9cb5-7c34d1c49db5,1ed63a31-859c-48e3-b559-ab46e41fbf54
f9e160b6-651f-4be3-b19b-fba0b2bd231b,68c488c2-6831-41c5-a0dc-3d8caec0814c
50ed1ed2-ac5f-4fdd-a88c-aa47a4cdcb12,aa694fcf-4ad2-44e3-8ed8-27ead2851061
f85ce606-ebe9-47fa-b09b-9e4085193e28,8438048b-3e6c-40dd-ba40-bba65f89b841
704df5e1-a6ec-484f-b497-d68a8d17b8b9,6071484f-33d6-470f-94fa-17b1f7a5247f
6e3bd814-d845-49d8-bf7f-dc986ac8a824,a5b75ec1-00b9-4465-b934-a34dd773e7e5
386912e9-971c-4157-bd82-e838f93af731,a42cc28e-89bf-4dc4-ba16-2e78ad9f3d58
0b478ecc-962b-465b-b86d-2ec3e72dcac7,d0aa3900-d3a2-4422-8086-ee06f81cd400
ad19e907-2e6d-4002-af6b-481dfed31b5a,cc1bf720-a005-4256-bd13-528fcb9c4972
3a562e26-027b-494e-bfcd-fdf13b72dbb4,cb102c79-6a6f-4f43-9a09-351f1ffc1e6b
5724a843-c287-4811-9e16-767371919708,e226b306-0ac7-438f-ab44-a1785d74a958
70e39f57-7b22-4cd0-bb01-101215690d57,3884a877-0d56-4c17-886b-ea2f9a0db00c
6fe4e6b8-9045-44e5-8de0-d3b59f421178,0d0b00d6-2c04-442d-8a1d-c04588bd58c6
6ca4576f-565b-4b1f-9ec8-512b32091364,60ffdcda-f764-4d48-9080-0eb7dfd29f56
15079ce6-bbeb-406b-9923-a61ed1abbf08,b06b6b99-71f8-41ed-b206-6b829debdf90
5d9acca1-fa72-4f76-9032-bfdd358a3a19,6849a8b3-10b0-4a86-aa2b-9808b5872d53
47e2c7a3-0382-4585-8735-bbd61052285b,c1334bc2-2edc-46ff-8fb1-6181809115b4
350a03e1-b7f1-4524-a5f4-c591cbd675fe,63d019b7-9eb5-44eb-afd6-1a535e7879f7
3b0b52ec-8fe5-438e-a526-267bcd6f5dfc,14cb90cb-cb17-4fac-8858-da585f48e326
19446c44-4f49-4f09-8daa-358aeba175de,a4e37594-5bf4-4b6b-a470-52b273c5300b
c49d6b84-dcc4-4b48-abfd-8c1fb43f6647,3486a818-3e5c-4750-9ba1-af879015da1d
6ca2fb58-dba8-49dc-922a-cb97711077c4,897c0196-ae72-436c-aaa9-869b878d1ca5
efceede7-f82d-4624-82f4-999503726143,5fc93731-55bc-4467-a3d2-32956360de92
056f08fc-dc7d-41f0-aa44-fe5c739b36b4,3e7cbcd9-22af-40c9-8ca4-9a3e5c782bd6
41236585-5180-468d-bbd0-0eaab2d66728,db307b19-34fa-42a7-a4a3-cfb486c20778
871717e8-e480-44c3-bb23-1b6fb5603be1,e4c5aea9-74e6-4eb1-9db0-3b1b9e53c97c
d1d426a1-cc9f-41bc-9549-0cb5dba0edf2,a745dd15-f0dd-44ef-a2fa-2d216687fc21
644f8f1c-e0c9-4116-b831-4a05d13b1a8a,7396e9d4-ca49-437c-8575-ed94bb690ee6
9d85b8df-f1b0-49d3-88ab-9ed5703e575e,a66011de-41e0-44bd-9c31-d2b33ffc3ecb
97181179-6e2a-4b5d-9a5a-d494acc27b14,e2b0964d-d05a-4eb5-8c5d-191adac6c69b
da871e4b-b06f-43cd-b7fe-f8618cbe1435,675e9780-1a18-4a4d-84ca-7cc09b379b2c
13a4e99f-5f84-4567-befa-420a4117cfc8,145230fe-3b24-433e-8683-bfcfb75d2cbd
5d58eed9-4243-4f2b-b969-d470d5ab4b44,12025b05-e55a-4f84-a4af-0dca201691cc
e9f93ec3-693a-4e8e-a225-e2614f1e685b,31e59bd7-712e-4951-8045-2834b6912b38
8e25c700-6690-44b3-9f0a-72f7637b9ba1,55b42fd1-e7be-4372-b615-13af92f5161c
ddf94ee3-cc42-443b-aeb6-987306d5e804,1d41e7b6-cc5e-4156-93b5-494cf0351bf2
c3f051e2-5e71-4ac2-b8fb-f39be9a1f165,0cf72df5-4ff2-44d7-a07b-12a904fe801c
2ee0ef78-146a-49d2-95b2-d9b8cccadbe2,ee014b56-2ca4-4fd7-be56-b513708a8844
e4ba540d-6116-4ea8-9c10-46ae1a7b13b5,e8e8a1f5-a71f-4bac-af8a-2021a62d2ec8
6ed7c62d-5e34-4d63-bf24-5ace33566338,aeb92271-9ee8-40c6-a4de-90413b583093
0e8387c4-bcda-4715-a3d1-ad86668e042e,69a1f4f5-5faf-47db-9bec-8fb02da6e6d0
e21f7403-74d3-452a-ab51-ad29f072f15a,716c8c9c-8768-4c8f-92e3-21a60fe7e700
a8d2b045-c136-4eed-87fd-a7e6330710c4,2911eae8-0ae1-4484-ac55-e316b58b4242
92b1ddce-d162-4517-8215-9a5e0b96341f,6960037b-3777-4f9a-810c-00c0d6af4fa0
0eec22af-4441-4ccb-b4e8-a0f71d9373df,4bb299c1-0d5c-4267-9dd2-3c3d6cf552b7
370829e0-c7f2-475e-9822-cb8e6fcb38ca,d92515e3-2919-4868-bd40-3eb72b83ad9f
9c9f1f16-88dd-4ed4-aedd-09f5d6441820,a8a23403-e643-4c0b-841c-e669f1a78e4e
7c883f2b-7262-4cef-833d-9f9b04fed361,1c0376e5-4f4b-4805-9c24-d79618ebb22d
f125be9a-b00d-49ff-842c-791e3d8b6feb,60b15e24-cf99-4fd4-8fec-3eadbe4ca19c
b9a28327-02f3-492a-a88a-ed876ab41df3,00c9d60b-54d2-450f-9e0f-d794f17c5bf5
b702515b-c691-434e-9090-078e745385c1,29419a82-ef57-47c2-a5b3-e047daf3b14e
507c6781-fd97-4165-9b6b-3fa355f30d7c,99eeced4-b287-46bb-ae96-ce81f214122c
02d70a5e-e6ff-47ed-813f-7eac1a1e95cd,b30da4d8-ef9b-48fc-8c8f-782493076ac9
a57e0ac9-ca60-4ae1-a2a3-a42cc6ba0fed,41665ed7-df47-407b-9c4f-9b619fa49c32
4f211a73-8d00-4e33-aff4-c1672dd1387f,d1612d5d-8eb3-4c49-8dc3-d48b05b9af99
15cecd1d-605c-425c-bd7e-96aebd80d146,22313ef9-df15-432f-965f-07114df03a93
86f6c009-c684-4c92-9b4e-9a712ea3650c,b55378aa-fedf-4331-83d1-99a66545c0bb
31a7b329-6e78-4c7f-9338-b21a2a828283,acf99393-8719-4110-88b7-42dfdecb8852
0b8dbe50-9904-4759-b3ff-9665fde93f8f,609d4e8e-5b33-49e3-8046-d01d48ddd750
e15ac8da-4b46-46dd-917a-a4d1ed56ae59,76780f48-148d-48df-a1d8-f5ef28728a0d
e876f454-9aad-4827-86ca-2ccc8dd79a46,3f9679c7-faa3-427b-a79c-097c082b4209
4b51660f-cd48-446a-a188-75ad69cd8726,abf4f09c-c6b9-4d48-9e71-f43ce5b49afb
7451733d-524f-4146-a58d-73b81e9a6004,8c13b63c-ef1d-42cc-9be0-4ae0a2f6c30c
636c0d52-c7af-4d2c-b67a-2b4f780b6851,042f0f5a-200c-422e-80d0-95dc2e853845
dee2f3b0-32f8-4956-adf6-696712543cfe,f5a3a030-5667-40dc-8290-5cf024292148
979ac4ed-6892-44cf-8c49-d71381078e22,283cba86-5fae-4436-acb0-74e765a2dbd5
9528b8ee-46d4-44bf-a67e-e9e84c64f4ca,91886cc9-cfbf-4102-adc3-d7b9ca2360ce
4217da9c-b949-4169-9668-9da1680b6e3a,adb1be86-170a-43e9-a3d5-6a9c8e3a8c66
ee2a3d88-7ba2-4bf7-bd86-883c01a71dd0,6b332ebf-ca43-4855-975a-244f218a266a
eda3bc8d-07a1-44a9-846c-707aaf35768d,73994949-e5bb-4b56-841d-d25dafe8a436
5b701456-15a3-42b4-802e-4649e4d89bb5,1772e21c-0f48-4fc9-8268-8008cfb2d327
01a71a5a-4de3-4583-a054-f878d1a8b273,607bc64e-5d02-4d69-943d-6ce705fd953e
c79dfa29-0321-4c8a-a837-2da04f3fa357,a37b6951-2d50-409b-970c-c07584d4df33
f6c201f9-d101-4aef-9463-ade421d3f507,496939a4-bf5e-401c-8a92-46568d9725f2
038cf710-4cdf-4e7e-a28a-72a48242ed86,ec71260e-b3d0-4f17-a5b8-8c2c8ea428f4
54c6e08f-6d02-4fa8-9d98-fc515b0b38d8,6154b853-c9ab-4d7c-8f5b-8856c9bcab09
ce17b804-7ccc-4e2d-af48-2cb48aa4366f,90acd79f-c66d-4b7b-a5b2-860c38df4707
02bebb1d-ff4a-4c70-8ec6-bf57e3468dfc,c6e3e73e-5656-490c-9beb-4ca3949303fb
1c85065d-41e5-4b63-b730-3c74e2a4030e,83d64a9e-4bb5-4a55-a134-0eb6476def54
854be131-ac1e-42b1-a9a8-327c075e27b8,84a5f081-276e-49c0-8ee6-882db1546fb9
59be74cc-9590-427e-bbe4-0df79b6fcdb8,82dbbe08-2b26-418b-950f-3d97ae9219c8
e21514d5-961e-49a4-a94b-5caa89e184a9,11067e00-7a7a-4dc1-8df2-c9437f30e84a
a6f69a6e-3d22-4cbc-8ca0-1003434aec44,23949f39-6a34-4ed4-9ea2-796c4a8db977
73d63675-674f-4f13-8747-9b81dbab699d,bf6ee960-cef8-413a-a332-011a9bc55510
74c7d71f-aaff-419e-9a6e-f9dd0bd44476,96cd46ac-f007-473b-b2e0-081dc06678f3
2ef3f5bc-ce36-4e70-a952-924b7a21ed54,163a8a38-f226-48b8-8f48-ea94d8ab63b6
86e27346-e9df-444d-98f4-dab27c59de92,a17ebd5c-658a-49a8-b0a8-ef611788715f
72e24d83-3cf0-4e92-9121-46514e3783ab,67407500-1e6d-4558-88dc-9557db1bf221
65920fed-b663-4b69-ae98-c5ccd65bd7b8,e6749edd-134f-4576-8846-ae07eb191c9b
a6420e82-ea02-4600-9e4a-27999fc61cbb,eb63c25b-e5b4-413b-aaa4-a9e88227c445
fc272cc6-3475-436b-be3f-cb163c87a9ce,d931e997-5a30-4cde-aa2b-d347d471dacb
7681a398-f363-4516-b3fe-03fb6a6cb67c,d0e48937-1454-4323-bfac-77731339efa2
37239162-f06e-45d0-baff-4b426f4ed0c0,8bf11c43-7233-4455-a33b-64204ef75473
81422a2b-7c5a-4d7f-9258-8bd10b80ae6f,9d3d4fef-e46b-4f68-a538-df75d687bc44
ce7c3274-bcb2-4914-8c16-29be39454e62,b9b88e9e-d608-45af-b71a-6f5950065b02
5fbe58f7-5030-42bd-abce-e1be15af1116,bad949ac-ca9d-4ba6-8441-355101986bc2
4b81c72a-2592-45f9-a27c-2dbf6ce1873b,ff015464-0065-44a9-b693-738e7c3e90ad
8f02cf95-ff9f-47a1-8da5-15b5812192af,180b5d72-d195-466a-b931-dff20ace405b
e8118e91-8b4d-4057-8219-0275fbfb292c,707812bf-94a8-4605-9df5-d67d008bdd77
7090652d-2cd6-48bb-bb55-c60ef3d94038,4b8b2476-2edb-49c6-89af-c3098d271e34
30ff24f6-3d23-4cac-a982-0c7923a6bf4e,aa613c7c-4d54-49fd-ab76-d6a6c318ea66
624895d1-7f01-4fc5-99a3-beda5de75b31,e277949f-fc75-429a-98ad-83f2e4f713f1
d6307b49-fb9b-41f6-8159-b20fdd88c9df,68e1311d-63a7-4fd5-a4d3-31b3951c0bff
1a2a520f-06f4-45da-820e-8aeb3af3bec5,18f2b495-b71a-4981-805e-a967cbb06d52
f375fe9a-9df3-4fce-9f33-4dcb6c993b7f,d782b896-2888-4403-9561-a28f13305846
bdb21386-164b-4ca6-8edc-a8f82d0cf886,bf6a8cd8-7c9d-4d85-8ba0-b0b0fca316a5
73f8394f-6c50-4dea-b982-872423fd7100,c550c197-8a1c-4d9c-b21a-f615a9928546
bb71c604-aed6-4a5d-8d8e-5b37cc5f6ec6,83324f6a-3fc7-4298-b195-3b64f99351a1
dc5a9e8d-2a63-452f-b601-f7a61af0f075,cff10772-d733-49d7-98ec-09207add4fdc
c51d3a8d-5e13-41b2-a9e5-0e306813283c,f85b0db3-3fbf-4a24-9a17-d263cef3387c
5941c911-79e8-4dd0-af18-3c7e579e840e,d5b5178b-d4f8-44bc-80ab-2df326199c37
f7dfa1c6-d0ee-4abf-8920-173c4ee20b37,7a96c739-bb7f-4b67-918d-77bfdab3d25a
cde71621-a65f-4b74-b534-9130088bb405,b051d94b-76d2-438e-a28c-fc0da3a3ecf4
e86f3426-aa4e-4563-8e6d-287a75f9716c,3b60e02b-5746-43ca-ade0-ad0452b3a414
347aea49-3d3d-4cfe-a183-6901c9549b53,de0e38df-c649-4203-b323-04a0ccdfee78
90ad2a23-2b89-4bb0-ae8e-76c7ff21a9f1,a36c43b5-5054-4722-8bb5-14b5f04f69a6
f0d0fb06-f9ad-428c-9e0a-d50467c3239d,8fdbc10d-4c75-445b-a7dd-27a67571db12
89451d31-181e-4698-ab08-8e66fb0ff55a,310aec48-ca58-4a43-ae76-97cceb32d7fb
656b0f4d-a2a9-476b-8c53-9882cba365ed,41659b97-71e5-425d-8374-89f6b733bcd1
bd458806-9123-4bf7-b848-4065b797516d,a8f1c214-5032-4e06-96a4-723a79540905
ca972a42-831b-45a0-9d03-c818b8a16c78,431a309a-14fd-4d75-8c05-73c636dd8d54
0b768b7e-d0d8-4242-a820-205b9da1a029,1fded2a8-1f97-416b-9f4e-141ceb6eb8a6
24e746a2-3e11-49a8-9e21-afa264af6296,80d630a2-5616-4095-8771-ac23f07eeb2f
644c4397-5f38-4546-afcd-f8099bba132d,28a84083-a927-464e-a62b-72a7d3c71830
b8db0d6c-0a98-43bb-b7b7-2416ce98581f,c6447ced-6613-4bca-9a6b-c9363de3e0d6
31d46d09-186d-4ed2-b4c4-e90ce774b202,dc7d1b8e-4531-4a93-b43d-fca5a4d95421
cf985611-0b1e-45e7-a751-934a37907b38,8d070269-cf82-445f-bc54-a1026186f38c
f83f2f71-8319-4f70-84eb-9eb56c0549fd,5dca692b-6a68-4cf2-be4a-12b4dfd2f44f
9cb04e30-4c10-410e-911b-2ba6342771bd,85dbe1fa-d993-40e9-8ba1-1691aac5385d
17851de1-3f79-42a4-830e-84d31a116d25,dd1ab41e-85e1-43fc-9d8b-c10f109901ad
142391fe-777c-4623-8ce8-c7142ff8a203,dfc68f2b-4396-4d03-960d-b891809f000a
ac9cf62a-bc0d-493c-ad99-e90d04e63c53,29b126dd-f26b-4979-899c-ba5d6790e7c6
86146869-446c-4a55-8d1a-2edb7f2d15e5,befb227e-fab4-48b8-8ed4-c93922d255be
e8fcd95a-2b3a-4e4b-8080-0e9ec1e32799,900c0090-8f19-4ae7-945b-514978c24233
34b62bc6-023c-488f-9cb8-4865b88ee8d2,047da0da-3955-4b94-b7f6-69f52425a583
a82da76f-662b-4e54-bde5-e69fb15b37d4,9434fa58-0501-491e-b17b-e32bec24c0c6
1f010310-da3f-420f-9d89-529b90b50e0b,0182ab0d-6888-49d4-b4c3-58a3683099bb
906dd41b-4b76-4122-a8f6-3e718e047940,f29d000c-3256-4233-9395-c02a5e5015ad
aae801de-1b56-4d34-af17-485986bc820f,7dbc4ebc-8dbf-4bae-95a5-b50974911658
ab90abb5-21ee-4f5a-89ff-3b28cd89113c,2ce597ef-47e2-4911-bddc-7cc9836721c6
07eda375-ccb0-4866-a429-ca1075e40842,cff70170-a737-48cd-acc8-0330411b5c68
6b8a74fd-ea28-4c3a-914a-5fd3e45bfb05,ac462a58-a6b7-4a4b-a1c7-744fc5a9bd38
00fd1194-4e05-4195-818c-20f5ad974a7d,9fa2ab4d-93ee-420e-80d7-ac004c3d5d77
3ff47a5c-212e-46a9-90c6-370b82ee1898,9a3d0adb-28f0-4e36-b7e8-5bcdb256013b
ba7b7519-112a-4526-9425-2e171d4baf8e,64f67602-c737-4fe5-bcd2-097772e178d9
b4bebe69-5012-4ad5-ac23-7ec8ca0ed026,663eaff5-e454-4c45-9d4e-002a88adb146
5fcab80e-97b1-4e13-bdb3-45d17a7059e6,7df6443b-b514-455c-8eb7-a6af2d0ad02d
4c94b88f-0ce4-4cc6-afd3-5a00f78b5813,239e1da6-1cdc-498e-be57-86f2b24f1499
a6351453-df00-4da7-8e07-b022c38f04f7,af5b0852-f01c-4b31-bd42-c0cf822780c6
9067bdbf-0b3f-492d-8898-e19478bc4849,6aa1dbad-b74d-43a2-a75d-965f938b886e
981f5318-9bf8-48f9-ba8a-49a955815f27,480124c4-c31f-4e85-9684-b5285eee5b3c
82facbc9-0d7c-4b31-908c-f4340f9aa751,fa6bdeda-dafc-43b4-a643-bcdeb930a2ad
cabf03da-3eb9-4352-98d1-ac898ecd38d5,e0980dc7-1eb3-41a5-9b33-05c480519711
3b505199-dfc5-463a-8e17-e35dd7805f17,b49ba411-eed1-48c1-98f0-37283a3e9693
64681d6f-6440-4165-bd0e-4389ed7ce8ae,a118765b-b7dd-4fcd-8028-2ac1549be045
6b902ad3-743c-4f4f-ac11-e7de0c1bc039,dc10a106-b3b3-4e3b-8885-f78fca3a2231
d8ff9d59-fb0d-4021-b989-c706840aeb09,3567cb48-ce5d-480b-b3b9-9f9c72a2bd61
4cf79573-bc36-47f3-8dcc-8bc53938c078,dd80ab1b-9457-4785-9b29-c393f5d9fbf1
a4b3d864-3c70-4e54-9405-936b8065ba3b,40ebad26-fa12-437b-ab7f-02d3eba9206e
7ea701f7-59f4-4fea-8a5a-28f62af30401,ad8e89d9-b2f2-46ef-9aca-66452f297bf1
b535c462-3f0c-4358-9928-20f77756723b,d6362c0e-f852-4530-91b7-82c786969acd
1913e74b-ebc9-4ae7-b9d8-a00c292d1870,19ff4b4f-b795-4afe-a37d-f38ae15da3c3
74033fd0-9fea-4732-aef1-2ebc11bb627c,a5a9e5b9-f8a3-48ce-ba59-a5409d07b54f
b0e273e6-88e8-4dea-87e3-a75fb8c6656e,1574fb75-42d0-4d36-8c7c-07f71873b9b7
be850d80-e8dc-41fe-9234-0211dd683a56,3d661300-ac81-4d67-97f6-46e1cfa6b098
09f8f503-e7b8-4469-ba26-eb34ee83f186,05736aa8-e8e0-4ab8-ae0c-7bf011302cea
f76abb6a-1487-4558-8420-4cda4a59673f,2036bb47-f09e-4e93-a1d5-2f3164dd9ed0
fd65e2a1-d5f8-46d4-8f46-c79862cd1f7a,b0484bdc-6754-4b84-ab8b-8bf48e96e843
34148748-d80d-4a99-b1aa-f7355ff5ee6b,6f03ec1c-cdfb-4e42-90c3-491fa16a00d6
afc709f9-fd5f-469a-bbbf-f68b000376f2,fadbfb3c-285e-4d0c-ba2f-a8a7650a1c98
80f5d92e-99c9-401b-ac2b-c4aa635be30e,666dcf5b-10fa-4439-8f7b-233f90a7b864
9840321f-b94a-4eab-a86e-f6ae3c1bde64,88c3be9a-1b48-439e-9e7f-633e8d625dd4
805f0291-a01f-4ba4-9618-80d161ccabea,24d6264e-4d81-472a-be33-c56f734b52e9
b864fa7f-47b7-4e33-ad7d-84af9e4591a0,66175829-bfcf-44b5-afe7-fc8caca4eac6
337c27b4-0970-49c3-9f5e-320189666ebf,ee44e03d-7a0c-4b32-9029-6b609e65353d
9c4d8a81-a113-4001-a9dd-26ba9495d626,37c38bae-2d7d-4a4d-91ad-ac76c75c1204
6a7c5fdd-2dff-48a1-b119-ce1e92f51b36,af797ea5-9412-42d5-a51e-e7d7c6eff788
e85c424b-9740-48f8-ba5b-67dc346f68bd,4ca69022-348c-4c9f-af90-44ca63791966
80ddfe99-b01b-4264-b12a-33488510b4c1,a266901f-1865-4f15-9ad3-d016e2c273d5
2e126332-1062-4cd5-a40d-6fdfef555efd,57884509-aa71-4114-9287-298f6f2212c7
8938beee-f56b-4d85-a7c6-1dde50e67a88,53783ed4-1a75-4452-b6aa-bf696308c6f2
bd4fc88b-4984-46da-b361-318df4c77302,19991b3b-dc95-4872-a2a9-d8404e3dfc98
b1b07144-7eb7-445a-b829-cb6f76c59115,2f19730b-592d-4b8c-bdaa-750a4721b3e8
e99ca1a0-1eb7-4293-90b3-3de1747fe35c,764cc09f-d15b-4358-bbb3-632ecd56c1d2
c78f7eb4-2145-4c61-a563-768cfef36664,39e8ee79-72d2-4351-99a6-721335a78431
23461e01-f9f0-476a-be5b-50273e8e9a33,aa5faa30-3585-4d6b-afc6-4ebecd3cc76b
e4ec85f9-3ff6-4da5-adb2-e269ae522469,a325ab10-c2ed-4545-98df-75d73dd499bc
33fa1158-0757-4da3-9aad-1516499a6a22,39edd609-6346-404f-94f5-d481071ad6b1
21ec9104-03b9-4e95-a5d5-7f0eb2ada3a9,feeac247-c2b7-4649-aa80-d5eceee8f62a
967970d5-64b3-4878-9b11-2793ec41577d,ab191f48-3a3d-4f90-a68b-59c22ae2b9f5
0e80623a-0758-4d60-894a-477e6657e68c,22c217b8-bc5e-4704-ac1d-a74901f01fd2
cb5b6610-1540-465d-9b5b-a6bf97b1be5a,365a5d45-340c-4b46-a175-81ad6716a2db
d713a0ad-7179-4adf-83ed-0117aa682418,ae7306f6-07c2-4f48-9fae-a9d369353e6a
a1b64e1c-4ecf-491a-b222-949dc75165d2,7db51847-c3cf-4ea2-a82e-395e2e3b3cfb
23a008cf-c157-425f-83c8-0e0b850bbc0f,0f3a4232-ac66-434f-aae0-8c14d9a2ff4f
a17c76f4-59f4-454c-bf9a-944102903b6c,d969bedd-0b3a-4489-9d4c-2aea28d1317c
80ff3337-f9c5-4ae1-ba8e-9198fcdf5be6,aff0f1f7-ced7-4676-bd03-eebe8a37c192
67c271f4-881e-4c32-8f61-faa72f6a63d3,6bc1553c-f7b1-4ab3-9dea-40689ebcbfb5
8023628b-7519-4e98-af8c-4a000bc7bb20,0cd4470e-521b-4c7f-97ee-3680115648cf
dcaf550e-bcb2-4762-a1b8-aaac16945264,0da1dbf1-47af-433a-adcd-8332eb00abfa
73939aab-0be6-4931-ab83-7693ca6686dc,19ace9d5-7cb4-4c56-9aca-267b0967339c
14586d7e-a901-4814-b8f3-fe6bf20b779b,f80df4a8-9f08-46e0-bc89-e78ba6ba7393
a088684a-1fc7-4c91-977f-ac12b2d24f79,8d070269-cf82-445f-bc54-a1026186f38c
51ac192b-05bb-49fd-993e-6feefa164ca7,e452898b-d817-4a2e-9da1-6c8556c80a56
9563bf52-86d7-4503-8006-bc3e959b783f,63aa8efe-90f4-4d53-af48-3aebb24d0084
7f66433c-63d7-4b0a-bdca-51fd83f6f7a0,7c2060d2-99db-4e12-80df-dea0ec116fb2
3a582c6b-007e-4704-9c03-a004f80a0643,1637130e-eeaa-423e-b2e8-d6cbd1e64b3e
fd98c9f3-7415-400c-a0bb-73407438c709,10aa16db-897d-4dbf-9ee7-478303abd15c
3b367e2d-032e-411f-bbc3-50e819e69122,aee300b3-5840-441e-9da2-a1aed9271946
3f47b57a-e76f-4d27-8a38-0f5aa9f0fad9,b5df54ee-aba2-4f23-b725-5424577b17c3
601e6202-06b1-406d-a272-eea779c32ce6,0d99215a-7fb4-4cfa-9b52-6956c5e56ee9
355c428d-fab2-4f75-aa04-ff7dfc8fe525,0c2bbc31-45f2-4632-80ff-302b4144437c
99c26598-4b22-445c-8a60-8ef43db92640,59912882-6b10-4630-986e-668ce2e96204
c36b7498-7a27-4d5b-8672-c695adee6c9a,488bf290-31b8-41ed-9225-c8d6a576d13a
3804a57c-2def-4b8b-91a2-0a9b3b0c8f6e,6da6eb07-0cab-49ff-a9d9-26eb50820127
9f6eeab9-d884-4310-a986-51788a8a438c,1bb1aced-f2b7-4337-90f4-941b45dd1012
a0761c18-830d-4a41-9616-212b6f64ef00,76726da8-9e2a-4d17-859d-a41e94f7ebed
c012fa2c-a116-4cd3-8269-f816e1204af7,3513db22-8f0b-497b-950b-bf8b8e2e9051
9ed3241d-1ed3-4c5f-92ae-e0a4eb443e72,a4185ec7-1a5f-4ef9-8a6f-7a61393547f6
5db31e41-47fd-43df-9914-cb0a3016fdb2,eed6de0e-476d-4359-8dd5-ff457da7a231
999ed66b-9361-42fe-8288-6979bf228956,df0054de-8787-481f-9ad6-a97167e5f0b9
aba91372-ddf0-4464-8501-98516e19feed,8eefce63-e7f9-48d9-9880-e3f4b2e248b0
98755831-2dca-473d-8bca-593091daba97,42137042-4101-4742-b691-0bfb8d2f7051
2a43e566-3c8c-4344-aad5-f3d673309275,37c4f171-aa43-4b74-a108-f3ead88e3e67
7b3cf236-8cd9-40df-898d-e7f1f7d08716,2dfcce2d-24a1-4559-8d02-e036365f072a
b6e25d97-9888-4e5d-bb46-8154afdcef23,ee96cc59-8153-412a-8ea9-27c463a7f2fb
2ea3e6a0-0b1f-4fdd-87e8-105bf6eb56c1,9e66b35d-49d0-4566-aaca-57b791cfc1a8
27199eda-933a-46ef-bc6f-d0e4ae37ac8b,9583f426-6643-4d9d-8772-1529aee38f02
cbdaacb3-053b-4c83-93d3-c9397cc3eab4,69de307e-d5db-4347-ae34-fe8630ea6bc1
974386f9-9559-4d91-9d66-1ff78576e563,58dddca8-a419-48fd-932a-52305a395cf7
848dbebe-8606-488f-89f8-c46a9c0fbc55,0bf02b25-c39c-4db5-b850-64c91c61fe07
af6f0d67-348c-486b-9f04-b80092361074,9afa3f49-430a-4f08-8644-7eba8c933d9f
21f4631c-ddeb-4811-a09f-111644f43cf7,7bf2323e-9b94-4e97-a1b2-5fde36f50169
206e74f5-95ce-43a0-8d48-82544084ae81,4c1b5571-0b55-4fe0-b402-cc7c59a65e63
29d07634-1e53-4c6e-ac64-16d8d2cc779f,8fe97935-35a7-415e-b3a1-60e82a9148c8
9a017597-4ad2-4553-bc08-92a2971956df,c4980d23-1b09-4335-9965-b1cf97c85fd6
e78c9aeb-db34-45d6-8f30-c32ebf8f6615,ce84f32c-a475-4290-a3e7-059b3916735e
c52c2b02-fc86-45e8-bc05-97a70d3be2d0,a71e67b0-b5ed-41c0-a908-3d597fb8229b
2dfa4883-d54b-440f-bf1d-8a8976642368,d58b873c-a904-4f90-a0fc-86289260a9cd
95b82932-1d34-4873-801b-7e8e667843fb,49ef215d-ae11-4ff4-9bfe-038810bee7db
fc9fd109-bc85-411a-92dc-1dae3f37f619,5f285e0e-075f-40e5-b04b-ea5aa9cc50b4
6a17086e-1d94-43ab-8018-b2fa12bde140,d78d880b-edce-4047-8b28-9fbcef1771bf
48ab63b7-8218-4a2d-a58e-6757e618a36f,d3d1b1cd-27b5-4826-9e06-556def558615
3e264f38-8b8d-45b7-824c-fee8884c9bdb,8db54d7f-c5ee-42af-aa67-294c3e41070b
db532e0f-1ee5-4810-82b9-db5e42e788b6,57c53e57-e52a-4c0d-9cb4-11fd819dad06
4565e1ea-c4cc-45b2-93d2-839e4849d3e1,d93954ad-c6b9-4463-96b3-08906d86cc6a
50e5fcaf-99a1-4e17-89a5-9fdf78773a7e,510feb22-43c1-4194-b5af-c8d2d7cfc204
32f06059-9ffc-450c-9de5-8cefe2ca0774,94a7128e-283f-48c1-a462-dad69e81b9b9
1c102dda-4a52-4da0-8836-d6c30baa78b7,16a0dd36-bb4c-4a30-aabd-8068dfb40156
ab1c530f-877b-4a1c-96c7-153c67dade5b,af3ded13-806c-443a-a6d3-60518ec5b60b
5a3dfbb9-84d0-4ce0-9a4a-76a8f57db3e6,49dbc31d-45d3-490f-9931-0e5ec6141cbf
49cd7077-3513-4fb2-beba-97be00f99a3d,edd3ac6a-daf5-4c64-855d-81139c382144
cbc88fe3-928d-4a06-a5b0-5ee9200abbe9,2aa026d5-6881-44f4-ab72-4e87e971c343
fc801285-7610-49a4-8924-37a330ea015d,a6abc7bd-81b9-4188-b67b-fa559706c7fb
d4c7abd2-f557-45a3-a53c-a57002fe8a5a,a21f3265-0f6e-4287-a52a-0d91a226797d
6b679b57-addf-4679-86f9-7728fcdf093d,5b0bbecb-e95e-4758-986a-2dd4b3650cfa
e399f825-4e85-4e0e-a2fe-e22c239dd431,57720bbd-eb01-412d-b785-21efc79c6380
3d5e9463-100c-4a13-9d79-8983820f2912,bcc48322-7d35-4eb6-b06d-3f907fdd19fb
981279dc-8998-4a2c-b638-ec382cc68139,bb67692d-f7b4-4da0-8ece-e482a261f2d4
906edebf-ec40-458f-b024-f7bb4159f7f8,118abbca-0d39-4340-b1ea-bf4de03f6f80
672f0e77-9f42-4fc2-a9ee-2cf099d081f5,2d35d459-d09c-481e-a876-7fb5e3f3e9a7
8d02dc5d-59ec-444a-8c89-17ed9db2d1e9,dfd1d0f4-35b9-488a-b752-8bf6ac9e6f65
392e8310-a6bc-4f30-af45-7cfd40100a72,a45621cd-fe21-4b27-97fe-f1f2140d110e
cfacfe82-e740-4cdd-8836-035ba83bfd02,84e384a2-6ac5-42e6-825a-5d16856ed96f
482712eb-8263-4544-bccf-14759d66236e,a3c79d05-b557-43ec-9292-1b61d6a436cb
1d0ff782-0e45-4ef2-9b9d-f4a8428c39a6,c5cff534-641f-4947-8d4f-c188772d2fc2
f81a098a-72d3-4b92-a37c-208514a9434b,25730eeb-7807-4184-ad8a-28fae2038b04
8ad767b0-9ba0-4b0d-a6fb-d52dffe3fc2a,13499a9f-618f-4406-958d-655ac95f43b2
47ed814e-c5b3-486b-bf38-d3406012b89a,606873b1-1184-4b95-8c38-3be41757e7f5
7ae3bf0b-2a12-434f-91f7-340673ca549b,42219437-98c6-4ae2-bbd7-4d2d7ce93cae
8ba49967-88cf-4385-85f7-2ab8a595487e,16b9165b-50c1-435b-bf79-aa5261a23c7e
2230a077-f7f7-42c4-8205-9790d84178cb,1d434d13-2246-49eb-ac36-34a28b66fe38
ef147ccb-dec1-4ca3-bfbb-dd41d5145305,06ed743e-75e5-49d5-b9b9-3705a72e8fb5
0b69b624-254b-4c2d-9281-fa11787fce52,f3bcdc1d-171b-4a72-852e-ead569d24c74
ffa5acdb-575a-4f01-bad2-c4e9f8461f5c,3af941e5-ad68-4050-b410-378d157568a8
92049b25-0c45-4567-ae51-51d69a188858,a9216db8-15a6-495b-bfbe-6312ac779188
058eb19c-8004-4b6f-b16d-91f38c898b78,befb0b6c-8b81-415f-a466-6ad1963a7e93
d79a0086-f8cc-4e18-841e-4380298ed543,6e754319-60f0-4adc-bbda-3c727c7354db
b06f4a82-6243-4e07-9de4-f8b0554a7291,2c1ca749-c950-48a6-986f-ddb665324157
763a96d3-3469-4845-b14b-18ce7553e8a0,83c769f7-a55a-4600-9e3b-66e850315d3a
19a78c0c-6ea3-4279-b685-4b1d97043364,7cc6fe75-9bfb-4f82-b33e-0e09115d53c1
0766bd14-8f64-4c54-a800-25e5bac6c394,e0906d14-0b5a-45b2-a6fa-dccaec6b561b
2a3ef2b0-e4dd-4289-b4a2-4c19193ac483,fbfbe1b6-6381-4bc0-ab8f-f9bec99f4b5d
00eda9a9-1a1e-4b06-934f-946523466b04,918c3685-1cc7-4a33-bfd3-f48cd500b579
dc5c6c0b-8cbe-460e-894a-5cd5c0996899,64a8f11e-a337-49af-97cc-bb28907b6002
de76e0cc-c96d-4a20-8c11-0411362ae5fa,878a0c86-9f67-4669-b193-c39618272855
fde6eff2-33b9-4125-9710-d7dd43a85bf0,d032eb40-d32b-4463-8732-567424a4c200
07b4b1d6-406f-405d-8aeb-c2c93f4495e6,ce4abeba-cb0e-42c4-9641-98c1ee4a31f5
d8e5790f-574f-4142-82f0-a6168dad5aa6,51a5dcfc-5b02-4c3f-a881-50c1a8d97a06
7c98195e-a06d-47e6-bfe1-a7c1af215b17,c9f23ec7-6759-45d2-b86f-f08ba8e7c852
9b6d98ce-3096-4670-bef4-665dddc5ef22,b3c6cc3e-522b-444c-b609-c19841825d1e
3caabf85-b619-4e1b-bf1c-83e298bb0617,7e3ee73b-b316-4abd-8d50-a5dfaac8fec7
7d8d3b15-cdb4-4180-a78a-60495ea09cc7,2424fcd6-0bb4-41d4-a3ed-1fa5baa62ccd
d991c80c-c79c-40c3-9062-6aa08b9719e1,2dbaf3b7-10be-4cb7-98b9-d1336703d2be
5733d35e-4bd6-411c-92bd-ab1e2105087b,39f026b1-602b-47b8-af28-f85d487f1fef
b63c0dac-bc55-47e7-83d0-f13061b018bc,d93ab0a5-f06a-4d2e-80ed-395825e23283
4e76c786-99b7-4547-ae54-9c42b3d1014b,244885ca-dd0e-4140-a9f8-e5392d01b4aa
dfd7d204-f1ee-4544-b77a-87c6f46cb1e0,e8e75063-d973-440d-9bb5-0132c941edbf
e63d8fe6-08ae-433e-8c5f-9c5a0c152adb,20a76e86-341b-49b1-b366-c796b7f11960
d3a09b51-7c86-41f6-8d5d-5fa1308fdcbe,ebc8b0a0-9ca3-4f10-87f1-8c5263ac66fc
b567dd79-932c-47eb-b06d-ec58a4505913,47a395ee-6115-4cde-b095-2dc835bb4512
85bf5655-5e67-47ba-a754-4dd7e0c8e83e,58605547-aa36-4d74-907e-6e25d5024fcd
e3f88c69-dc31-4e25-bf39-7dbeeb678f7d,9a054b4b-8155-44b6-aa9f-5744239fb3e6
61adf808-ed48-48a1-ba40-9758fef0f9c3,61cb4763-a69a-4c97-8165-9a35aa165b69
6291f9eb-4802-4187-8942-67474738a845,212b6d80-48d8-44f8-9f00-a0597d0ddd71
20900cd1-2d44-4132-b0f0-606d42ce497c,d9369a9e-92e2-477e-8967-25e1eae24909
d4fe15c1-ed40-4a9c-ace6-6ca612bcdb2f,f4cde5f5-b393-4683-8fec-7b28e78fdfbf
be0dea8a-1f92-4f26-80ca-4fdc8844df73,6dea4d28-032f-463e-9376-122d556af341
3abc9e6b-b09c-419c-9b53-2fb58cb5bb8d,c875cc14-33b0-4aa3-9e71-9dfd883b09ae
39ca7d32-4cd8-440a-860c-f7411cb4a134,83338296-cc71-4775-acc9-9ee5b282b2f3
4878e72d-fcc8-4828-8ec2-1687f3b4a272,e36949e0-3ccd-4611-9bed-927539a6ec48
f7c015f5-23fa-45e9-a7b9-9b5c21d51b21,fe85220a-bc0b-48a3-900c-07dae60fd6e1
7a91e111-aca2-4d0f-b6b7-09418a32ef43,1765b5ce-a54e-416c-9fe2-1c29cacb2845
c50a5cd6-b174-4c27-8f12-e1660e14d2a7,88bf7de2-d3ce-4073-8b2e-0a658b099487
e70f790d-e538-4db0-abdc-657a195009c9,4fe705e1-f182-40eb-93b5-fec05db2d6bb
dcb0c27e-e522-4bdf-81c6-c09b4084f6ea,29523383-d49d-4cd3-888b-113f658890e6
cad20502-7f1a-4d23-ab03-403f24682c56,8f32b549-ca64-4ef2-a4d2-3fd7b1e8a4f9
d90b4387-9bc8-4753-b6d1-b121efdf0acf,2610eda9-3629-4cda-a4fc-16cd6c6b25d0
a1d1a596-75e4-4fa6-9b52-d83c7eb1771e,0a1167c0-ab61-4871-bf0c-28925e4c8f52
108d154b-f5c5-4a33-9ec3-e891457476ae,5c371a40-7baf-4838-8368-d3e61e242669
23dcd74f-9837-486e-b301-97f2fcc78000,133d81db-3850-48c4-b956-b65b9ba19baa
dac96e48-b499-456b-8324-11830d7922da,bf534cd5-a54e-40da-b0f9-504232d066b0
d5b84101-00b8-4b76-a25a-9e727f4e3470,ff675cb3-98a6-4273-8bd1-6759efa469c1
427fd3b4-cba1-4178-a40f-5429236f3594,1d3d9ab7-0e10-44cf-93f6-ecd4be1197e5
b505b23f-994b-4ca5-a346-4f868044a10c,1b78bdcb-f57e-44af-afa6-f7529de3125d
15048401-a646-421a-81f7-4766ae54baca,c8b3e885-f395-4336-b89c-91e1d4a21025
98441299-6ea5-4d27-8100-81fccb420f6d,10522efb-a837-41b4-a549-02190cd8c4b5
d8ee2ef4-002b-40f6-9597-33d6f4e9f27a,4b9c5e68-aa4f-4a64-91bd-37f39c27d299
dc67339e-59b6-4c94-a68e-9b737ff720c1,99811a82-f225-47e9-8119-6b6023e9f74c
73bcee85-d4ce-4045-89b0-3234ccca5081,b9b29106-ee0a-4859-9ce7-c092ac2ab1b9
b7a3b824-639e-4794-beef-30ac25f2dbe0,76d42e39-c5ad-42b9-93d4-b76487ed3c69
84786df9-8fdf-492e-ae25-6c81f7e30411,098e54df-a58a-4349-89d1-173e4950c34f
452d30fe-bea7-431f-a109-275bc5e37e7f,c0fb968c-af12-44f7-8bfd-6c3ae13b6fcb
08dbbea8-6012-45f3-b301-d21310a02ec3,bc5811dc-387b-4a35-8260-c9c22e6e0dce
49fda4e5-ec26-4d2f-8e6e-81765462451e,5bff211f-fca8-4f20-bd53-669e310672da
b8cb626c-78c1-4e88-a6dd-012fac5591fe,8dfa6a62-39cd-4472-9077-3149e2f82efc
535ce1ba-f083-4e16-b151-a016bbc8c011,7c563a43-74ae-47d8-8dd5-b54c094244c1
1ada2dc2-666f-417b-8dd5-9fca1ae10896,93e17a17-531e-43af-bb81-608c8f0f0f6c
c0a65726-93c8-4fcc-a2b0-562d39afd2b8,fcdc87a6-aa60-4d7e-910d-78419dc2d4f0
04dc8e2f-b8f6-4e55-8943-644908ab08b7,488b067d-0fe7-4be7-a1d8-372606fb0311
304c6a15-1b06-4057-9c97-cfe554475258,e788b970-1523-4a45-a93b-7f3f10c2600c
bc0d2cb6-c467-4204-bbda-18e1ccabda79,06a77884-4bbd-42a7-ac75-8bc7249dc1aa
ab6c2b28-533c-4d4e-8563-849187bca06b,eebc763c-5585-474e-a873-454705dafdcb
134b6a63-63cd-4735-8028-55d86186e51a,735ea33c-367b-46b8-bd2e-09968c835231
a6203ea2-057b-4468-a61f-d5faa6c645b6,86516722-443f-48ac-a6ed-d21a8b44112d
f90996cc-7567-4954-aa7c-b8f66f679323,b3971a0a-fe7e-4546-9512-c6dac38cc879
2a074443-5222-4c6f-8647-ff6164cb9df7,7d3c5837-2932-4b74-a99e-2f2e34b41bd3
6d0cc802-7f3b-4822-be05-b94b00fe02ab,838c3e7f-97f4-40e3-beb2-435720635287
d5cd336d-2a8a-4e2a-a8b1-eacac794b4b1,dd4f47e9-f03e-4808-970b-e6c02e459adf
3b0a76a1-2379-42d0-8e04-9da169a6676b,b963f68d-be90-4332-958f-82ff96b5576a
bd815063-3447-47af-9b67-e34821c924e8,94ca68d0-89e8-42ab-b400-cb74f58cd6ab
ebc43a7a-127e-4395-b015-baf8e4837c68,fa31def8-acca-4cff-9d53-278df2b2dc8c
b3b31788-bf1a-4b5b-a504-c10d756f9ab3,950a0264-159c-458e-8f0a-1128cef5662f
85677369-dc7f-4842-8933-cfaaad66af42,617534ae-1bc2-49c4-918e-8c69b503587e
a5b41919-e185-48a6-99b5-ddd6a8885491,fee7b32b-1fbe-49d8-b29d-ced6ffa48879
b60647dc-a9aa-4f61-9765-8852b0889448,8b7145b7-ea8e-4245-83d2-0a6c0a0c26b5
d626dd74-7579-45a5-a90f-e53165156dd6,96fade05-ce2a-4491-8549-5e1317877c40
003d1085-5655-494f-95c7-47b7733d3fcd,68d3f080-26bd-4d7b-8541-531288e76db2
d98fca4f-666a-4337-bbc7-1d0e88c7f003,3969a30d-f94d-4041-a7ce-76cef4d591b7
19ed8dfb-fa17-4106-908f-d043deead130,ac05de3d-a81e-43b9-92b0-3a013b7d29d4
52cb29c4-87f9-48c2-9384-0fada1a2a8d8,b1fe5c9b-221f-4c12-8ecc-9b4bfc80595c
2c88e416-8137-4505-bfea-e301cceef418,40f868ce-05e2-4eb9-8f9d-b36d5f9855d0
3d9acff3-f962-4185-a5fe-88bea3aa3b28,ebc2442a-bea7-4687-bcce-9914c7793a9e
2f40261d-bde3-490e-9897-90d479f6717d,a674fe6c-3774-4da8-95ab-27db92a6e0e6
cd45423f-7ca9-4696-9f8a-c7a1ce91d0b3,38b8a077-651b-4c96-b927-68cde2bd1cd2
e6cf7d0f-111e-40d1-8ff8-3cde7c5b116d,94116a57-fb8f-496e-b836-26afc8665788
c83d59a8-e5b3-4fc0-8e8e-7f0d201da129,35a28a92-149d-44a3-b2d9-9e6c4a1ecfc5
70e6def2-ede5-4ba5-bd1e-049a0d7b1a47,5b64d848-27d3-4236-b9f3-3e2e1210a1c4
c28c3414-00b5-468f-bb04-de15c857f956,49d41d70-ea27-4b97-9294-7eaa7dd68ef4
7646d9fd-b65b-4736-85c3-feb7f585122a,815913d8-5e39-40f7-9cf8-6e8c70137352
b4873ac4-153a-458c-a900-1ebd51786a92,e9b1289f-0ae1-444e-9513-7f8b11d4c258
b41f8401-84a9-4b5c-879f-4dd9689891bd,7b6662af-f4a7-4439-ae77-a978a17005e9
5c198c08-f424-488b-bf6a-47e91e1e18d6,c196cd2d-9644-43db-bfa8-ba13171a4c99
33bf4b6c-159e-4989-a8be-e9972e764931,38555d76-e339-4997-a52e-cabecec12064
52d76379-65fa-453a-944a-7f03dfc5f183,4092d702-3214-4e96-aa7c-8c03631672a0
c166752b-6622-405d-8b0c-1459ebb2ac6d,3d75ee30-afdd-4ad4-ae86-5d1c55cf57d8
3f94a649-af71-46c1-af57-50f85b246dbe,db818a74-f0fc-4742-bd79-7cfe51455d32
7dd0304a-e15b-476d-a3cb-ebbebde83ddc,a35fef6b-e1d3-4b59-8981-b013d32a00c5
432b54d9-b0f7-4515-957c-4478658cc66a,4eeabd4c-c3d9-4834-b06a-f3afbbbde9a1
a46712db-7612-41a5-8cb8-6f098186c1f0,76f516fb-e02b-4a52-b4d9-2285654a69a1
3bd192f3-b21f-4037-8e20-654b994b4a48,961b2f62-a6f2-4eda-944f-60247aa5bbae
8c66d22c-bb7e-4507-8904-dfd62c4402ed,bc03f149-fbb4-4f17-ac79-9ab279168e19
d2877e02-5369-4694-9cd0-93b32bad6ab3,6df2e0b5-6753-4fc0-83a6-d817689045a4
44175331-bc71-4a5c-9573-a5e2f968b157,e0ed1b79-87f0-4444-a97b-6c6662684369
59bb6ced-fb32-4023-8873-eab34793cad6,7bbee8fa-6b22-432c-a5ba-6fb66f1030e8
f780f3c6-d378-41e8-9a87-71083edc4866,335ac78f-8d7c-437f-9606-90ad80327687
3b3b8626-c15a-4000-86f7-854a155e65ee,d6fc6288-5c56-497e-b8ae-0df0bf53fdaa
a3b081e7-b8ac-4207-91a6-990b733b2c39,044202c2-b847-4323-aada-cf91ed59ed34
220b8aca-ced3-4ffc-abe8-746cff447c83,5e1f8a47-4d45-4015-b92e-8184acac482a
493f2b4b-26ba-41cc-871b-3f44d33ec2d1,93ab5767-2f12-4c63-86fe-c7428444ff84
0a8b7d9f-8ab3-4bf5-be70-c8384895d39e,544a2794-26b6-4eb7-8090-77147c7ffb4e
f3a44dd1-343b-4b67-990e-3a83e41b87c3,8e66769b-66b6-4f14-b21d-65573bca4df1
ea45b8df-999b-4229-a695-049d5eafca38,18fa3c6c-4aef-4a95-806c-b7ac75c1aa50
aa70e77d-7b8f-42f4-b7ab-677e41cc0761,0a3418f2-6404-458b-8910-48b31639faba
9fb86c01-2741-4213-be05-af85678bc4a7,2704e24a-f2b2-4665-9ff4-279bc4b39123
96db7d77-01fd-4170-b081-cc6076dd4c42,e8ed4e2c-3f7e-4029-a4a1-bc449ea283a8
b74606ea-2283-48fb-aeb8-e7e00aebefa4,31e6a269-799b-44db-ba70-b6730e28b903
e4cd842d-c3b1-4051-8813-3c883da0e022,35b2b42b-4027-4593-9c4c-de34349f69f4
af5fa0c7-97cc-4d67-b2b5-575f262011b0,292cdb10-76fd-4876-8201-06b6af009da9
5cf05148-2900-4f17-a57d-dedd22190586,ab84977e-5847-47f2-bf90-c3e6136c14c6
a9439de1-bef0-46c6-8603-37cc7d2cd274,a4c1811b-24b8-47e7-af53-4ea1cddaf927
2dd4efd2-4cc3-459f-b836-4d5f0c92d89f,f9ed0799-07a1-4a66-821a-a3abff8e1f98
53f81ceb-0dbd-4bcb-9cb3-d2caa7476334,b5b6a2f8-f4bc-4c1a-ac18-87336fce8def
8b5332d3-24f8-471d-84b4-c17544f19a26,84da65ec-1e12-417e-aee7-4a64bea36f0c
2b2e943a-c8fe-4fa9-a602-cf12e3135936,f5fcc18c-cd4a-4425-bf91-96a2f5a82502
0a59ad54-b900-4341-a50f-dddde00af778,6034ef44-33e1-421e-b024-c03b90b64e52
beb7b320-bdf3-4164-be9c-f8d81d232cd3,27671b63-02d7-4dc7-b84d-d22373f29530
afa45241-1c93-42f8-8882-c2e259b1945f,235a5ed4-faeb-4d9a-89f4-c65db92db6d7
c948690f-5f04-49d4-8cd2-f54aadf135e0,643e44d4-3456-42a6-b44f-05071e60a5cc
d713e7b9-a786-4333-b695-6b72fb1f5f04,77af01b9-420f-4368-9a3e-985161500509
cae4c372-4770-4e13-8243-a555ca1c41c3,5aaae130-f9a9-4027-a7e4-f3fa9f34dfe3
18af5a9d-54d2-4e14-9841-0101a790364f,428f51fb-06b3-4ddd-86ed-213bc02861bd
f8a23772-aa68-4862-80e2-c64a75443f5d,a341c5fa-9543-4e02-9586-1c49fb22232e
102a37a6-dec6-407b-9c08-d02dc54b12a5,947a5210-881c-4665-889a-25f279f4797c
d79ced46-23e7-4252-80d9-9030edd23266,399ce4ed-3f2d-47a4-800d-69528c6b1cb1
49c58f3b-945e-41fe-abb5-a57163b17a69,fc9328d4-9473-4cb9-ad32-9942ff01096f
be47d82b-d0e5-45c9-aa83-500b4c54f1cd,532e5c3b-319c-4e47-a2ad-53fd1ba4a5e4
ee044b40-97f0-457d-961b-dc2c72842553,a93c9323-0b4c-41e4-9d48-fd4015c33527
91689508-c6b7-4887-81f3-9ecd0c69146d,33f28b56-5c5d-4398-ad12-5a287a9c294b
ef7109a2-055e-4546-ab9b-ace7451a14c5,8fdbc10d-4c75-445b-a7dd-27a67571db12
7cdb2569-3f31-475c-a72d-75e7368b3dd9,4cd0064c-21c3-4f6b-b8d5-bd6e6b946357
6ba1aaa2-adc3-40a7-a25c-3ba132f59c3d,0efadf88-c99d-4d3b-94fe-8d7fd343ec36
d80af336-f1d7-4f99-8b11-35db01c8c51d,e32e63e8-9ce7-48d8-b0b7-3d5c5546949e
afbb95aa-78c3-4622-85e8-b8cfe841f3ed,e11e6399-00f9-46d9-86ce-ee375dd25bcf
e441b7ed-9d20-4c6a-90bd-8daeedafc534,7508e6ef-b907-4410-9b05-075993a7597d
8b9050fe-f3a3-4358-b964-cf2be63c3ab1,2e90bec6-f339-44d1-821f-e4396ef397e7
78b888ea-cdc2-4f67-8d0b-f0c8b7fef6f0,7037473e-1ce6-4b98-bd93-d90b405e63e4
7946b4a0-383a-4b96-91fc-6a13777a51e9,9f4528ff-2884-4571-90f5-43b57aab36f6
dfcd42d7-d6d2-4693-af56-f8698956614d,62717b5d-c5c5-444f-8a95-25427cb227fa
90586c55-0864-4dc1-bc1d-5a811685d930,99dbb578-3404-48de-b262-75920b8d9c2e
9c3e260d-7ca9-4ac1-84a9-3efbdb2edbcf,975a2839-9e81-4f10-9aac-0f430b63d543
47918f98-43f1-45f9-a3cd-4ee85650ef42,8fdbc10d-4c75-445b-a7dd-27a67571db12
b027e792-95ae-479e-8bb0-e8d8599ec0ca,5c4e7b1f-68c2-4056-813e-7dd497a525a2
7b60d0ea-9c3c-4276-b407-722a234562c6,3ae7c2b8-f631-4b39-b06f-7769bd7157ef
a4a4d58b-8512-4497-9dd1-dd6baf2a4818,1ce49b98-6606-4268-91d9-e1a2df32cd5b
d070f50c-340c-4598-b6bb-35f922412564,33215151-d9c0-4c6c-aeea-ddf48e48de18
d10047f8-7e57-45da-ad42-7f4a659ab1e8,14cae3b7-54ce-480b-8173-cfe1d87a69dc
61735319-2f66-46c8-a7be-55caab8ff5c9,a981e671-c091-4886-bbbf-ebfc463680e7
a8b86f6e-79f4-417e-91b7-b278512c086f,6845c030-d739-4533-acd5-37881d875ef1
d420bdaa-b5f1-4163-979b-edcd7ed434cd,6038c126-8048-40d6-8372-97a55ceca157
5b4daa3c-0ff8-49d2-a9d9-401ba0d40497,79a8a5d5-2e5b-4003-8d51-9a46fab3e4ce
e9aa6f91-85f4-4e83-944b-a56606b5fcf1,8728c760-9c04-42b3-8371-cea1292c9d1f
9470061f-c6cc-4e28-a219-25b2e4d480ff,ad7257c2-84f1-4038-ab01-88a9a3b0bbf3
c3020f6d-23ec-4888-9657-df6b76142e09,9b72c729-cdd3-40f8-9664-79c81b280eb0
292b9de9-d7bd-4f78-9c89-48611e11ea81,a0206727-3940-4130-97e2-379dd0a0a74f
71235999-990e-4325-8a1b-9c0f513685e9,55ff70aa-3f3b-49e0-bc35-60dbe1044109
39746f41-53ef-4d00-9bc0-95e486f1f157,482ca6e2-f3a3-4bfb-b8c2-549fb5b6bfde
b16c2bd2-a5ac-4e65-9fe8-0e1819b4e4d0,dc71b21c-96ff-4ee5-8d46-47136e989ab1
20ca8897-e491-4ae2-938d-2b6f56c11ac9,9efb46b0-4a62-4117-9838-f31b72924ebe
b8c2dbb8-0be8-4161-b357-a68b7399cee8,8da99eb7-c6f7-4ff4-8785-428084efa393
d79f1659-18fd-4d86-9506-8083eac8157f,dff247d8-3d3b-423e-a28a-fc984f9ff21b
012e8d4b-8f68-4f3c-b0b1-a65a250705b5,b5cc464b-3d69-46a5-98bf-383d918ca054
1d41399d-4b5c-4b63-8f66-6d09ecd194f8,9dd919de-5d10-4d17-8f27-52875f3ffe43
3fd04426-1244-450f-8395-d4d3aede03cb,3c0f6ab0-76c4-4d33-b75e-3fcb1ac7d502
bd4b82e2-0398-449f-9c05-4385ff3b6341,59fa9999-5c7a-4d30-82c5-d8035343712a
badf909d-6f9f-4f1f-9599-74ce3741519a,a7dc2d85-a7c6-4f72-a831-a001325dc156
36907381-d3ce-44ca-badf-37559491557b,e2b1d070-7d15-4910-884a-2df782f71c41
995b7e31-7bb1-4440-9405-4206a538ace4,d8e26e3d-ce3b-481b-84cd-401e8f711bb7
c5d793cf-abd8-403b-a18c-95e014f94e78,39afabe6-e1a7-48d3-b9e6-dcf727743b16
33561d25-94b4-417f-8850-df2d45a5d012,9b1410f8-f345-45bf-855e-f27315af175d
670d886e-df8f-4317-bc9a-8fdca2ae2888,376a81ba-1b1d-4b1b-94c8-98621bcaa9dc
f804e049-9339-4f7b-b8df-2b6051fb4997,cf202c8a-a7a8-4eba-95b6-97035609e284
fbe03ac0-8087-41ed-a0ef-9b4d3d0790f7,3088d507-0bd7-4a37-880c-62b09a07572a
36d61b66-0e87-4ddd-b93a-6aa9b4859c32,d03d9cc0-7063-4ec4-ac4f-5a75b62e9d79
cd2d1d67-5051-4eee-8818-d9723df77844,9053b123-6a70-4d42-883a-5015e61bd7df
c23ce8c8-db78-4785-a2ab-4f46144f74af,c2af5e93-423b-4b8e-be9d-9099293f7eda
518cb542-2511-4f03-a71e-38dd4a9cb28c,1159aea6-6f4f-409e-8019-3f1ebce3a18d
d1f8881f-7493-4f48-b180-5cf00bc65b04,dbcb41ce-ea51-46ee-9f55-f641bc4f2930
5f982cc4-8ce9-49bb-8627-89f07c98f8cd,c4a9dee0-63f1-41b7-8e94-951a90e5fb6f
2a9f379b-717b-4026-8190-19d23eb4d461,012c1aa7-17b5-44d4-89ad-7beab5b8aafa
4ac299e6-190f-4205-b173-aead29ca4c88,4144c46a-ab5b-438d-929e-15388233445e
4ac332bc-a68d-45b5-b893-f7aedc17d5ca,8d6540b9-0f08-4881-827f-8359e6b67baf
31441bc6-af91-4231-9ce8-e66fbb671c3d,242d89d6-3111-40d7-82d5-280f6c6dd60d
aaf03813-dbcc-46bd-b06d-470188999c6d,b5211517-9974-443e-8d45-22733f09c3e2
90094deb-5c0e-4ff4-a994-f09ec3ddc980,1d1cfcdf-c1eb-4d3b-b222-41fb69fc827d
058d899d-3b66-4203-a3df-a1aa438da54e,ae9108dd-a358-4dd0-811b-f50ea04ce7f7
7ef2e39e-8bdd-4620-9f83-f48df4aceaea,c118d4dc-4848-497f-aa68-f6a00fc7062c
a95afb6d-e56b-4d7d-af0a-ff9622ed8afa,ef8de8d7-65e0-47b8-a20a-a78215ab7073
9ed783b6-73cc-4bf8-8948-b2ea0a20d8d5,c3f11154-cef3-49a2-bc1e-a89d9d88c6b5
667b9155-db8a-40f3-9bbf-a30f8713aa67,22b46ed9-da24-4576-9cf4-16f00bed19ec
af181f3c-69b3-4024-a17a-bf097162b10f,09ca012a-2ebe-4d58-b45e-53ecf489ab08
d65de2cb-52fa-48e1-8617-c69038e16a32,f05d412a-0c87-4f5c-a0d5-6bca2d2203da
7914df05-3a97-4e8f-bb55-f4459d8bddd3,594a4ae4-8077-43d5-985b-2ef2e6fe355c
5ad9481d-b247-41fe-836c-48d51c7fec6a,09a9e243-a963-4471-ab22-8c35037388d1
38436d51-8f75-49bb-97b0-4bef1aa15b4d,5a0d24d2-a99a-43ab-b770-1bae933455dd
93ce09d7-00c9-4df4-9277-be5656c6da80,cf013f7c-b13e-4f9c-8ab6-c3df67281e2c
80fe8d95-21ea-4f26-be5b-7018d1dd2f7d,966ece40-6260-46e4-88dd-337ecba78a7c
7031f798-1ea0-4ede-bda7-cb8b3d0e126b,6655a2f9-c9f8-420f-b67d-d32b43e88375
43874ea8-1a9c-4d6e-a90d-72781c292a6e,7db45636-f7b3-4747-966c-62dc4dfaf3e9
212b5bde-8134-427c-970a-e16a840b19a5,2f4aa47d-3488-49f2-be4d-707cfec5f22f
834e7ea5-b58d-44aa-a827-fcd58843a040,8e3f84f5-23a3-4740-aaf4-2239e66f9f1a
c3168e2a-f19d-44c7-8c37-ce615f36b47a,62f2ca1b-176e-4c61-a2b9-7c91b664c763
baffb83c-7f91-4b2d-bbb4-86a830a5a761,ecf9bb12-41d5-4f0f-9925-5b0652fa9bfd
2d857aa9-3a34-4e6e-b770-9cbab35aa572,e406d888-29ee-4608-a937-a119626bbdf9
265c2691-8956-4277-9dfa-694ec81e0cc4,44a9b8af-61a1-4d97-8663-b51c2613732d
9b9ab25d-2603-41e1-99ef-8290148b856e,57494cfa-85a5-4bff-b6c4-b0ac8600d471
8d23e53a-d458-4297-9b0a-28b3dc3c69da,867feed2-9812-4f56-b18b-a1864c20488c
2e468259-d1ba-47c8-aa63-79f60cb7747a,44ae948f-db3f-4944-a6fc-1a0a271d09f2
a794ed18-7ef7-4e0a-892b-871a99bcd6b7,3a744873-c7e1-4529-980d-075caa9a8a05
ae62c96e-67c0-455b-bbc9-b347e0baf161,2fbf7547-bfc8-48d9-acec-dcaedb1c35dd
445211d8-0e94-4146-9bca-b40d7ffef6e3,c1929859-23c3-4121-a0aa-1368d672f831
38350737-1fff-4345-b1a5-e5ac2a582351,33f6610e-6218-4d8e-bf10-9fc28a1d7a89
02e4b4b1-96a1-4708-8111-c8ff6c17654c,012226dd-1c25-40b7-88f4-879ce4a5bb55
9d146e1e-189e-41e8-86c5-31004f357904,8d070269-cf82-445f-bc54-a1026186f38c
60fd21a9-5239-4210-b296-0f43be8ef207,36aacf84-3aba-4bdc-a72d-320ef0c33716
546b11de-5cff-47ea-88ed-d3fc8539ebc0,b1168c46-2ad6-4e73-95c8-2ab587d6d94a
c8eebf97-7342-4add-b08a-ba7c0e6c4c1a,e1494524-bef7-4908-95e3-aff03d937e2a
a823b908-4367-4d02-9ee4-9f3c8d8460a3,860c6343-ea23-47b3-a593-931c07b4d8d9
4a84f14b-687a-45a7-bd41-d0da4ba0dda0,9687bb9e-73d6-40b5-8bb7-1d78572092f5
dda16d86-6f44-444a-9157-49217076fecc,912b4924-c876-4e36-a09b-956bdb4c7373
3ed109da-97ab-4940-b72a-5d30f4e772bb,625458be-5a40-468f-b187-f105f9ca4de9
59bb05fb-4673-42db-9159-abfda8cb5565,9c0a48fc-4b36-4c1c-871c-93a86c12acb8
0661db09-d28b-45ea-9511-29ad096b00e3,f1f1b9b8-22ed-4093-9545-ff961cee4654
43e13ee2-cb4a-48f8-be1d-53eb66c12833,c0a36cfa-943a-4f84-b36d-309271fda4f7
c50aa158-2a0d-43d5-a63e-05e066b9fcda,6a3d15a3-f936-4f09-8a08-bbd5a5f0472d
09308d76-a757-45a0-b3a1-a110bc8fc5dc,7a65da00-36b5-445d-bdd9-644937372da0
f9687a9b-b4a0-4829-b792-cf0d1030f7ce,a85449a6-d095-474a-afd8-ec631c546989
d12fa64c-6414-4eec-adec-fb6a18317215,71e92bcf-260b-448d-b610-4331f5727ad3
187c11e8-2e92-49fb-adbc-854137d34582,afaad816-b69e-4d6e-a0dd-d64a5b44028e
510caba5-6979-4919-886b-e3fb5f6564c9,0feaca4a-53fc-4982-b935-6e4ec08b9b7e
b5ea364c-8082-4d86-925a-c881090be988,9a14fd38-82a0-4f2a-907d-952282e6091a
7c15b8d4-5cba-41b7-b53a-4744c6a80358,93a81f50-41c4-4264-9ca7-04c5fbcaefa8
46a901c6-6450-4958-8311-66a390c695b9,304cdd15-58cd-4f23-8433-d7c1eeceae4c
a51b4fda-0794-4da8-940f-6ad83dbc9b04,863a41b8-b8fb-4258-bdcc-e1716e8ff8f9
1e7a345f-f202-4785-bc88-180de190d86a,7bf69805-7bdf-4e2f-83a1-ecba74836874
f34778c7-8ce8-4def-9ba9-03cf832648ec,7f4426d4-a7bc-47b6-bb13-4f6a5aa2f0dc
13ff07d2-e86b-4182-b7f7-b7c655e51106,3149c716-4b8b-4b45-9e63-05341cad40ee
d450c47c-ef45-4404-80b9-ed0044110865,4da277f7-8560-4750-9641-2a7a74de92da
1b24ad10-506d-4601-b640-b902408432f7,d83e4cf1-3baf-408a-8646-7a055887a6de
b9534956-0d54-4ed9-9b27-f73232007517,e13b7731-e4b5-4519-8c9d-81496fed38aa
702a8444-c8f9-46d8-9b9a-6964e6c6ed7a,83cfde29-91a0-4c1f-bd56-cb3fb3c10460
9f327b26-2a0b-41b2-821a-dd0f9f5dda53,59d0d8b5-c8b6-40d2-8172-6cb9a209c8b5
62059273-3dbe-4fe7-8968-a1a6fce6e03c,80a605f0-b826-479f-86ab-04b696df2e15
b37c8a87-5928-4d75-a23d-99c80b9d8de8,9af258e9-6e0d-4785-bd6a-13b069259dc9
ab50adfb-4443-403c-9280-75407526b28c,156d7f52-513b-4aaa-b739-5b05807b9bb9
3a1fc822-ef49-4c5e-870f-610cc62d68f1,2d49ea70-bb19-47ed-8dfe-0408dba72fdc
b3ea0bb0-dc2d-4285-b549-a8cae409a52c,9555be9f-2cd9-498d-b861-cfa2c4fed9d9
9db3f27b-9a84-4526-a3ff-7d4d8a6826c2,c4667e1a-953e-49a6-bc54-0b930c092f40
42d0333b-cba5-4621-8f50-136b062de7ec,fa4ce5f6-225b-4b97-b9df-5bbd91f5a14a
b91a94b5-af76-436f-98ca-f5114d92c8fd,2afe46bb-9f11-4ed0-867b-6eb89ef0157c
2f4ad2fb-6e45-4965-b960-f9ad19b8437a,5fbf97e7-610f-41d5-a2f3-869854b5bea7
af4b7316-36aa-480e-974a-5fba4bd48b74,f1b6c417-9260-4310-85cd-3c45e65c0420
81055093-8877-4f15-b6da-4a7e9b568785,34dbe008-fb78-44f1-8204-d005c5ae7e8b
90b7caf5-a7fd-4629-a02e-4f59062eae8b,a8839ab1-68fe-4b10-817e-2679d814c3f4
3c5204c8-5568-473e-a79c-fd40d538a5d0,1777857f-e070-4cce-a614-90fc513c6a9d
4fecb7e5-e962-4c35-84e8-416472028197,cd52e433-f2d8-490d-9a15-370582be0a2f
adbc4e62-7977-46c8-99e7-f9354545819c,e1e06e90-4693-42e5-bf18-eb61a51a22d0
85a709b4-032f-4536-811a-d0ad087aa666,a8ceb6f9-59f5-4d5a-bdc1-46faaa41c4e4
f4259bb9-e162-483b-941a-f628d6b3b8da,ae93801d-4a29-41f2-8e05-1e6eaf0ec2c4
b2fe9366-589c-4002-a223-27eb60ac7943,592cbd56-4f52-416a-91e0-75c3df8fb97b
254969d0-3919-4758-b84e-44b430af9ef6,2cee115b-f729-442e-aefc-9a41f2bf4aa4
c27ae8b4-5794-43b2-8c4f-e736c72e818c,4e7afd32-9ca8-44c5-be5d-78cc02847716
a1e4958d-da9b-46c3-a419-03b3f088c574,2811600f-695c-4ee1-a4e9-827b29f456aa
d968136c-0589-4963-968b-21ef777be220,aa58df6f-96c1-456d-8877-0d3ee5134110
80e5446a-4a43-456b-bfc0-3730ac94202e,e1636d57-097b-4b88-8e5b-99709f84d138
2d50e88e-f9e9-4b92-9dc2-7cb96f9d3176,322c83ab-3dde-4b4f-9f35-adc8ccfb15f5
cc22356b-a68c-4772-a678-c7382d21f09d,6b47114e-a49b-4f90-89c5-c8bc42e3658f
51d3ae17-3230-4d82-8e2f-951f6fe968cb,093338f4-02c7-4903-b6df-9d84730e3db0
d9b9b36d-035a-440b-8b72-7b49159219f8,9da979b1-baea-4b2c-8962-97a69f80a83b
3e4cd64f-b44a-4ed5-aa5d-e59ac5cb4c10,743b6883-adf3-43a0-911e-9f0f6691cbb9
770c61f7-1646-4a2e-817c-55676ebdd904,33297ae1-1621-4731-a61a-38199e3c3f4c
fc850b0e-7119-43da-a473-6a139765c87e,d4957cbe-9445-4e25-aacb-a834f82fe711
38ff7241-b00d-4e01-aca6-385b46850cbb,7c0b67e3-a69d-4ae6-93ce-d7436f51484e
fb8b9244-edda-4b61-bd01-bcc3ccd4e013,1427c26d-c374-43c4-bef0-7b641e34189a
796c02d5-1904-49c4-8d55-534d6e03bd23,980d94f0-91e7-4824-ac78-897a9d74a725
38123579-cbc8-48ff-b2a2-617808182b6f,767f8aae-c4c8-426d-ba61-cb6475ea9ce7
ca07e5f2-a64f-4f98-945b-161be2bde621,223919f6-42cf-45b3-9df7-0cb1d656d3e0
0a240ef4-4125-413d-a8a6-be062387dbfe,5d76a661-f957-4af4-8a67-0a436419a55d
2a598ee3-a83d-4f7a-8367-4ebf75e16730,f196b254-2ce5-4897-8dcc-453f1e6546f5
04748f34-821a-418f-a601-31811dde1db8,092e9640-c8af-48f9-bf79-94681c36e404
6f661e54-2518-457d-b126-ee17b82b3610,979ef543-62f4-4220-ac70-3df31901a5d6
b0efc0a9-dbc9-4728-bd7c-d41648b9bcb5,45c7b921-2760-47c7-b4e5-c2f5043950b7
e45dc7f9-2ef4-4811-8c6a-aa629e5763bd,cde2d6a6-f6bc-4339-bca2-2677a732f28b
0427de27-40a4-44d9-8082-7918f8650b8b,db18cc54-90d9-4835-9496-0f6ac7969d15
759dcf48-4408-470a-941e-dab7b3018660,cd08e691-8cf9-4c72-9f28-d6d669386212
84d6ed0b-0a3b-4e00-9b2f-3bc5c4240f7f,47806cbb-146e-447e-a478-aa4405d01816
d4ba1c00-d6dd-4b44-849c-84cec1c5bf50,061bb795-568a-4580-b4cc-e4d7fd4fb35a
be4e7b7b-0178-46ce-8be2-70008c9a5a21,153b7af8-cc50-47f7-b0eb-8f949612b41a
ccd22839-d7ce-4c26-a282-8b829a443456,3191e1fe-b835-45b6-8ebf-6ece9e22d8b2
4d67470c-e8ae-4b58-9710-bf58a6db8559,301066bf-8ca4-4d21-8ce6-af71259ec405
805821d6-8c1c-420e-82b7-27c7ffad29da,0b615524-07bc-4091-a6b5-00b21127721f
a2b9c0f5-ac69-46c3-b8d9-8d1ede0aa299,4a0e2a96-b46a-4a7f-b235-d8f22176a670
67ca77be-b498-4107-8fb7-d9bafc1bbecb,c56e1be0-a827-4431-a8b1-f3c4e25a4e12
a9138107-9764-4554-acb8-af460819cd4e,e27cda50-0e8a-4b1e-9d3b-ce1b24cc199e
03454efe-487b-40fc-9a47-ae097d3ebcea,eba56d51-7220-41dd-817b-940fd1cc11e8
d41b2ffe-15fd-4a33-bfff-a347787e10c7,be233bbc-a196-4db9-8be0-e450740dc412
5cf517db-f540-41b5-8c20-9303cdc7d308,8aab5209-c0af-429b-b03e-2e6e75010455
072aba42-87b3-4f0a-b177-55b30595d80e,0de7c5ad-4d5c-4162-a377-dc7ccc7b5176
3d74b37f-0514-487a-89ae-01dd1d0cd15b,9b54afab-14b4-4217-b689-5ab459cdf996
2280cff6-ed25-460b-9fd9-78fe10559bd6,4daeb2ff-fc24-4f8e-9bd9-ba1c42eba4d5
64c92855-b838-4e94-990f-d426fc446fda,b256e437-049f-45ed-841e-4c85f68dff1b
3dc1e34f-3797-4be1-8b30-8882c6e06ee7,b989d2e3-08a8-4a02-bf53-ff3bce08fb33
597f67ed-0336-4491-9ea5-894774d096bd,e54825bd-f973-4b39-9ba2-34fedf9aa94e
7dd2cb58-3e20-436f-a5f5-651ae5c43d63,4ab098f4-ab09-4a76-80ff-ee49a6b9853d
ec6b1b61-5bde-4af0-8f7d-46f984d7f4f0,eaae26e8-0dfa-42cb-890d-92c0ee8ec9ba
a25dfa04-3113-4251-82d4-7721bbd59cfd,48de26f4-f5ac-4183-b6e4-5fc15f4894c6
f331c6a6-60e6-4645-a5bb-a9719981eecb,d8e1acf3-93f1-4060-b9a3-6c7621354fa6
948f173f-810e-4c33-aa8d-24162406a117,0336a4fd-a162-45e0-aa96-2419b247bfb0
55def695-cf6e-4bfc-977c-54f54d573cc9,9ab937b7-c289-41e3-9870-c2c67c4d7113
48a50870-8f34-407c-9d61-b3e9741eb74c,b26be9e8-acdc-4677-bf57-150dc430356f
66fec720-5556-4310-a73f-dbd4716fdcce,0494abc8-cab4-48b0-a148-7295d83e4317
7bebff6a-c235-4fa3-a8da-52245d2c0a96,c3a93b5f-cb31-46a7-87fb-8720699ce1b5
1f79d23c-77df-401d-a4e8-2c3b98e5cb78,ce7340bd-10e7-4b3a-bc4d-c8c0b79ba07c
e9951e7a-4d21-4699-9e2b-11ff0ce1ade6,724ade8c-63fe-4783-86b5-7db89460f99b
18b493fd-d5f1-4e31-84e0-61657b4c088d,fdeb94e3-2550-4f85-b988-d3c17aea74c9
8a2f6f01-e268-4bdd-9d28-5f3e71c92da2,0cdddb9e-9dc7-4e69-b24a-232cdba02e52
7a5270ba-f688-40a8-ba6d-032424cdacca,a1f96a1c-f5c4-4f4f-90d3-a548e8e9e1b1
6fd3cefd-15df-4df7-a4a9-f465b77407be,7848100b-2dcc-4a76-ba76-d826f2753fd1
046e21eb-a255-48ff-a9f6-842ec1966cda,15b7ba73-8e1a-42b7-b737-dd451ed3620e
3275b4ce-0f44-4e7f-8e62-a247666d284e,5425d8d4-375d-4ba9-91db-f68d3262af6d
ab9a91b0-0bdf-42d7-90ce-de2ed4ed13fb,da48e551-34ad-4e77-bbc2-0cc5a537b676
85b4e8f2-106c-4360-a45f-084c0f7eefda,8c2f5bdb-d23d-4184-a2ca-3178be0bd2e5
e76cc848-6e6b-42ed-92e4-ce9db4e91cb8,79050743-331a-47a2-8de4-bad153f89fdf
9282dca7-5ec2-4a92-8ded-80ef31ee1fd4,45bc0c9b-fa97-4b68-93ef-92b6ae7ee60c
bd3d29db-83b8-4fc4-88be-ac0128f441ae,8daaddc3-090b-44d3-a093-09c5b1d4f178
83876ce5-856e-4fa6-90b7-0ef9d9897f2b,c6cdcf53-402c-418f-9f6c-8b6d0a2e6f93
98035a02-e848-4906-b5ac-6c3120035571,86cc3f6b-a3b9-40d5-b31f-3ff44eae4757
1e28794b-020b-466d-8974-1fcc2842fa90,5d3c7a43-ec43-477a-8733-74e0dcfd4484
fa064558-4dbe-4484-9f31-00e29d1eef0b,37b4b111-76c9-443a-b37d-1413d8614495
825febfb-bb37-4999-8e8a-acfd235681b4,b29587b7-5fff-4209-b1e8-db04b15916aa
7dcb16b6-3f9a-4266-8d91-be10a17c44d1,d9ce62c6-76b3-4f9d-9bbe-40ae39ad273b
c9a151db-82dd-4f6a-9b7a-476155f28540,1ab19c11-7a97-4088-a1fd-385e9839b810
28fa4066-49b4-491c-a7e9-45d92273c67f,c07782dd-839f-4dde-a4af-7670791e990c
6aa731ea-4841-4214-a9b4-38352ba926e8,78f4f780-3a44-4dc1-ad5e-22ed150b3f70
41a2ebb0-68f9-4cea-9587-e8399cc3ae17,df6ef9c0-64fe-4fcf-9e85-6c6b7b8eadcb
843b1a83-db76-41c1-99eb-2de0a8a55818,4fe408fe-1bee-46c3-b760-5fdab82ca1a0
7e77b0a9-3556-4c26-a0bf-055cfb656260,297e1429-bed1-4227-9985-5c5324aa5d67
508403da-8490-4e48-8b5a-cddaff055f1e,0c4d7b87-d9d7-454a-924a-64e9fb2aa926
dd64a351-1140-45ec-bbd1-16c79a5d1754,4f5b5fd0-65ba-499f-be61-1bb68c21fdd0
e2f57c78-2fed-4140-b652-38a993e4ed44,f3922cc0-5fad-42f0-975f-aa1f59fa42c3
11c6d86c-1a98-432b-addd-66a2d466c2c9,4af41bdb-8c1c-4da1-b78f-a70767a68192
1ae4f3d2-a088-47e2-addb-0bfe49465eb7,d12ff18f-de30-463f-8fb4-70ed9f23f16c
b9befea6-28dc-4a97-b4d8-4b4b939edc0d,8dc281fd-c9e8-4dd4-9ac8-e5f487149e7d
7f746884-3b41-4bf1-8d99-a8a2933b3342,8b41818b-8c43-456d-80d1-cdfa99331bc6
0edc8477-c0a8-454e-a7b0-306a30965b5a,bd21093b-7401-49f1-9b5c-abd3fce63915
5ed67b19-ba93-4b6d-aacc-b30b48d28a94,19d98442-3a9b-4d17-a19a-8145f8964b94
b3dcb17d-4607-47f1-8b5e-0b02826d4ba1,2de0a4c6-e97c-4b95-9906-61b22d0f691e
de6835cc-9721-4ab1-8913-8f7a111fa387,35ff300c-edfb-437c-b48c-5b945828112e
8202ea51-9805-4b8c-9c55-2b380d91b605,32c04c41-6593-4a6b-affc-89fd324a69c8
31587179-5d8b-4ad5-9042-c9fa373ed042,b9ebbc9a-a09c-4068-a72d-124a497f66fe
6402b35d-dc84-4565-9075-e7c06d150df8,beeb0c36-6504-4b02-a0c7-5c6e6d2dc880
cdd52ce0-e6e7-4134-ad60-0b387e235272,8d1f6ef1-dc08-4f68-8fb2-e9ea84409f50
a9f72b34-7537-4b1d-81af-bdfd26cf63cb,c263465a-2671-4bf2-a9ea-45fbe27c0fd0
d220bbfe-54da-4e49-9267-ceffbf61f662,951a6d66-732e-4f84-8322-9a38c175caa5
c70e6aaf-cab4-4ed0-9368-7b9e0d1a8246,aa1a33a6-eaec-4a08-8b23-602849d0ff50
6dc4d332-8d6f-4aeb-b3f8-ce72f84ba996,7d54b9f6-331f-4b7c-bdc1-76075b181664
45cd7bc6-bbaf-4501-979e-90470013d0b4,6ace85cb-d49e-4bc1-85f2-ac8f3201dc35
a149c4ca-6fe4-4454-a255-07214d49659b,428c6759-224d-4f11-8dd1-8463ca5fef06
03f876c4-146e-45d3-b1b0-5eeac9b399ab,3e3ce2cd-ad4a-452d-a8a6-1bd6829b8611
201f5420-5726-4342-9e4c-7d23da23b565,5b475341-3f9a-43e8-a58f-bae1c5341ac8
aae174f2-b32b-40d1-8d7b-ff92850529fa,975282f0-f4b7-45b6-8d57-967df38b1370
4085a66b-e031-43d7-9d4b-d93fc27dbf1f,b15d7a75-016a-40a9-8dff-22cfc67fd4b2
66b8ae10-bfd4-4384-acd1-fc99c600ac88,a0a09f1d-1232-4b3b-9089-43ae249ce660
c8c217c6-cb23-47cf-a76f-500e1a3e49ff,d2cdfb7a-b69e-4e5a-a842-cb023a164722
e7f164be-7d2e-4fcd-ba82-4cb634e583df,3b909295-2c45-4fa2-9312-fa57392d2746
307be1eb-fe3e-493c-88ae-b0c5d88e83ae,448598af-743a-4b04-a8cf-30824c980753
f7df3738-fde9-4c5f-a455-9a8c675af4c5,b6bcf13f-c8a3-49d2-ae6a-766dbb57717e
80824c63-ade6-4e0d-9b4a-6a3f5ccf22f4,becfb2f2-98e2-4df1-97da-274addd11c7f
f176eb57-a09a-4c9e-89eb-99dc4c55efb0,80d43917-2328-4f30-bfed-03242dee4a00
9d1ed6f0-058e-4fef-aab3-98bcca4dfd69,3d511d3e-a605-4c8f-a57f-5fa83338ebe3
86f89061-1c74-475c-85c7-b1321ab77264,c30bba2d-a86a-4560-b98f-211708b61a3e
d2a2b570-673c-47c8-b06a-b3cebb413add,ce8ae2da-14d9-4dff-b01a-f10f23d2104d
af0669e4-d46d-4edc-b524-924464c0d801,8eba0ad5-30c7-4b68-afc0-c0db3ea94ad0
01110a4b-62fa-412d-8648-6d2c03655903,7f9378af-3bf3-4eb4-bdf1-612614423c3a
9a3d19c2-3ee6-43a8-b5c6-cbbc9359e6c2,6346dbea-2043-489b-bf44-1cd818cb4e0a
d3e01faa-8e17-4e47-ab1c-b11c0529dfc4,e9cfff66-c983-434a-b077-1c580c0e9f1a
50af71c2-a327-4de6-8d78-b67a48e29886,0822e2ca-078a-4474-934c-b30f814c227c
f83a5637-0b7c-4a1d-9ab7-ab25c5d4b5d7,c37c4dab-3423-4cbe-87d4-24beef46b8b5
e57fd884-c72c-4cbf-9f62-9a94116e4de5,292d1537-1b67-4acc-93f1-270615cc34af
a18a887b-25fb-4136-9e0c-b6d6ebb30426,7e00c8dd-a570-45c2-a517-900aa924c199
aa966ca9-7ffb-4b0e-8e0b-0272638b598a,5bc347c4-5792-43cd-ae8d-d0a2136af738
b29f1367-70fb-4224-aff0-2b60e865023e,1b338c88-33b3-4422-bebd-1e5f427824db
7124494f-ff7e-46bc-9ef0-519f00d03f5e,3cec0675-e74d-4a4d-9c72-976e4b282a4a
9e7730ab-6fc9-4a22-86e0-a43bb764d99f,178a7efa-6d7f-4dc1-bf01-347b9b4f4d41
bb305f22-d7c4-410d-b5e1-621172286ab6,8bb93823-4d48-4fcd-a572-976fe8e55b5d
cb98db9a-e298-4c86-a436-2ef7ec26e332,8ca250ab-eeeb-4b8f-b685-a22f213a1c80
8c98afd7-94d7-492c-b43a-0bb325f09879,707812bf-94a8-4605-9df5-d67d008bdd77
1c6388c0-824e-4561-b34c-0bdf1fbdd79d,c7dd7a85-3c9f-4af7-b79a-7f770dd23b05
306694c1-6b74-4300-9ce9-7c09f8204506,5fcea517-b911-4c5c-96e1-7756e46ac24e
4b3d060c-1e02-4ca0-9eb5-39b15fa0d3e5,22049c8b-5671-49fb-ac6c-78e8d77270a5
d11f2d95-0905-4f88-babd-9e8abc3bfe0c,ce4fc859-94f2-4913-894a-cd647830a6eb
8d5e521f-cdd4-44dd-b5f2-1f5b1dcf8637,cccd9da1-c84e-4720-a391-198f5522a40a
c0bad068-6a6b-4eb0-8e07-07ed4ae84fec,4c290061-2ff4-47b0-9483-ed610d231238
ba3aff2c-3abe-4d99-8626-8157ef78462c,e2d8ca13-84a3-4e45-87d8-d00a3d72cf24
b28e5e92-8ebc-40fc-81d2-3b03bb4eef2b,b2c18948-6d2e-4f87-93c5-88df196740a2
9f0f6093-502a-4db6-bba9-c65e310ce202,b6eab7ef-b216-447d-862c-a97550793030
e1dfdab6-aacb-4762-ad40-1669a9316937,8c0ae45f-94a3-4680-a267-b71f79def1b7
a35465c9-59ea-4521-8ede-a4f338395244,a11d8580-40e5-4b75-8d05-d400796fcdc9
709a2c4e-f6fc-425a-b09c-3b3400a2a589,1723773e-b2c6-47e1-bb09-7fa441eab83c
c33af7b2-0c08-4edb-ba8c-c23ad8e0f061,aa613c7c-4d54-49fd-ab76-d6a6c318ea66
bb48556a-374e-4bfc-94ec-d3a9954edf5d,e0e76e7c-0045-4f37-a7e1-a5c582584d86
b030825b-794c-4936-a2e5-b988a939b594,e693a443-740c-4d04-8879-275483fc88b5
936aa116-08cd-4588-bceb-c7924001a491,e75d766e-a3f4-416e-b978-0364f831c95f
3b1f763a-ea4a-4c38-a595-22f8bdcf8409,cf5644e4-e34e-489a-878d-3ee8b060c5a5
e4bcfc8e-1593-4b11-9615-f489d5217941,d6d83010-578b-4e00-a740-ffef08cda608
d1557105-e3ba-4960-85f7-7af72be0e751,42d269aa-8fcd-4169-9c4c-29c71841bd75
81bfca7e-d942-45e9-9860-acceed65d10f,f2df4005-3bbd-49f9-b3cb-788189f633a6
50095ee1-0929-45e5-8626-299b7c0afdff,3744caa4-2e81-44d1-b6fd-ca8685651c80
14de01a1-03a0-4f17-a908-e8708f6a693f,db89d40b-5a2e-483f-83cd-b97942b09aea
