customer_id,address_id
4ed93748-9208-4d45-8bcc-fb022cb8d203,4a96d5e2-e31b-4ed4-8450-2ea2e7ba34f8
14e980f8-99b9-401d-afa9-d219bc6e611d,4a96d5e2-e31b-4ed4-8450-2ea2e7ba34f8
e29549e6-d9fe-41b8-8d98-1596549884b5,4a96d5e2-e31b-4ed4-8450-2ea2e7ba34f8
53faec79-250f-43b4-beff-d27becf9d621,4a96d5e2-e31b-4ed4-8450-2ea2e7ba34f8
cdf54774-ea57-4203-ae57-11c83665e2ca,8c3bbbc4-762a-4ed6-9060-e663f1a493d5
248a6e20-ae63-4f9c-8e88-a5f933a7425d,8c3bbbc4-762a-4ed6-9060-e663f1a493d5
7935c737-06b0-41d4-9e8f-0ea265a16776,8c3bbbc4-762a-4ed6-9060-e663f1a493d5
5cfb2c53-b7e0-4a51-8849-fd3777024c97,ea1565bf-a2e2-40d0-907d-d9849b12fd20
4c6fea71-5425-4ad5-8578-fb30635e4263,ea1565bf-a2e2-40d0-907d-d9849b12fd20
daae7595-1f51-41f1-a22a-62668101bd99,ea1565bf-a2e2-40d0-907d-d9849b12fd20
68ca5963-1094-4786-a867-d17daa9f5969,4fd9fa30-f763-43eb-8fe6-ac704e4d34be
c9933b86-df71-4f47-befc-b47dcea6d5bf,4fd9fa30-f763-43eb-8fe6-ac704e4d34be
11105e9e-5396-4390-ac11-81e5afda430f,4fd9fa30-f763-43eb-8fe6-ac704e4d34be
af89e848-9ac4-4472-ba84-17181ae7e28e,4fd9fa30-f763-43eb-8fe6-ac704e4d34be
db670260-e09e-49be-860b-f6e386a20e7e,0acbf321-adc1-477b-8ee5-d10573e39a8a
d350d1d4-8a1b-4987-9752-2f9a4022e9a6,0acbf321-adc1-477b-8ee5-d10573e39a8a
e57b2c99-bbaf-41f4-8d87-a47ba9505612,0acbf321-adc1-477b-8ee5-d10573e39a8a
e7ee166f-7466-48a1-8786-ebd011f2a7bd,0acbf321-adc1-477b-8ee5-d10573e39a8a
41e5c02b-3048-4eff-a664-58ec0ca6f4da,d5eae57b-fa90-4c68-a7a4-fb3ca8ddb26a
d858400e-1eb0-47d3-8c24-86009c69ee22,d5eae57b-fa90-4c68-a7a4-fb3ca8ddb26a
b8af1f2d-0999-4393-967a-6c3106e28f01,6d1d730a-3fe6-4dee-9416-4fd58a5570c0
fe19b85f-0884-484a-bc44-1ebade126f59,6d1d730a-3fe6-4dee-9416-4fd58a5570c0
316ba5d2-be54-418d-9fea-913681659c40,6d1d730a-3fe6-4dee-9416-4fd58a5570c0
c030f03b-048d-4697-b6bd-7bebfbc48b37,060b4a68-0a42-4d82-8785-08cd86b8e580
2d1b5f3d-28b9-41ab-838c-bd0f6daefe01,060b4a68-0a42-4d82-8785-08cd86b8e580
6e710265-e43f-4838-a00c-69908c91e582,fcaa3209-fbec-455c-b23f-8956650087df
a06703c8-c9fc-4747-b96c-77bfa8916e1f,fcaa3209-fbec-455c-b23f-8956650087df
dbf0f830-377e-40da-8b13-08a68f39a2f6,fcaa3209-fbec-455c-b23f-8956650087df
7fe3c8d6-4c82-4e05-883d-f4b4f0acd316,1d753d39-da5f-4353-acc8-0ec7839fdb6f
08ff10ed-a639-49e1-a0dc-a7df56f7ba2f,1d753d39-da5f-4353-acc8-0ec7839fdb6f
ca46d479-a8c7-4714-9012-a1325738b67d,8d349c81-b06b-4236-856a-855107de829b
0063cd62-0514-4d9e-a0c1-3cb0c1850bb8,8d349c81-b06b-4236-856a-855107de829b
2dab77c6-d3f8-434f-bafa-4cf8dc210f95,8d349c81-b06b-4236-856a-855107de829b
f5f720cb-a57b-4773-9951-5f5696f20cbc,d9df22cd-7f61-4e43-a248-b0974e77e6ca
41de5b7e-43e7-4acc-8fee-864cc8d2491c,d9df22cd-7f61-4e43-a248-b0974e77e6ca
ddcd5420-9c45-431a-a90d-3ffc624ecc6a,d9df22cd-7f61-4e43-a248-b0974e77e6ca
7eec7ea0-be94-4bd3-b679-f9004f27f115,d9df22cd-7f61-4e43-a248-b0974e77e6ca
a74445dd-3bc4-421d-9d83-d66d7118c64e,a5307b3f-9bde-4893-9ffa-03626d527241
a37d197c-dd73-43f6-91bb-dc908eb0a2b9,a5307b3f-9bde-4893-9ffa-03626d527241
a4894826-51d7-4d02-8a0f-67290131baa9,5e540908-4b1f-452d-8083-36da884177df
d6da9db4-04da-4ef9-a80d-7b84be19dcb7,5e540908-4b1f-452d-8083-36da884177df
2d4eaef5-6385-4575-aed5-aabcef9dc409,5e540908-4b1f-452d-8083-36da884177df
ca50c483-a62e-4a3f-ab13-87cc5eb7d222,bfd08526-be7a-4482-b648-c71dde94f8a7
e1c356ec-3819-483f-90f4-48d6f419881a,bfd08526-be7a-4482-b648-c71dde94f8a7
22c37fbf-acec-41c6-acce-99b903d5725c,bfd08526-be7a-4482-b648-c71dde94f8a7
9472b19e-84a8-41fe-af37-62f4b428f3c9,3d72b4dd-2512-4489-8a75-eef66146c789
61ffb7a8-a4c1-411e-a6a5-bba71e3802df,3d72b4dd-2512-4489-8a75-eef66146c789
ca0b5339-9d51-4f46-b76f-70878fdaf8a3,04e4d10d-8943-4d90-b35f-78830d68dcf6
1944eba4-1142-47a3-85c8-c9023473046d,04e4d10d-8943-4d90-b35f-78830d68dcf6
b40d4ba0-b241-4697-b222-a79575e0ec6a,04e4d10d-8943-4d90-b35f-78830d68dcf6
b5636db2-dbe1-4a3a-8887-3a435fa2511d,04e4d10d-8943-4d90-b35f-78830d68dcf6
42932ff8-5e9e-49ce-8fde-a2f0a2b5b9bb,23cbbecc-25a0-40a7-ba06-3c2c35ce98a0
2e67a8f7-822f-4225-83fc-4aceb1b848ee,23cbbecc-25a0-40a7-ba06-3c2c35ce98a0
985a0191-f8d7-427f-835f-20f86dc7b410,cc2f998e-78d3-4c8d-a79e-3ec68f43742a
10ed80aa-dc7d-4756-be3a-f80bb65dcf5d,23cbbecc-25a0-40a7-ba06-3c2c35ce98a0
99b61052-1f79-404c-8506-18bfd91938f0,1571fdec-9ac4-4fe4-b423-b6a5baf1839c
260793da-7b70-4e9d-befc-50dc222dee4c,1571fdec-9ac4-4fe4-b423-b6a5baf1839c
e457e7d0-8fac-4690-bf02-732f96772f81,be7caaaa-724a-4c20-baee-4baa0b36279a
04434fa7-ea03-4be0-9feb-28e5cebe0eb6,be7caaaa-724a-4c20-baee-4baa0b36279a
b305cba4-8b3d-4656-a535-f5b393ca8adb,1b8692d8-d544-4d18-be76-6686c02f1842
093ed9a2-7b0a-40d8-be12-e8274159b7e4,1b8692d8-d544-4d18-be76-6686c02f1842
0dfb069a-6341-47d9-86db-bc257ad320b6,1b8692d8-d544-4d18-be76-6686c02f1842
c9c3b186-190d-4f92-86e5-30e1ce3aba39,c4f74cd0-2bae-4f40-ab14-51025cbed50b
6b0b08da-537a-4705-acf3-87e6ac3b0214,c4f74cd0-2bae-4f40-ab14-51025cbed50b
152563b7-180f-44f4-bd69-7d3ad5049982,c4f74cd0-2bae-4f40-ab14-51025cbed50b
6d67d48b-4c38-42ab-b0b4-74432a366126,2e5df71a-0ddc-4dcf-ade4-d4d351bccffc
323c2507-fb4e-4492-9c7f-1378d2174337,2e5df71a-0ddc-4dcf-ade4-d4d351bccffc
4bfd6cb2-8d44-4d0e-b5ca-17b020935dc1,2e5df71a-0ddc-4dcf-ade4-d4d351bccffc
13ee3167-0c2a-4cc4-a7f8-b2c0c487815e,2e5df71a-0ddc-4dcf-ade4-d4d351bccffc
c62842b0-d117-4473-9d04-c4b3af7bc0b7,20b351e1-25b1-45c6-ada6-c1ba76d7b13d
02143df1-7663-43a6-a0f5-8a123d07288c,20b351e1-25b1-45c6-ada6-c1ba76d7b13d
aed1b60a-d20f-4053-9b42-cb6d6567af9e,20b351e1-25b1-45c6-ada6-c1ba76d7b13d
051330f7-9674-4aed-8644-257d16a01170,20b351e1-25b1-45c6-ada6-c1ba76d7b13d
2b361c5e-c1b8-49b7-b44f-b19624ea2d6c,a5f1dd69-1753-4f80-879d-eb7ff1146e5d
306f794c-34f2-4abd-b675-ad857621e2f9,a5f1dd69-1753-4f80-879d-eb7ff1146e5d
d1ce7d6a-a9f0-43c9-bc75-0978373a53ba,a5f1dd69-1753-4f80-879d-eb7ff1146e5d
eef9ecb2-af50-487e-9957-71c9df1439fd,a5f1dd69-1753-4f80-879d-eb7ff1146e5d
9df089cd-f221-49b2-8735-9000a655fd8c,41325d41-8259-4e39-a950-a7c2b1a2dfaf
d8cb54d9-f5ae-4b0e-ab9b-2c7c345db13b,41325d41-8259-4e39-a950-a7c2b1a2dfaf
f310ffbe-17e1-442a-88ed-1b377942d6a0,f4ae9382-439b-4841-bbaf-258d4758b67a
5e9bcf4a-d5d1-4ccd-817b-59ae27006689,f4ae9382-439b-4841-bbaf-258d4758b67a
34c5212a-dc0c-42aa-95cb-23eefa1fbfed,5064b716-bdd8-438d-b511-c171c99140ed
85da7430-5a9d-47e5-be91-508acde9ac9a,5064b716-bdd8-438d-b511-c171c99140ed
f7558689-9a9f-4da7-8e7d-8cd3d5e2f1ce,2d6606ad-6598-4fa4-acfc-40e4ffc32975
cb65c5eb-96ec-4abd-8af1-2039885ae1be,2d6606ad-6598-4fa4-acfc-40e4ffc32975
a92a2964-acdd-4010-acbd-a156097d76b3,2d6606ad-6598-4fa4-acfc-40e4ffc32975
380249a2-5337-4f0d-b4ff-d0e4c537bbab,2d6606ad-6598-4fa4-acfc-40e4ffc32975
99c30710-68d2-4236-af30-9595acf6f916,a18eec58-f459-4322-8412-cbfabaa37019
be3517d8-c36e-4d2d-b9ad-c22dc7b3a967,a18eec58-f459-4322-8412-cbfabaa37019
8a568b1b-1a6d-4179-982d-760c3212152e,a18eec58-f459-4322-8412-cbfabaa37019
28703c19-db91-4227-b116-6465ebae3a3e,a18eec58-f459-4322-8412-cbfabaa37019
b6c847b5-f98d-4c00-a66e-37b6432dc74b,114158c6-a83f-4bb1-ab3c-fb44e790009c
5fa5157e-0ffc-4c49-9ac7-676cf6a95b12,114158c6-a83f-4bb1-ab3c-fb44e790009c
39054b73-c694-4467-85fe-fa96dfac72ce,114158c6-a83f-4bb1-ab3c-fb44e790009c
ca2a2717-46da-4c2c-86ef-73743b33e66e,114158c6-a83f-4bb1-ab3c-fb44e790009c
bbedf4c3-1cda-4708-84a1-e58d6e657efb,85863770-32d3-4340-b27e-f5faa0a526f0
64a29e68-8919-464e-a2ac-07ef65723fca,85863770-32d3-4340-b27e-f5faa0a526f0
e172a884-4874-4177-bce9-6e0fc020914b,85863770-32d3-4340-b27e-f5faa0a526f0
6529c809-92c4-4729-a406-91a8932e5264,85863770-32d3-4340-b27e-f5faa0a526f0
16274406-fb7e-4531-9df1-a75f9c5c5fc9,6c1a841a-33d0-47bf-b968-180f21465dd7
bec90a07-1560-4294-b0b6-93d1f06e7093,6c1a841a-33d0-47bf-b968-180f21465dd7
0a51490c-423d-4f4f-845e-f82f9d663a86,545f1d4e-1aa4-47f8-b13a-a22b8d31cd61
66f03d0c-2040-4c71-82a0-7b9dfc831bd3,545f1d4e-1aa4-47f8-b13a-a22b8d31cd61
ac076cb7-1dd3-4bba-a6fd-e4406af37462,545f1d4e-1aa4-47f8-b13a-a22b8d31cd61
4915a0de-25ff-433d-b3bb-e7a720a0fc54,121e753d-b6e8-4d75-89ef-03e41742806f
dda63604-3ce5-40d2-8a46-052ae8a951a7,121e753d-b6e8-4d75-89ef-03e41742806f
42c67a49-828f-45fd-98a9-430e30f78e91,7897f985-a2e3-4356-abdc-7e2edfe3c54d
f0b1f619-f125-4bbe-b4c6-39ba1d34cdb6,7897f985-a2e3-4356-abdc-7e2edfe3c54d
dfeff7c7-b1ac-4311-9ff8-c76d9f512823,7897f985-a2e3-4356-abdc-7e2edfe3c54d
6c6d7390-fb2f-4fa2-9537-7e329d778ae7,57d4306b-2ed5-4fb6-b543-f6aa23e17703
a0f8cf2e-863d-4388-bd95-48f792133c63,57d4306b-2ed5-4fb6-b543-f6aa23e17703
44826728-2380-4f25-bf27-c96775af7099,57d4306b-2ed5-4fb6-b543-f6aa23e17703
8290612c-965b-480b-b1cf-d5513bbf2ebf,48dfdda9-7378-4b8f-84f8-9ca3515e5b47
17041828-df2f-4d23-a4ce-8e8efe22bc7a,48dfdda9-7378-4b8f-84f8-9ca3515e5b47
1d366bff-e893-4918-8eee-ad76f716e243,5bc27929-be50-499b-8830-15d92a5ab9e7
ff992ed0-9ee9-4040-8f68-416ef8ff4b5a,5bc27929-be50-499b-8830-15d92a5ab9e7
0729576f-3035-4b97-a825-cd628274501e,91bc2923-8709-48cd-a363-54dcb2782737
103c14ee-fd98-46d1-9d50-f90f03617405,91bc2923-8709-48cd-a363-54dcb2782737
ccc30aa3-6af4-4ce6-a11d-1eee87953f79,6f8a4aa3-1abd-4a10-a276-cdaa44b6e229
888ad8de-e08d-4fa6-b9b6-16afa79c450a,6f8a4aa3-1abd-4a10-a276-cdaa44b6e229
a0416ebe-4a3d-494e-9980-bb2e7d636f70,6f8a4aa3-1abd-4a10-a276-cdaa44b6e229
df05fd60-35b0-43a3-9828-5499f3e3baf2,6f8a4aa3-1abd-4a10-a276-cdaa44b6e229
f6c41198-2e85-4f49-979d-49139dc29884,00b010f5-9327-4fd3-be36-5d3faed8cb49
82c7ef1b-f92c-47ae-a0ac-4e2d9d5fcb72,00b010f5-9327-4fd3-be36-5d3faed8cb49
b4b82819-126b-4bc6-a106-60eeba403f35,639cd888-aeb4-45c7-b7ee-9e4c7d753b66
bc86a778-84a9-4e8e-aa7b-413e6225452f,639cd888-aeb4-45c7-b7ee-9e4c7d753b66
f72cec46-48b9-46f3-b8b5-59bcb7cc2930,639cd888-aeb4-45c7-b7ee-9e4c7d753b66
1cc668ae-f65f-4054-bfd0-acf9443bc4f1,639cd888-aeb4-45c7-b7ee-9e4c7d753b66
2c6f7848-b753-406d-9b63-0e808e37adaf,ba6153e9-6f81-48ee-b4ee-aa672aaf12b1
35cd53f2-3104-416e-9db7-28c090307ad7,ba6153e9-6f81-48ee-b4ee-aa672aaf12b1
df8da1ae-0aff-4dc3-a7fb-2934829f3b27,ba6153e9-6f81-48ee-b4ee-aa672aaf12b1
c1e58a74-7cf3-48c7-a9ac-84e6cce2c93f,81e66c90-d83a-4964-9396-bf46583ee4a5
da0ccb46-48d2-4c04-9f1b-f56f91952154,81e66c90-d83a-4964-9396-bf46583ee4a5
38a0f3ef-0ee9-4488-b996-e0f9c535b977,88ec0b46-6917-4edc-98ad-4a265f3bffa9
26d58ffa-cf1a-441b-a9ed-0500818077ae,88ec0b46-6917-4edc-98ad-4a265f3bffa9
850e6a67-8e18-4cb0-b3da-3a34104e57e0,88ec0b46-6917-4edc-98ad-4a265f3bffa9
65adc038-bd35-416d-b5e4-b579c9b5945d,88ec0b46-6917-4edc-98ad-4a265f3bffa9
cd138baf-49de-4557-91e3-7f600b839465,856f2d46-a7dc-4796-b1dc-108a23eaf8ff
d0b30735-550f-4afe-9d9c-586d12f50b71,aef26fc5-cb20-4795-91bd-e73e76aa4143
282d72ab-4357-4245-abe6-a5a58f5d30d6,aef26fc5-cb20-4795-91bd-e73e76aa4143
ce052717-8680-4617-b2d1-e1175e78e776,aef26fc5-cb20-4795-91bd-e73e76aa4143
b017184f-1c64-4dfa-8036-152684c0d19b,0c97331b-a456-448c-bded-7f50b08f5fbf
48a2cc1e-df5a-4e7d-8c9c-a9c67e5437eb,0c97331b-a456-448c-bded-7f50b08f5fbf
45407b32-6915-428b-a2c7-572e4de22a31,0c97331b-a456-448c-bded-7f50b08f5fbf
b15c0d9c-6d0f-4850-9f01-85e466b855c8,0c97331b-a456-448c-bded-7f50b08f5fbf
1f8e47e2-1bdf-4c29-af2e-a98ec8951314,af5249aa-a842-4d4f-b5ab-25d4121a9e4c
d1afb7ac-38d3-4bbe-b6b8-7b955f37e19b,af5249aa-a842-4d4f-b5ab-25d4121a9e4c
bdbc6870-4a10-4c2a-80d9-f467524008d2,9bbe8b8f-7845-4573-8b2f-c5ff94b1690b
6fc54eb5-7807-4bcf-9e55-8e8cbc0e72a2,9bbe8b8f-7845-4573-8b2f-c5ff94b1690b
425824c2-676d-404a-b3cb-ffeb43a7903c,9bbe8b8f-7845-4573-8b2f-c5ff94b1690b
06697335-f273-4d81-b9e1-7c330621d824,ee4693ec-87aa-4dff-ba87-f1999cef54f7
be4329eb-132b-40d4-8270-b96f647f7383,ee4693ec-87aa-4dff-ba87-f1999cef54f7
ce1128b7-4606-4aae-ac54-e07287d4bbe3,3505cf57-6af8-49de-b4c1-9c1454164aa5
e67b7b3d-0fec-4ac1-868b-9c50b6ef17df,dc6213ae-32ab-44f2-ab19-f8f49e123f71
ee39c789-2087-412b-85c0-3f00d1cc1691,3505cf57-6af8-49de-b4c1-9c1454164aa5
23d06458-a197-4c17-8ddc-f8dce675a78e,985d4292-27e2-4e4e-8196-3588762ae305
65de9470-f660-473a-88d7-867eb205ba29,1dc0347c-87f4-440f-a02e-40890de7cee4
72ce4190-2b22-45fe-9ac1-c1c6f531b02e,1dc0347c-87f4-440f-a02e-40890de7cee4
00ebd735-2a89-4c78-9696-dffcca387aa6,1dc0347c-87f4-440f-a02e-40890de7cee4
80bdf422-6b6a-4ea3-b176-bba588ef7500,fab8a705-4268-4087-8c19-2b097d325d7d
5559a1de-c643-4930-a6b2-d3644e6f9222,fab8a705-4268-4087-8c19-2b097d325d7d
e809643e-300d-4c97-9c58-357d4f587c66,fab8a705-4268-4087-8c19-2b097d325d7d
b94b8e18-6325-4b31-9aca-fa2f6bfb7cdf,e9474868-956c-46e4-9123-6c8f6e37e59c
0c7c9073-5086-48a3-aaed-feaa6169fc59,e9474868-956c-46e4-9123-6c8f6e37e59c
a1f4e0c4-a491-4486-a43c-89e911358e9d,e9474868-956c-46e4-9123-6c8f6e37e59c
8296c426-78ad-4773-8106-96abfd6c8f1d,ddd589f3-92af-4628-a6a8-a52b099c9554
77caa054-2780-4c78-95c1-2eabd913ddaf,ddd589f3-92af-4628-a6a8-a52b099c9554
33ae83bf-8d95-4193-a8b6-0c9fa07a560f,ddd589f3-92af-4628-a6a8-a52b099c9554
404a214a-27fd-4c1e-809c-b24ff9e6e5b9,34bb8e48-6649-48e0-8372-b5be9499f75a
6df9084e-f4d8-4966-886a-4ade046f7c18,d877bdd1-d459-4abe-a383-6b6c931510da
5391c6fc-5d95-4539-a03d-cd35a875ce6f,d877bdd1-d459-4abe-a383-6b6c931510da
24ab0cc0-2000-401c-bfd2-925ae3c76f59,d877bdd1-d459-4abe-a383-6b6c931510da
08d68efb-498d-441a-8c2f-4a412acb0949,dfdfe10b-1416-4232-9c02-4a07d55844d8
aa509573-a30e-4034-ae3a-46fe471142e3,dfdfe10b-1416-4232-9c02-4a07d55844d8
cd28054a-07e5-4e7c-ba9b-5ab8ce07ffc6,dfdfe10b-1416-4232-9c02-4a07d55844d8
e962d722-9d25-4ecf-8014-e3d8e0f0fc2c,34bb8e48-6649-48e0-8372-b5be9499f75a
592beda9-8d58-4623-95f6-f41f20cf54cc,8dab95a5-263d-4d7a-9027-4f4bbb87e172
d61a9f17-215c-4a08-8277-3d258383c3d4,8dab95a5-263d-4d7a-9027-4f4bbb87e172
7796fc90-984a-4fed-8c75-92e1bcd80c7d,8dab95a5-263d-4d7a-9027-4f4bbb87e172
d907c3fc-4c78-4115-89cf-eb5409b1aaa9,79420252-d074-410d-aeaf-65398f33289f
885af3a8-9dcd-4580-becb-938797d66e1c,79420252-d074-410d-aeaf-65398f33289f
1e50c80d-7c1d-4618-bdb1-74786e34f8ec,79420252-d074-410d-aeaf-65398f33289f
b3c5c53f-0114-4803-a4fd-c255df9f3e51,33030f95-1c19-4800-843d-eb12249c7b82
37a5ecc2-2fb9-4ece-8c73-9f7b5fb9c2a6,33030f95-1c19-4800-843d-eb12249c7b82
7b03fa5f-d662-4625-9b53-f59e2a022ac6,33030f95-1c19-4800-843d-eb12249c7b82
e166811f-400a-4de7-ae40-e04999f73493,c8a854b1-3d93-495f-a775-cc81f29df3ad
a8b225b7-cf4b-4a01-b554-30afd0a6708d,c8a854b1-3d93-495f-a775-cc81f29df3ad
33d244ac-84ce-486c-9ad6-1837b19d7d53,c8a854b1-3d93-495f-a775-cc81f29df3ad
0dc1e7d5-cbcb-4c91-8132-5e05d81c65ba,5581b088-247a-4db3-ac6a-a8e13da7bf8d
57752d68-9770-45b9-b34d-6951cd7dfa97,5581b088-247a-4db3-ac6a-a8e13da7bf8d
76355cad-a69a-499c-8138-91a631f598f1,5581b088-247a-4db3-ac6a-a8e13da7bf8d
5c4ad059-6470-45a1-b46b-ae8f4c398035,5581b088-247a-4db3-ac6a-a8e13da7bf8d
4ad4ab96-a735-4c7f-8e2b-afc49aecf0ee,71e6c438-7b19-4c05-a4d7-310fe4d5b023
3f615c68-07e8-4e78-a9cf-88d90b5206b8,71e6c438-7b19-4c05-a4d7-310fe4d5b023
602dbf24-0f2a-4d5a-8d35-13f27fabf511,71e6c438-7b19-4c05-a4d7-310fe4d5b023
1b821671-de1f-45d8-b241-002d0387dffa,253dd55b-20bb-4666-b562-02669087b5c3
a599fcc5-e5fb-4fd4-b3d4-00b07b89cad0,253dd55b-20bb-4666-b562-02669087b5c3
67bbbcfc-1834-4bbb-a6fc-726242aaeee1,253dd55b-20bb-4666-b562-02669087b5c3
f3c952ad-97dd-4081-a79e-5e8abbea84ef,17f0ab76-a4c0-4c89-9b97-abb1f5c95f72
f52c27dd-51f0-4b07-8fbc-568f0cd2bffe,17f0ab76-a4c0-4c89-9b97-abb1f5c95f72
09dc36c0-cf28-409c-b433-2e5204b250fa,b0af48a2-137e-40bd-a95c-852dd6679437
9230d0ba-f9db-48fa-bcb1-efa584304504,b0af48a2-137e-40bd-a95c-852dd6679437
580d0cfb-4d35-43ca-8abe-f2a8bbc0d621,b0af48a2-137e-40bd-a95c-852dd6679437
440d338c-1c26-4ccc-8ee2-1cd3a64cc5c2,b0af48a2-137e-40bd-a95c-852dd6679437
3b4404a6-6e75-4e78-a3f7-e44ac8846245,9f2bea2f-705e-43ae-973b-6042aa54a81e
3949d00c-5c92-4cc8-ae5e-1f9aa01e9800,9f2bea2f-705e-43ae-973b-6042aa54a81e
28756ef7-38d2-4363-9d99-ee74c27b5256,9f2bea2f-705e-43ae-973b-6042aa54a81e
df838e23-b5fe-4106-b42e-44ca65512738,c5b94aa5-5e8c-49ff-9484-0f76f6de45fb
9e2df051-90d2-4d3c-8e66-6a81eb8a8760,c5b94aa5-5e8c-49ff-9484-0f76f6de45fb
8daa03e6-80ef-4e8e-9d27-c6a9f3d96579,c5b94aa5-5e8c-49ff-9484-0f76f6de45fb
f8055316-32bf-452f-bcd0-8db31bc8ba62,6b55f830-33bf-4afa-96e4-37e1b5cfb203
1c5c1290-85cb-48fb-b85e-1d9bd4ce324c,6b55f830-33bf-4afa-96e4-37e1b5cfb203
26ba6728-a74b-47f8-8806-f205af530d41,b75ef8da-a728-430e-91c4-6dbe14a344cd
ee4b6468-f2ad-4d71-8a6f-b3ded2c866b1,b75ef8da-a728-430e-91c4-6dbe14a344cd
4fb07ef4-683c-4e9a-9f5d-de14aeb04a2d,b75ef8da-a728-430e-91c4-6dbe14a344cd
bd14bcd4-52e5-4639-bed9-f9a295d152a8,72f21932-cd59-4a49-9966-55caa7698718
525bb6ae-53cb-44bc-bdc8-122456d43060,72f21932-cd59-4a49-9966-55caa7698718
1990ce0a-f258-43fc-baa3-716d52ea4a6c,72f21932-cd59-4a49-9966-55caa7698718
7f2f53cd-1267-4de6-82fc-e20df66e2ec6,88da9a63-1769-44ed-b864-8768483d5484
4b8af797-625d-43ec-8720-5b7584db5316,88da9a63-1769-44ed-b864-8768483d5484
0690361a-596e-4989-a95e-a4efe2cfb11e,88da9a63-1769-44ed-b864-8768483d5484
10218ca3-1dcf-46b4-9de1-04118429f088,76fe9b1d-7147-4a6f-a530-50ea8cacf069
26e7a210-7849-47ee-a502-778b59bebdea,76fe9b1d-7147-4a6f-a530-50ea8cacf069
55ccc968-a95e-43b4-bb29-122552b4f60a,3be315c0-e351-486b-8eb5-8b4b9695ba44
25c91bfe-d415-4390-abc9-e11f1a04948a,3be315c0-e351-486b-8eb5-8b4b9695ba44
b56db4aa-b160-442c-9a92-a2c0ea23552a,3be315c0-e351-486b-8eb5-8b4b9695ba44
bb6a0e0c-634a-42aa-b4c2-766ddcbc2fe2,3be315c0-e351-486b-8eb5-8b4b9695ba44
1a135375-b8ff-4050-8dbc-d72786de3e8f,e0f72b77-7efc-4ce3-b8c7-072d80597b03
b1f79d48-a430-4881-a92c-6269ca291ca2,e0f72b77-7efc-4ce3-b8c7-072d80597b03
36e1bfe6-9a38-4250-b75b-8ff3d960d093,cdf029eb-a6b7-4a87-91aa-26282e752ecd
f03e31bf-2983-4503-8ed1-15c5b3e8aa15,cdf029eb-a6b7-4a87-91aa-26282e752ecd
281b57e3-2b0c-4d0e-a2c0-ca392437f26b,cdf029eb-a6b7-4a87-91aa-26282e752ecd
c5c9ce8a-7686-4f2f-8efe-8314d042d494,cdf029eb-a6b7-4a87-91aa-26282e752ecd
22854cb8-271e-4083-a757-917f3ee87380,72f6d80b-3a49-45cf-baee-a89f31afef53
c0970bd7-9709-4421-920b-29ed384ecc6a,72f6d80b-3a49-45cf-baee-a89f31afef53
78cce10c-ff20-4177-9c95-85ccff25f480,a05c13f7-d8eb-4051-b1ee-df47c24bbd34
e970a06d-4d07-4530-95e6-1186f38de2d6,a05c13f7-d8eb-4051-b1ee-df47c24bbd34
9356ad61-2c32-4166-a0fb-76c88e364c55,07b9edef-c3fc-412e-bc91-8985c6f19dde
617fc8b4-e3eb-4029-9a3b-5debabeebf0d,856f2d46-a7dc-4796-b1dc-108a23eaf8ff
cbeb398a-2ce8-44b0-b180-8998a24a1c34,07b9edef-c3fc-412e-bc91-8985c6f19dde
05f0aa56-5917-4213-ac63-67a8dc172b5c,c6dbb433-9767-47b8-8e35-063b178936d5
ae5762de-a50b-45ce-ad45-bc17efba2c45,c6dbb433-9767-47b8-8e35-063b178936d5
6b6d1326-5869-46e9-89e5-125943e89831,c6dbb433-9767-47b8-8e35-063b178936d5
c811ca75-82d5-40b2-b388-c8174dbb9e53,c6dbb433-9767-47b8-8e35-063b178936d5
1e641e1c-704d-4a97-bb98-6d11a12b7a70,5cdc0457-cd6e-470b-a9d0-33c63c925618
8176dfd3-12a0-4bb0-8a86-9df797a9055e,5cdc0457-cd6e-470b-a9d0-33c63c925618
b7c55f99-0448-482d-90c8-e30de30369fd,5cdc0457-cd6e-470b-a9d0-33c63c925618
77fe14c7-5101-4005-85ba-c5b04d9a3e63,dc6213ae-32ab-44f2-ab19-f8f49e123f71
775fc06f-780d-4da3-af36-a04c99d5c21f,2041fb18-dc65-4ca3-8403-5be4f1533a3a
d85ae180-65cf-4f91-97a0-63bf8025f14b,2041fb18-dc65-4ca3-8403-5be4f1533a3a
b5520ced-3d5a-4745-9184-3f498a2eea3d,2041fb18-dc65-4ca3-8403-5be4f1533a3a
45671eb6-3a8d-45f5-a95c-72fa67ccb993,2041fb18-dc65-4ca3-8403-5be4f1533a3a
5abf1552-c5a8-4a28-bca8-c7d4bd2c2e21,d5075c0d-8de8-44fc-9e52-77b723c30963
ac5f6118-ee58-41f1-b820-3165db880a2e,5351cca9-7fa0-441f-ba8e-cbcd6a74a282
fe81dcae-2a24-4fa8-86c2-1ef810ed41c1,92da5264-e726-4eea-9c1f-581475930698
45f508f5-e7ff-4c6d-bbf8-a46fd9b4d5e7,00391638-a962-4fcb-8fe1-894ed398abb2
7951eb55-bc0a-4eb2-9e63-deb9363a98fe,9774a83c-150d-4956-af01-43b3119d2994
f6b65efd-6018-440e-9631-465fa3a4b8b1,21f160f3-770b-4e73-866b-6c1e12486c11
278fdba2-e961-4fd6-9465-77b8e198390c,33c14c9c-0fee-4587-a357-bd72501e8074
9a1291b9-be3b-498e-8183-40bc03a87e75,f835c045-6c12-42f9-80f9-4036a68ef2bb
9d3b1e3a-1e6d-4dae-b761-b1460d8bcf47,756ccaca-263e-433b-b62e-4e9c2457430e
3afed920-7cd8-43fe-831c-57271880cc88,c05288f6-e90a-4bd2-9434-927e94f29ad8
72d87063-e3e9-479a-94e2-849d2dbd6f6f,007eb512-1bd1-4eca-9113-487e4c9a7b70
ddf2fc02-bc9b-4517-9cf8-95364022cf15,c8b70649-6a7c-440b-9701-b06f0bed1d33
c27f8416-e47f-4754-89a5-b6c029708693,5d8a417c-8dd7-492f-a439-8a6058e47973
52b187ef-dcf4-443a-b429-b5d21d74b605,3aca6987-1b2e-48d2-8c4e-6f9934d1dfa6
74f3a184-b0c1-4085-ba17-1e5367280e19,ea0050c1-ac8e-48c8-a8b0-5f2b92c5949b
ddec1a9a-4bff-408f-8585-0a70abcdca4c,a633f57c-6273-455e-af50-60eaa46c7437
a14442c7-d57a-4428-b65a-e65a53d13cac,96ac0d02-0b4b-42de-ae2b-92ae42002627
963a30ae-c65a-4770-9abf-3caf6faea2b1,3bf73c92-86fe-4438-950f-99e50190edda
7bda815b-2a50-40bb-878e-c09d062fb9d1,7ed03a4f-ed98-4c29-90c2-71946e661d46
07546cae-326e-401f-9f07-144bb5336da4,11633a6d-a0e4-4929-ac49-488550582945
45c19a07-8a43-4fb9-aa40-0dc9fc913d0b,34e01d6e-ef12-4952-9d04-da5a9985039a
a6591e09-2c7a-4116-8b23-de8773c73140,52123e80-f545-4e7b-a968-c09035744c19
c7889fa6-a1c2-4ad2-bd68-ab48aad3ea9a,79ab1272-6958-4a35-9c32-a425722987b9
99e4aa5e-0539-49e8-91f6-731eed230efa,315d3b82-f8a2-4283-a664-5db8cc0c4a5b
566a4dd4-739e-48b5-a58e-519afd8be2e8,cc0d3490-d68d-4773-a39d-7ade1428072f
6edb8ff0-6fb1-479e-87c2-202b657e6b1e,5853eaf6-3656-4de0-83a9-34f1f2fd5fee
e97d603b-bcb1-427d-a798-895382f132e5,29b0f5f8-1d73-4515-a611-517e36c55c9b
2572c814-37aa-4dbb-84cc-80cc94cee95b,2a55571a-4432-45c4-8fcd-6f8a4a78ce02
202a689b-aafb-4ad7-8f85-18cbc0a33ad7,691cab61-448c-4fa4-b5ce-253be5dc52ed
91023127-efe8-4cae-9929-28d8a786cb75,91dd8e2c-7260-4df3-aa1b-337cd0c38631
6721df7e-c6fe-440e-bc16-42d6ef634bfe,2066ec0d-dabf-4100-b518-3f84374e4fb6
5a2e605f-c449-4669-a5fe-dd7d2b825e4d,43fe26bb-b3ea-4ea1-ad72-79e7bbc44f98
7aa65960-6d26-44cd-b4f9-9f3d00ee7f1e,4142c4b3-15fc-45c5-9af3-5ee158ad0ae0
150e2ca3-d759-42c8-8fab-7082fc1ba849,4bc6592f-ae34-4ec7-b146-098aff3a1174
164b49f0-93ef-4d95-8f97-d64c14c50966,708cbb3c-f0f8-4fca-bad9-83e742e2ccd7
a715c655-d8c9-4f84-bac7-9e0f69a367c1,7c0ebee4-b394-4aaa-98eb-5237fd50e823
c7ff4ee1-e7e4-443b-b87b-e94522353130,f327864c-24c3-48ae-bcca-4aeb137ef238
f9ca16c8-3460-4257-a31b-d87fd2094082,f51eb381-3f2f-45b5-899a-52222af21372
ecb4e7b4-0915-4d6c-9a04-3ea082e2c7f5,0e3ac3bf-9541-4998-b44a-4357fdc9c296
a9e0bd98-ab62-44a1-8508-e09f1eba8349,867e6bbd-ce1c-4a72-a4a2-f99bd3077b15
dfd6ac88-e809-49dd-80d8-d4c95bab03f5,9a3a5241-5755-463d-aa67-4c928a45f3b3
41e8948f-ce04-4bb4-90f0-1290b6a1ff9f,7a3b31e4-1577-4ff7-ac11-eca219b071ae
a68b7264-8033-4ec7-b8be-a21efe4f26f7,0ddfeebd-d721-4e9c-93be-3b66ebe1ec18
6d34b1c1-3ec1-41a0-a180-3a6c9fff3ca3,46f700bd-0851-4fbb-8301-e455d1ca67d6
0ba62ecf-2540-4efe-a182-aa90fa5b5c95,234bdb83-08e7-49c7-bf88-c2f4dfd2fb5e
1f664db0-8fa2-41d5-b1b2-123503e52c6a,3c2727fc-fad1-4cd9-a1c9-842c36b6acbe
bcf054c3-ad1e-4647-be3c-fb818fb4104e,58613b51-883a-441a-86ce-06f016537234
3a0e2887-9a5b-4970-8bd4-2531ad32e0b9,34bb8e48-6649-48e0-8372-b5be9499f75a
bc1fe298-1f07-4f5e-8870-6171a47b1ea0,ecb117c3-c33b-41cd-a057-def819cabecb
798793eb-4497-4d4d-bda7-318d5fd06802,9e5391d3-5040-443b-85d2-3825785fe213
bfd0e675-b9c7-4e8e-8eba-e8f882d40204,ba0072a7-136c-4f05-8c06-68d6da1b14cc
5e1042fd-9e63-4be1-8d55-d9525c9d6ee6,2082f79d-9ef8-4432-831f-b8fbac0e935c
ffa28f0e-ea9f-4984-9512-24b92134fd2e,4598bda2-b5db-451e-9914-b6373e5fab58
1b6d3f16-d292-46e9-ba60-1e3151ee0e00,ded55711-f411-44fa-9577-e2907cc99136
f4e1318d-9996-4202-b9a3-87e606b6995f,ca12294e-9cce-4187-95ea-6d4c915334d8
84eb1507-dc40-4d8a-b7b3-ad9aa6373132,c543bb2b-1e2b-4ad7-b929-fe90a0f873f6
ab3fcc4b-cd10-4e74-9bb0-c67e07ad7b19,b7bcb574-b7b5-46ca-b48c-f1fcf70051a6
be17d4f3-e7a5-4e62-8d83-972da6beeb96,a6526bcc-9f1f-4bd7-a0c3-b9713bb4b8a5
dd169c52-dbbb-4e68-8e1b-3421833bcdde,008ad581-15cb-4687-875a-2814797dac09
8f37efbc-8f0d-4d6a-bd9f-c43576d27eb9,322b1247-547f-488b-8aa5-12f58678553f
96dbacd0-0622-4c42-b8e7-da9cdfe331de,134c095e-8ad8-4c24-81fa-fce3a4367f12
671a3938-e35e-4afd-a961-5ca85bc9e42e,53f51a95-41c1-4a63-8a55-56a6d9a2e573
2de374d7-4c2e-45ac-b089-e2a8419d0517,6842f927-de3b-4799-bd81-85f1674d21bd
581bd987-c34e-4d28-bac2-7b1df8e44054,2834e22d-f9af-4ab4-be6f-43cc8306b85f
1418b4e4-780d-4299-b2c8-5fdcfc29c343,0e0b0b82-78f8-4aba-9def-9e251aac6a43
6145792f-e0b6-4671-99aa-c4de19cbb7d7,340c7250-9f5b-4b1c-ae9d-9a049250b6ad
40049b49-0af3-41f9-a77b-8e79829971fb,cccb0a35-db39-4652-9c85-7b6cd70a656b
865bbae3-9b3f-483f-b1b6-3b1c3ef35329,d63eb138-0653-44e1-b5b6-953172ff33ca
a5d74ca8-5557-46b4-a98d-4d7cd32c4d42,637dfa7e-344d-4f1a-9b05-a890354bfccc
8203f10f-c13b-46a4-92aa-bdd930afcbd7,32d0b306-6be8-4321-9361-cab72c6eea50
2584248b-7c9a-44b4-b97f-beea1f6f6405,d54c11b4-d920-4502-8ed6-c990cc6e6c07
a2481527-b073-46d7-aa1a-92f5166ae345,92e3ecc4-8b80-4531-8274-93e64e9fb3a5
a0d7b392-9d5b-4c2c-b1fc-d15b7fe490bd,70526e04-ac99-48aa-bd15-80e31048e3e3
61f5268b-e4d8-4c5c-a1b5-3087896ca0ce,4f0cb19f-c2f9-41ff-bf62-45cd93f47090
6dc56997-c0d1-4973-a70d-8520faf6770c,f9b2c645-9fda-4f7f-a13c-d8ee85fb2269
e5f1bd02-65db-433a-b1d1-cde634b91d4a,30832ad8-43f0-4900-90e8-eed2dfb7298d
ce787b54-a404-4609-ae86-1c99251062cd,7b1d2e64-61d2-436c-a02b-956c41d8e68c
4b656b2a-eae6-483a-9dd1-39fbb4d70ebc,186e0a7e-e411-4d8c-aa99-3781c61286ca
77b8d042-f12d-40ae-b587-1ff6d51bb68a,a3a7cff8-7790-4414-bad7-bc700516e88d
35a3dbd4-a864-4e3b-ba2c-119e78e608bc,41be9804-9def-4363-a719-bc81c7184c51
3196abfe-50bd-4357-b392-fc802081a47b,7860b186-10d3-4654-99d3-5dd1f7b146b4
c71ab96a-824e-44c6-9799-93d69f4c90f9,aaab0fbe-1976-413c-afa2-766ed28275fc
aaf32a54-cdc5-465f-9d8b-ecb749baa1f7,f3ecefe0-d5ad-4fd8-a4e1-4c138ba430c1
7d45c945-8b3b-4c87-90a5-c8dda5f2f7eb,8740df49-3cba-4b91-843d-eabc145a9871
b824b2ef-43ac-41b5-915a-93741b4a76cd,2ca52388-ed11-4007-8353-fede2992eef0
1ca74591-1461-48bd-a0e2-202da0589153,9fe9cda4-18fb-438e-82d4-45e72a4c6d7c
c09face7-ad75-4c97-86c6-f140615892e4,782a43e0-852f-4c2d-9f16-fa17acc088df
ed763505-6ba6-4d88-a0c5-98dba2f06cdc,0e95205e-7906-4663-bd60-c840051efb97
f8249f88-1f98-40a0-b5f1-258cf87bd52c,a398883c-3c5b-41ba-9fb0-5a001985cf83
5d52e13f-e04d-4699-969f-7556855b6abd,cf9d0889-0ba6-423f-bf78-1466a0168e3c
ea363711-6057-49aa-afa1-61953bf6476b,67e8ac49-834d-4c72-ad8f-d42a27b42c92
3a1765fb-7309-4bae-b4e2-357003e94a3d,e786f8c9-89ff-4264-a070-a3f33daeb1f3
6a5c9995-a4b8-4c23-96e6-6bb1407895a6,ed5d1063-38ff-4b12-ab34-2a1ae802f1a1
29fa9a15-ea5d-48eb-8e11-fe4d299b6183,37d81858-55f3-4645-b952-b4ec7e7b62b3
177e971b-f36c-4426-92da-9b4d1cbcd785,dc6213ae-32ab-44f2-ab19-f8f49e123f71
5844b1ae-52f9-4308-a13c-0f2ce05445ff,7863683a-ada5-4152-97fb-45d29e409357
a6d9a69d-4938-4e52-9f16-f14f4ff7b2bf,da8f90d9-3dcb-4a18-a022-3559c84effa8
50e366fc-1ba6-4e16-bc65-3dfdd29b1b8c,4ced67bf-1a3d-48cf-b1bd-1b3bd37add83
afd3204c-750e-47bb-abb9-c394b20cdae8,c24b8e81-dc02-4ca4-9580-f524ebda945c
d621e197-05a8-4ade-bcb1-c5cafb1da84d,5832db8d-d5d4-4d9c-a8c9-0d0d93e4bec3
eae624d3-e60d-42fd-8904-bb5ea3368db3,7050cbd8-d126-402a-b455-3f89732eaa35
eb04094e-34f7-43ac-aeec-a13c80479f63,d20c4ee7-ede3-411c-a311-1128d3dee5e3
95c12aa9-0a4d-415b-a100-8afad07f1437,aaf1e579-bf47-4ea8-b72f-2e8aec265d28
faed7754-e4a3-46e4-819e-bca515399430,bf23ca4b-0f09-49bd-a1a7-30d4316e2b85
1dc209d1-7810-4240-aa36-2f21d16359ea,9b4d5491-1d01-41ef-8175-f7458aa259a6
5829ff94-5973-4e29-a253-9f779972ef91,b5b48fe4-8104-48c7-84b1-cf977fa3e542
b58ff3f1-dce7-4b63-bbe0-af93eb50622c,82ecbd87-a0e6-46ab-8938-613ec9e6a260
3afcec79-db19-4b93-be7e-71f0fd685877,42078cb5-7602-4dea-abad-0db2525ae191
0e1b295c-65d0-4b1f-a064-dab55ff4d2d5,b4f32aaf-9678-4ea4-a52d-0dd33effa932
55c04cd9-c539-450b-8e0a-41de00d341d5,03868278-3bac-42d9-861a-b5d12efc632f
c83d5e20-02ed-4aa7-8da7-da6c2d5cd94c,42914384-6748-4f01-90bd-ad78883789b9
1cf79c6a-2724-4f6a-bb25-21b245565808,7aa6bf3e-d96f-4077-8c45-35d018371292
0be6bcb5-78e2-474e-808c-e7ac73b984bf,fca83e8a-1436-47b1-bd15-c017827f731a
427e1ecc-1c3f-40e3-83ad-6587378b5eff,88711319-22eb-4d72-8731-075d9847b354
ba4dfa67-5bd1-48b9-a0c7-3f4e38f0390b,dc6213ae-32ab-44f2-ab19-f8f49e123f71
e4ab187c-8af6-4868-a8ab-5db479c14edc,cb93ac71-27d6-44c1-92b7-120d5e3d44bb
f532f88d-78a2-4167-bf81-0208908e0227,47a5a791-3364-4589-bc5c-5c765bbf86b7
02191882-204a-4880-967b-66ec0a54d5dc,6fe575b7-b2ac-4ac6-9f98-ad3fe3f060f5
bb7d98ab-7880-4613-822d-a1843879062e,c2386f1b-5614-4821-9a09-a47947cd7a6b
de006148-af44-43db-aca9-49d351bbe71b,8f37df9b-9e1c-4821-95f7-94654ea72169
d4c449e4-9a85-4855-83ea-e665fddaefbe,e8e63b2a-9d78-4aa4-bd48-c5c23b0986e9
7e1cb465-97e3-41c6-9db6-5533d9a50f65,903aac19-439a-4d61-93fd-eb52cf9548f1
e1672994-d8f8-4435-a67d-f714f8ea1b40,0e7a480e-56b9-412a-b572-f9fc2dc9904e
a417ae04-b4b1-4c5b-8efe-852b3549d5a1,bb6d154e-d49e-4fbf-967a-17bf4ecd0724
8b879e56-4e6c-4353-b69e-6e6085652bd3,1aa306ec-c123-44d1-910f-f9a5bbe868e7
8e94e298-474b-4774-a866-f3a3e0178308,6f862dbd-a775-4ccb-9045-a464bfc9eaa5
0c54edf2-00e7-4609-b3a4-fff245f5d3e4,3c75c7e3-6a95-419c-ac84-6e38f6191b02
24039c76-afa5-42e4-b4e5-945d7b80788e,b4747f13-850a-450b-aa15-4724ab02cfeb
e3e850b4-54de-4a39-8bc6-4f603224392a,4f480b13-e83e-4f5b-bd29-b34efa739e92
bd40bc34-6979-40ba-ab01-5f331538f075,a6fdb0b4-68a7-4d8d-aaad-83a3175ca0a2
33e17be2-2c70-44fb-9a8f-4cf92eaf4d6b,9f6f8aa2-8fed-4385-a44a-f3e1a957bdfb
13dba2ac-7ea1-4aa2-97f2-dc3fe60e287c,b62a2322-d356-49a5-8995-bc4cd1e7ecaa
c66458ba-fe3e-45c8-b7a8-6ace53d1b0e4,8d2a4797-3ac9-432f-a00a-3a77c832a67d
1ee3b241-9f12-483a-a2a6-ae342e06abbf,3d6c2750-78bc-4a28-9b6f-966c19f1c285
87cdf9d1-7ae6-4d5e-b37e-eae277d59519,f7458cec-d2e9-4346-bcf9-c5fb2be00067
3fb42bd3-02d2-4fd2-afe1-59ed32f69e9e,f18778d6-1f5c-47d8-805c-793d5b69b2e9
872f5064-4a89-41eb-9885-b4e4ec36c2e8,5c84408f-e248-47dd-a1d5-78bf010d5493
82d6ac38-13db-4ed3-85cd-6abe9bcb684e,d1729217-c82a-4576-9cee-1c178ffeeaa0
e1256022-94b7-4d8d-97e1-6da3d4d3bbeb,0ff2c767-d419-441e-9486-4b1b7ee5fa50
8213c76f-e4e1-4467-9074-4cdd29898054,e9e1349b-181b-4ee2-9d45-3cbb6f4c11d2
43c13385-6db0-41f0-831f-8346f14caf25,e7f10ae4-30cc-4513-9231-96e413b87fd8
1c9b160a-fa88-4620-9b42-73db0e0039e7,c9673010-6b9d-4527-8a66-b9fea26d801f
ab55e715-c44f-41d0-8a64-751ef4c124b6,989377d3-7b3a-4e75-974b-e5559fdd0774
ff2375b6-2b12-4454-a20a-be4f82515e59,45c6b247-3577-4a82-96c9-144cb67a0ba3
de305b22-c81c-4ff9-8452-5d4a3dc4925d,12e37a27-6943-47d4-9fc6-7da00a7fa959
24065bd4-360e-447a-a862-7d3e545edd17,873cea32-aa03-40f2-ab6e-52c2f9946626
cf03c23f-4439-4293-8d42-43787dedd699,3bd97a01-db66-4197-bcca-f16ae90ec9ca
0163de86-454f-429b-8989-23a29bdf9792,55a29e5b-799e-4520-a461-fb8017c9d152
e446b404-c89c-4bff-8ae8-77b791eb58e0,43b1ecaa-000f-4a52-a8e5-08ce368721e8
b1c8671a-5cce-42f8-940d-2cf04d7db4b7,de31709b-07b6-4d4d-9430-8acdfc053dcc
3e96d949-ff76-4b30-9055-6e4909b5f6e2,d36e4f76-8df5-4cac-a070-1b35485966f1
2a5ce427-608b-409c-8df3-5f83e467aa9e,a062ffe1-8011-4f35-98cb-54e0edff6961
1b980ef1-5421-4668-a267-891cdd89cd13,7e1451c3-f4ac-4432-a59b-3df1b7e10ef0
ab9f62a8-574b-4cfc-9595-69c65e601d34,3ded0774-561b-41f3-ac14-244a834df7d3
4c75836d-f0b3-4879-87f9-154a9f9bbb99,f1a0ba05-024a-4203-bd91-54cc3dff4ccc
9bd38a64-2454-43e7-bd40-63f1941f5a9b,57656141-7349-4e3a-b1c5-1b835e673aea
3d0e8501-040e-415e-ad22-a14c05b82f51,4f5e5354-adeb-469d-8af7-bba99d93b86b
4d67c979-e176-47ca-8aa4-2743aa163d26,36a23ecf-3e12-4e9d-ba68-540b83c73f06
2a4e6f97-1720-419a-95ec-9c6298bd1769,9384c746-29c2-485e-957d-f875fd09f0e6
700b8639-dca0-42af-b328-1a7f7ee4bf3e,9f9fc06a-83b2-4081-9f4f-60552aa3853a
b73f2dc7-56e1-4798-b51e-1e1bd2ea22b8,c4ac7f07-f76a-4435-8ec4-16e1e3a18537
f6c07291-986f-4fbe-924e-7e95bacc0cee,1310b2fd-618e-4d69-a763-d9ff23032a94
cf1cb438-d095-4915-8b54-46a63d377b61,bd66f958-3632-4f01-9858-3d682ae3b001
54ae04de-b833-485e-8151-94be4e688830,449d597c-43b1-401d-90c6-e51a1aa8c600
4160f162-8792-4763-9949-a60ef79743f0,391c9333-eceb-4c24-bb3f-6c570c6210e7
b4d982d7-25de-4b63-b8b9-dc6db0276b7e,0bf708ec-bcde-43a8-a828-cfd36e499ef4
2df4226f-8e8c-4968-812d-f72d5904aa93,c03448d2-b52e-4a17-8ba7-a4694f4f63a3
98f95388-f688-4967-9795-1e2d282099c3,b9b59b2b-1e59-43dd-88ee-4ee9364fbb6c
e2d6ad01-18ab-447e-b7ba-bedfc2407c01,07be7aa8-fc85-40eb-90b0-d221aa1b5eb1
6f922d37-8337-4c1e-83bf-72b46e2c5b8b,503dcc05-83fe-4a83-b120-eb32ce5352b6
8c451dd2-e517-440c-8fb2-b773d58f6870,e87f5573-da0b-48de-8438-bd85f3b98e83
557b73f2-e57b-4ea3-abe9-d26ffb4efac9,75c735bb-c90a-4d13-a0d8-8768c6d9a04e
ee81c8e6-ff0d-458e-a792-20532435adeb,a19d6d16-57f8-4750-bd3a-13582b7c448a
a716bb89-de22-4b0e-b8a7-f18b477f9ffb,7b23be3e-b147-4200-9f9d-1392cf6e2b24
e98aacfd-d65f-480a-8c39-8e2be50382fa,6b4574bc-d2d7-4066-8ea8-b1e0d7877471
1c8ca727-8bb2-4398-9ca8-b87f8346aa6d,a6a71e2e-565d-419a-8f96-b3ccd2d4e8f4
a29ff5e3-6e1c-46fc-9a67-2806b9c8130f,aa00bc0e-d03d-4fcd-b022-79ea0df780b4
f6727161-b32a-457f-b658-c650b65d62ca,e8326f58-2a1a-4712-b9b4-2e1ccc0d3cbb
ffb5c518-b833-431a-9f96-fcdace3241bd,337fc5c9-f272-43d8-be77-93837bd5ffd3
444adfb1-fa94-4057-a804-5a0f10fd1a34,e3efdcf6-6358-4efb-91fb-189248bbe97f
88d1c034-e334-40f4-bdf3-d65ce55936d2,f5cfe532-6e27-41cd-88c2-89e5b9a40f28
8d4fbb0a-cf41-4177-9c1f-b2f1a384e3f0,bfe4a654-13fd-4c26-9ab1-0749df17f072
fb5dff5b-0d3f-4c8d-a7b2-a7d500f0bf99,041727f7-a9a4-4c03-a039-08f215567894
b5c450cd-78b3-45e2-9f3e-29bd391b2151,192ff7e7-413c-4e18-9f97-cfcb3aaeed3b
2ceb3fbd-cd47-4a94-bcd2-1c8660640124,8144445a-07f7-45cc-a459-2878f29d2e7a
db86761a-8e7c-4331-8595-5c8db54f0768,e840b422-39d6-4104-beae-77260fd3aadc
7b868bec-33e4-40b5-a3fe-465f00f2eb48,7f632c60-58bc-4a6b-99a5-aa894d4a871c
5345f399-2a1a-4e2a-b01f-08e3056ef5d6,35559519-b566-4eac-9cd4-1b5b91a593e0
f935b2e3-fc52-4558-b2fd-4f1cbf3cfde1,8332c2f9-daf9-4100-b3f7-7bf6dd18fbfb
34453780-c9e1-42f6-8de3-4b9f5b5daede,8780af84-7797-450a-aa75-0a65333f89a0
45850d79-1c79-4292-bba6-ee6e0f8f8ae0,c1a5aa1b-498c-4255-b4ce-12cdff500ea4
a93d2880-ba76-4364-820c-7525dd8c7d81,94cf1173-a46e-4cd5-bf01-1c86147bf824
a1c7b75f-c7ef-4242-b729-4e8bbdb5dadb,c8780362-a478-4eb4-b31d-3aa760190f88
2aba9ee6-c9c4-4fdc-8525-ce35cee1f7e5,9036437b-58b3-47d1-a92f-4b85282bbf41
6d6a0adc-0115-46c8-a51b-83331c79adec,fd9a2caf-4c6d-41a4-b2d1-78def5705b39
1d48784d-3583-4eef-9c47-2e23f23f0ff7,985d4292-27e2-4e4e-8196-3588762ae305
ef3cdeeb-4589-463e-a6d3-7a181e12fb5e,d1bd8c0e-d1d6-44ea-b946-f6eea1bd0a58
dedcb595-fc5f-4763-b6e5-5a9fdfe92381,0913897e-5348-44c6-a3c1-d9f88c3839cd
8c0d7209-3c06-4dac-9e65-b0f56b009255,1dc0347c-87f4-440f-a02e-40890de7cee4
85dfb824-43e9-4453-aa3d-e66d04e999a9,f2b417f2-eaad-426d-8cf9-4a77dacc3fe7
e0fc465c-3e91-45df-a2d7-2f7394e0df3c,dbf3d7ad-20fc-4fbf-b2ef-ccb8643b8c1b
4a89ea81-2595-417b-8dcb-924a8be66370,e1fd9db7-f1d3-480c-8f98-488d5c7b5dc9
7bb6b2b2-5438-42c4-8641-93635cef398f,98d726ee-2028-48fc-a6e0-9e12e0cee9b5
28061b40-17ed-4b51-af7b-585bbdb58c62,df1e53a6-69f9-4e60-b124-6e6099d89716
23a176ad-f533-4245-9381-ceb07127c0cb,b0f2969c-f499-4227-abce-7441ce97c710
f50da220-6687-4124-bc9d-415f456e88e7,9b4d985a-222e-4b95-8ba3-d048574edbaa
696cccbe-09ae-4afe-bd77-149d5d839fb3,bdea7151-7d16-49b6-bfe1-944656190b39
adfc6616-28e9-4523-8da4-2fa1cbdc1adb,afdaf0fa-621f-46e4-b473-999b7a95792c
00405e8d-6eac-42a3-bbbd-6d6d23540847,2211fedf-8a3a-4cbf-acdb-2fbeb3bd4e1a
e74a12e4-c532-41bc-80a1-25e539da0b4d,60485a93-5fd7-47d2-b969-e36ed41fc620
b7f438dd-0f8c-4937-aecf-9b5164bc75b0,af7f3293-41a2-4cfe-8277-8cf5a5e0ed4c
29c96a1e-9afd-4360-9c5b-d3331b804bbc,a041c493-f045-49f3-a264-32c18c278032
1e04eaad-4260-4e1d-9f2a-c7fca4d728e8,c3097abc-ec87-4533-9310-3ced8c1f5096
42f9508b-9e2e-4655-ab4c-b399225bdcce,57af33dc-410a-43b5-b731-d330c2cf31a5
e2e730cb-b0b8-4980-88a9-9315812e55d7,6f873b22-ae1c-4f27-99f9-88ccfdd2c16a
97961ef2-f1e9-4c11-b668-3dc21c901be3,1f4a6993-76d6-46d3-96d3-d9ebc9244c1d
d1083bb8-5ea8-401e-b95b-c9fef5d71a9a,d021fbb7-164e-4f5b-be37-c62a80901c7c
353f8ef4-c6dc-4eb0-963e-63f997f7f7db,ae110cfc-5124-4067-bbea-7c0e73480b8f
ffdef585-e84c-4277-ab4c-e40c548a2052,f85d9480-3871-47dd-9b22-f377648d57b4
2b50b979-5426-40ec-84a2-d6902874f26b,1cb1ffdc-741f-47f5-98b5-c2270ec9c8c5
c7272804-a6b1-481e-949b-d6e1a1700d2f,fcd9fcf1-d0b1-4d60-ae63-ba911d8e9884
bddb646d-9a9f-4713-a6f8-8ef52cebb0b8,f3b6a604-e0d7-462f-8626-b955bd0d5a56
09d41e2b-4136-42e0-b63d-fbdcccdc3f52,3c11a78f-0b0c-42ab-b4a5-57383247cf4e
fd55671d-2db6-4784-a42f-3db774647b8c,9b532bb4-a891-45fb-8451-2be43b8250a4
cd9fcbdc-e81b-4a75-ac90-a7b62e2bccb8,8cc2931f-f497-40c5-a5cc-4a6435267eba
20e7a6ba-81e3-4f16-af06-7acf54627c1e,15854d1c-b813-443d-8306-187585ba9ab7
cb77cd2a-8155-4baa-a982-d10bd615af4f,94f3f6b5-225b-4e69-bcf2-b84dba119607
e0ce6de5-e8b0-4fa3-9db1-f04596218d0e,e4aa5ec2-b6ce-4939-b43e-d9f4b139cf7e
c6dc64ce-aec2-4e00-aca3-ecb110b6efe3,68b4a9f4-6f83-4342-a16d-768b06ae3241
1579f746-dffa-4e66-86b4-8b09a998b7e3,498f24f7-cac2-4f73-8a9d-75232ce1cfac
2b57253b-315b-47f5-bfb9-04be9f2ace35,40b135ef-506c-4a0e-81c4-7ddd154d7b39
5ac8bb47-2f9e-4df0-9833-53d6876fec10,0009ffff-8624-4af3-b31e-27d442b98d11
c81d8282-b091-47d7-b711-661aa3d53dbd,07728184-6b64-4b1a-8c86-7638b1e56500
af016d1d-addb-40aa-bf1c-7d4dafdfb8b3,02561364-1848-4ba0-bc39-73c94e0538e9
376a3aa7-c085-43b7-bb1d-7e28833d4f0b,7ce9ebfe-2c18-4d60-8923-5dcdb3217aba
90672bf8-a8bc-4475-a6ab-a5e0f48ee2ef,6a1fe1df-1f48-4062-a8e1-96e3a702f5f0
38d6d4b6-b19a-4a5d-8536-8f09a740b058,82d07a41-21d9-4ae0-a859-1d2b0b165c08
cc4361f8-3fbb-434c-b9fd-1f3ac099db5b,deee2766-4444-4803-ae51-e35bb9690d75
d4537821-3c5c-488e-817c-e7d1df1aec08,1f4a6993-76d6-46d3-96d3-d9ebc9244c1d
cfcc6047-0c07-4bc5-8965-2404205bc2d3,62a5a62a-e846-4b04-b0b6-26827d6481b9
7e3c655f-b4e8-4d64-84e0-4eb497424012,42ad4cb3-8bbf-4cfd-95ed-ff875437c2fd
1e6fc73d-9559-40be-917c-003b6144dbd8,79b96d75-b23d-4962-9142-53292311c642
cb692432-36d8-4ceb-852c-b2435dfa07af,4da0ed46-ce32-4bf2-83cb-1fbc025f340e
8d6b1363-59b3-4371-af83-8148c1388213,86f27139-dadf-4583-9d45-e752a9493736
26318ee2-8dba-4f49-9209-7814001cced8,9df87690-f14d-4b16-b93c-6862f3ae6e26
73cff220-596f-4d52-9779-ac6f5ad85cbf,aa57b6d6-ecdf-4517-96fe-055fcbc7df8e
866282a1-dc22-4de8-a4a8-275a03b9e39d,bd15af0d-c097-4722-9337-b3fafb29c49e
3198d0ea-6f65-4f02-98fd-a57145172f28,fecb7656-4eac-42d9-8347-a753a6c1a9e6
94ac65ee-b06e-4de7-a503-8bbec26e58ac,c10d52d3-f791-4c1d-8bec-6dc275578921
10af3e1c-53c2-4d83-af7b-042986e1a2ef,418412c1-7c10-4d3e-9eef-3828fccd07b1
39906919-af56-4897-a586-c67a6364687d,2fcc3bed-1588-45ff-8673-903a1daf5605
6879da4c-ddf3-4f92-8876-a73bef835fd8,6f362b7f-1c15-4dc3-8265-54a03a4c61ad
8c4fbf60-803a-453c-9045-e936e85ced98,2ead0fdb-dc8d-474d-aebd-1394db054062
984f25dd-a1d8-4878-a497-27e4cd2777d4,2b1dc6ba-8a4e-407f-b6eb-40570306ab36
165e0a60-e7c0-47df-a02d-55de62e9a3d4,cb6e88f6-b7d4-42a2-a3be-5b67183def5c
3ade1dbf-0d23-403c-85e5-8722a515d17b,4f613325-d545-4f22-bf2a-0297e8aa0308
5bd6e9ff-5e40-484e-9353-129144d1d440,cc2f998e-78d3-4c8d-a79e-3ec68f43742a
e85497d6-b4c2-42a0-b155-68202ffde4a7,2245902d-5917-4910-8d47-c278458cfc06
32c40b44-86e1-4a79-b094-5261b164856c,02317cc9-28f7-4b63-9a44-b184f336c38c
6a7ae479-08a7-4579-ac4e-e8e6afa621f4,15bef884-b8c6-410e-a6b4-874f897fea26
255f584e-7a77-46b3-ab7f-d1e720b930d3,441f72fa-9796-41a6-a9ad-439a58865628
458665a8-da5b-4d58-a057-e755c3f66222,ef616150-8041-48a3-a324-51f1021ed37a
6ad0fc41-8f46-4c50-93b7-440a6cab26c6,93d4806e-cc7a-42e6-bf73-2b540415a6c8
2fba4a9f-1f44-49d0-96b5-903d8838c798,aaeff511-6827-46af-99af-79c8f1de5007
cc178c96-74d2-4e99-8708-15d68b1a886f,a6f1d3e2-c945-4aef-ac4b-4cb2e8fc5a3e
ea1f7ad5-15ef-4991-a0b6-e9e3230a8846,c1a2166a-5bc6-4e9d-aa0f-2f4ea6dcb9b7
d5baeb49-7099-4d32-acad-d1a33ebb6434,9e9b31c5-aa6a-4de6-a21a-105273fb1ffa
7bc16c7c-4992-4ca7-9cc2-aefdcbfcc38c,856f2d46-a7dc-4796-b1dc-108a23eaf8ff
cb39f441-d570-4e80-b9ef-24ac6f9f060d,a9032e16-ce85-4853-821b-094b3a02d0e4
0b0856a8-ec0d-4296-acc6-45a30c207e12,ecbeefc3-d6eb-4129-9783-c183022e82a0
03eed601-e6d1-44e5-85be-4895b839213f,34e3dcfd-9d15-4676-9b05-888ed48783b6
635f4e61-8716-4a27-8ed6-3d80500cefad,3d0794a0-149c-4a52-9f7f-ff811a03cb92
7882b822-7e14-4b46-875b-3c77bcf6c4e3,532336bd-886e-43ab-ac7a-894c681b73b8
61c01b5b-e39a-4631-9daf-4c397154f887,73cd0e00-ea83-4411-8672-3a707681e39e
739312c9-3268-4744-8f62-9b8d68cf4df8,c759d4cf-2779-4402-88af-7937e32203d3
cb0f9d7e-1460-41bc-967e-d192e93f1c5a,f1fdd80a-3452-4f1e-8d8e-fab7494cc3b1
4c6a1daa-07b4-4f3f-9ef9-226853506cbd,643d611f-d585-4e94-adb6-0d5cf20de978
c40f7014-0a70-4bda-b661-99b647c9f890,cf64b08c-cb8d-4171-835c-878b2ff4c99a
c02315e4-5c5e-49ca-8008-e7acd31aaaef,91fef83a-b884-4d4b-9adb-fc73d873a508
77346fe3-15bd-4356-8f63-b65ce206c980,8beabe15-8245-4419-a235-3c8de34323ab
07fe0cdb-b622-4953-9472-f63aa2c846c4,1aebd7e0-5691-44b6-b475-2b63d4254012
ecd1a22e-6ff1-45dd-a8da-24edc0498952,6e54075d-23d4-48a4-a612-68c91bd17a14
26bf9039-9e90-4810-97c4-fed01a1834dd,1e7a116d-0d85-4347-86d8-bd9c5e9ac7c3
8371e0c3-cad9-4b6e-bd18-a2486e256141,3c4d2055-2f90-42c9-a1fd-b88e2834c9b1
36bd758a-5f17-4480-9271-15cf41570978,d54bc635-0cf2-4b5e-b421-787ad9bc65ee
d81f96cb-6d8a-46dd-a293-4399b77b0325,13543f8f-e91e-4fa4-ab2b-36abb7f4958b
30ae7dc3-1f80-4924-b880-d0a8c9340466,ac7980ba-55eb-417d-ba20-c3d2fdd04e29
60b44aac-25ee-4caf-8fa1-13f10b46d870,99bc723a-8693-4631-ac07-ae9cf2f2340a
d6403a34-a674-4191-87f3-93093a2d07c8,d1dcef32-a8f0-495f-b345-aa1111a511ea
cd37f0f1-3e3d-4ad1-8bb1-ac3e69c97038,e2a4a204-772f-4f47-99eb-df1ee6b1440e
ed642eba-745b-40cb-b38a-60d1db54dd83,8e5e67aa-f84d-4e0e-a718-0bc4023f9b73
f57fe6f8-a00a-4110-a923-089aa1efa27f,a5533a01-0ac5-475d-913d-45ae3280b1fe
7cb77d7c-5075-4973-95e5-3c613408b3ca,42bf033b-2cd5-4c34-a51a-b7c509efbe43
99263f04-880e-4b34-ac8e-ce173be83871,856c5441-0ae8-4c3b-9573-cc77b7cf2ba4
1a259214-ddbf-49bd-8b22-8eae8f9247b9,233e9423-00df-4125-b756-a56992cd362f
1900b3b1-3a2e-4b6b-bc52-de71b6868169,27aaa9af-a637-406d-abbf-16baead81f3f
0f6b5e4e-21ea-4b51-9024-0f990ab9dff7,c6186efb-e624-44f1-b1d8-d3d2a90a54b6
55d44253-3c63-4e91-b6d9-495ba8bbf718,bbf23898-0edb-4484-8689-313a28420680
8a81097a-ebcc-4e03-b12d-790f2fd412fd,7bdd7e48-2ae8-4f59-9727-af3888b05dcf
8678b13d-c43c-4b7d-9b2d-e132ff549fee,d3cdec51-a607-4a31-8f56-4d3438f809d8
c5159f61-a823-4806-aa34-a168df96a2f2,e8c6f0b4-214d-4ef0-a9f0-53614f79f1bb
6b27e7dc-e791-4131-931c-652ad49a0312,be9eaa78-ee29-4ee9-aef4-cc44c5e3b0eb
a071a51f-7ae1-4b37-9f2c-3791bc18f930,f5051d42-d4d3-4eb6-b9e0-09be9f3ec1ff
16656c98-7220-49a0-a6ff-550510fa3216,985d4292-27e2-4e4e-8196-3588762ae305
9c242dd2-307b-4182-b05f-e46f88139e45,6d278cbd-da21-4036-b790-18bfe8539d82
8b475f7b-9657-459f-a177-ba5f1259b18c,a60ad94a-6c38-479f-b2ad-e7973a22c5c9
5d91c1ef-d786-4cc6-a632-0b291233e7a7,e813f6c9-871c-4ade-b453-bdb17ffcefc5
5f240d71-2061-4544-9849-99723eb65f7b,13bfe796-fe58-4e1c-89f4-8cc9e077114f
e5c995df-1cc3-470e-b930-418b8a1f93b0,13121514-6cad-4892-adc5-db0e90fb9486
04296597-7396-4b12-9883-491919400734,f1b587e7-6d8f-4513-87d9-e5db628dd49e
0a1a2b7d-c767-4240-9491-e4d720a1373a,0dbd862b-e0f9-4ed5-a9c8-5254d6a776a9
513bdd5c-1489-4c06-94d7-4a9007fd7c02,a9e47adb-a388-4990-be7d-973b724dfc4e
a40ae93e-7317-4b78-84d0-08177eb642b5,78ca7f3b-8ae0-4d75-8e4c-f68bcb7efa1d
fcb1d920-b849-479d-bcd1-6f8af4749a72,1277063c-b1e5-4bec-9294-1c0d6a06fab1
52b99c13-70b2-4d56-ac42-ac0f8ededeb4,36173226-3319-4ba0-ae7e-48823332ce78
b13f4122-ae35-4c33-8009-ed86639c5c2b,b3e00d34-3f99-42e5-953a-feefcd622c0e
97115395-27b8-47cd-9982-1a92a3b8f37e,b188cbce-a603-4ba5-be5a-42f81a5e05ac
cf43662d-24d9-4d17-8216-a1a0f2c06021,60b772a0-9e37-411a-8966-85461159fbf7
f73edd99-b6e0-40cc-b49d-b26f6ef8939c,214b6c98-3bc9-4cc1-bec5-903ea06116ba
0017bfd2-4f97-4f92-9e89-e69ee16f3741,5ebf7678-b0e6-4466-a737-feb3a1ffbe35
352ceeef-85db-40e1-a7f9-2e2691a586ad,a884e370-e2f0-423b-9307-7974c185fcd6
ce9348be-daa0-41c9-b86c-0e52d311756e,526eaa6e-40fd-49e7-8594-e30bd4a3d023
5349ca0e-97d8-46f1-b799-b55f5c58c77e,d1fcc771-96e8-45d0-94e8-d05b1c72a25c
64e86939-fcf1-484e-b200-0675b4b29be7,232e3b8e-7bb6-40ca-a7f0-f6533b9b4db3
f264c4ef-0be4-47ca-ae65-4011b421a0b4,61e54a86-be25-4369-96ab-df0c98e2c7c8
23a8741f-ed04-4ed4-9131-1d569a0be15a,774ed573-7547-401d-97e6-bdd7cf787c07
ffc9fced-6774-4fe3-a64f-438f2f4fb5e1,c19c1429-9fb3-476b-ac4a-b4caa43a5da7
5577afe6-7cef-430b-bf9c-e13e0ba794f2,908ea8aa-1a86-49be-8e99-30301018e9ef
35993c78-29cf-477d-9058-6ca0fecf829f,dd61d2ab-56b6-492e-bd54-a45905ab991a
f4598ea7-83dd-46e6-ba3e-c53508d9a8d0,5570dcc3-719b-49c3-a7eb-20b88772dc80
c0710b92-4ed0-4999-ab2f-2d1be9d5bf90,1af6cb43-932f-490a-8f55-7ab8f513a222
4144f09a-1f5a-4dc1-814e-7786fd301dd2,5b53369e-dd19-4cf3-8e31-03dd389e6c79
f91ceaf7-2bde-42cf-82a3-6ebbfe2a2c27,4c3d7d3a-afd7-4c67-8925-9c6cc8c3e2b9
00914ae5-5f9f-4e96-a17d-4b01f4be1241,f0026c13-3acd-4229-bbbb-0311c75ba8f4
9fe98105-b301-48fc-b126-4e6299280846,8b93ed05-7784-4ba7-bd74-15e5f1c3bc61
8ec98fa7-c841-485d-a77d-ec729d374786,f9e520a3-3c0d-412d-a675-5f8b62b4e5e3
1113d4cb-decd-46a1-934b-d7d05db3208f,b91ef1b8-f20a-431e-a144-8117d5738a06
6e577cd1-a073-441a-8a82-81f489823424,3d40c174-ad60-4366-8722-76a9b65382c1
3edebcaa-915a-4f9d-9adb-8981cd4cd502,985d4292-27e2-4e4e-8196-3588762ae305
d7a38b04-fe8e-4c50-8e9a-37a9ec3a974c,1dc0347c-87f4-440f-a02e-40890de7cee4
a31e67b2-04c1-4705-a760-f60c9d1b6196,92e3ecc4-8b80-4531-8274-93e64e9fb3a5
7aebde59-2f14-4f56-9635-61a1d097d6f7,34bb8e48-6649-48e0-8372-b5be9499f75a
501068b1-c37b-40e3-bb4e-24405b7381df,683d4a5e-881b-40c5-b857-2c3ec2ee37de
3d904632-363d-41d3-85da-c14496bdc088,11f26823-a275-4c4b-a578-1e74e977e156
0e9a0b12-2f50-4877-87c6-1512e2ec68ce,77afc7de-cd27-487f-9ee9-40e6409a4dc0
3e1a3a7a-8c15-4827-af09-fcd4074cf142,e4f502e2-3909-45b7-b9e4-ee0e4a7f1037
77fa86c0-6b48-4642-bcdc-26c65bdc19fd,0220f712-22b4-4bb2-9c4f-d3710bfea4c6
fa1ceaf6-b7e2-485c-9a66-800e6cd906ef,5448740b-f2e5-48e2-aa0e-57f59f360adf
b5b9fddd-e986-4233-bc87-083d7a86584a,7fbbfe51-56df-433d-904c-0e30e6c190a5
d0c8e0db-cd64-463f-960b-f053e2448709,87bab91b-b399-4834-9e4e-4487092140e3
82961d63-c42e-4f88-8fc6-66d7a1d5f55b,2d553e7f-374f-4199-9ce8-63d7adf221b4
f75d8500-63cf-4690-9eb5-1042679c5716,5e65e34a-85a0-4093-aeea-6cd1a51cdce8
8a581a6f-4682-4c9c-a09f-a10a4be94d3b,0d058d57-e5cb-4f1c-8d8c-2daf062d2e1d
6651a31f-3c4d-480e-9194-44cc7b673fa6,5ee90f0d-73b0-498d-ab23-9798c31544b7
5eab4d68-bda3-4f81-92b8-3478b076c21c,ce45be19-2d77-4e78-95c8-c0ec818d82f2
3ece4134-2c24-4831-929f-c626d36ee066,62a345d2-03ef-4d23-a133-19ed61463b3a
29b2bdd9-2478-4bb1-ae76-059f04ff9002,ffbe52a2-2cad-4c6a-a850-7bafac03e815
1ca48072-8b8b-434f-95cb-639a4db75ab8,85cd641e-049d-4704-8dcf-2295235f6c3b
bb898d27-4904-44e3-ac81-dc584f8184d5,f8e24e3b-c32c-4c24-ab6c-ae792d2bc1f8
42d7c9e0-a19a-4200-ba7d-e016ad08377a,0030d783-d32f-445a-a740-a511ba7a1337
2f02fa71-c083-4d54-be64-763f3cb2788e,741a500a-0934-4ea7-8b78-0aee399273c5
d7f9aed5-7234-4ee3-8be7-f5720b830145,0f2b7a31-c75b-4ad6-bfd2-1291a6322163
4fbfec54-254b-4a63-b3c8-f9332d807c1a,f96c1301-7738-4a04-a198-55239b194983
a8d0927b-f479-47b4-acbe-47aa6b50e1c4,b7f69341-3c56-4c6a-b13f-1c65d774fac8
cff729af-7ad0-4037-84db-28ff37025674,1f4a6993-76d6-46d3-96d3-d9ebc9244c1d
d386f275-134f-4a5a-a2e1-7e08a1675839,0c5ffd61-7e86-427b-900d-3a69b74e858a
fbf1fda2-f362-4134-95d2-6fee9283cdbe,d9f80298-8cfd-4197-b954-168db2f21ae0
1d57ff87-1261-4004-8f75-8b8598818254,322b1247-547f-488b-8aa5-12f58678553f
f74924e6-a543-487a-93a7-4e0f6ef57f78,cc2f998e-78d3-4c8d-a79e-3ec68f43742a
7a473e59-21bb-4802-ae66-1bbaf6d4b968,672f517e-b140-4f3f-9511-08ef489d952e
eb039e54-8228-4f67-b0ec-6a21881c2150,a58a8f83-9b05-4bed-886d-3956dbb2d064
d4d8068e-f7dd-4bb9-99ac-5fbecbad17a4,c27b8725-8e6b-46d9-a7c8-67612b2424d2
19e09027-0690-4210-96bc-4b8ffd4aa140,34bb8e48-6649-48e0-8372-b5be9499f75a
ff0be348-4eb3-44e7-ae0d-d46e8eba06c6,ba090aa6-78b0-4fc1-878e-e06f52361dd4
e804e706-925e-4792-851d-3a8f0bb71cc3,a0d9b884-bb06-4919-992f-bc5dae79775a
f6631840-1057-4a91-bfaf-d3446a5a4602,ac0f30b0-6746-4a19-bfc0-303f2467a3a7
4b26cc10-67e0-41cc-b6ab-85c1db38e906,34cd3859-43c6-425f-98e0-81e9b9693d46
d0a91df5-3297-4f35-9ed1-5dbf69de915d,856f2d46-a7dc-4796-b1dc-108a23eaf8ff
be3853b3-f1c7-4ba6-ac94-5afebbcfb970,4bfd895d-f68c-40a1-bf36-c526aa1bd0f8
b119b400-b382-4232-9e54-6015decae9eb,dc6213ae-32ab-44f2-ab19-f8f49e123f71
b29bbe12-7000-4eec-8c34-6d81eea7a19d,b837df9e-8051-4b83-9eda-ccf1bc5b3464
4a6481a9-aefc-4b20-8883-502a12c81d9f,e2cc0d30-e385-4c60-9694-79daae6a1a9b
0077f3fd-ddb7-4eae-8363-6a3d3971a0f1,c5e8cd97-8f91-4d1c-a002-38042ed9eff5
172a667e-46ba-414a-acde-5e7f979b1046,5d2a92eb-a4ac-4973-8726-bce5d56e4904
194e86e7-e874-4282-859c-37e2be9fe0d1,f9d47eef-f427-475b-a633-50428543a29a
a148bf75-6bd5-442d-ba37-6c9723c8a48d,dfbb0fd3-6fb3-4641-9a55-9179934737a7
d5d44d7d-76b4-465e-a17a-4d9aa70bebfe,a9f53088-b73d-44a0-8cf9-868df85582c1
b8179e52-db7d-49c8-a7ae-e03f897833c6,8c95d4b5-5bab-40c8-90f8-3c27ba6fedc0
97add7d9-4e69-4370-a333-79a21fec0614,6f7e3610-1ed9-40dc-a3cd-82c244be10fd
50cfa8df-e3ed-4ed7-9a3f-eec0c7af5e96,a3b65418-a1b2-47fa-87b1-b4665d7ee226
314cb6b4-65e8-4b5e-a57f-42e4c010f3a0,284311a6-188d-4de9-9b11-f77df9662440
f8621669-9be1-4ae4-b2b7-0ae7de934ac1,cc2f998e-78d3-4c8d-a79e-3ec68f43742a
5065f692-c3bc-4f84-a68f-3bfc7a61e4c3,3f9051c5-8f53-4f05-9d63-6df8a263c211
e1d57cc2-b5db-4ab8-b8fd-f2156d244efd,ec695b88-4f3f-4fec-b9c2-0811b8230710
5d5c8e6c-db7d-46e6-8496-0fecc8f93cad,9e977b7c-871d-4e4e-a366-3184af629fa4
540a2330-ab63-428a-a359-08fe2a9e65a1,4c9bcbb9-3786-4d89-8a5e-7a0cf212be79
9d29bd3b-2879-4ce3-9dc1-3e4677ce870d,fda16e16-d438-4239-b998-50f702d418ff
ae326ef7-bbf1-489b-9587-8c3d8964bda8,9c218a36-8a86-4a4a-9731-70c6f2c31789
31fe9e1a-a6fb-452f-99d8-b8c8e756df9d,5cc109ba-5c34-4690-b27f-f98cca9651d9
bb750065-1c59-4ca2-ba67-18694928e790,2a59de79-98d3-4153-a9c5-519e3cce885b
3e5de923-c43f-44ff-9ac2-d890cc24794b,cc2f998e-78d3-4c8d-a79e-3ec68f43742a
a1193021-d08a-46dc-bd38-fc3e1c82ee1f,dc6213ae-32ab-44f2-ab19-f8f49e123f71
afd8c0c8-ad55-436e-ae7b-1f5f16062fa8,c36324e9-c0bb-4adb-a314-d67d4009be6e
8c2f9b3c-e7c3-4ce3-99e6-be27b5862312,8f5ecb32-b813-438d-a89e-8b3fba049009
9b1f7737-af17-4bc2-a42b-4ba25b809920,6bd50cbe-5447-409f-9608-0fbaed6a748b
83c17f0d-7ce8-480c-9c8d-509142522f7e,fc2e49f8-2135-4da0-9040-74cd1cce6667
0e4175d4-c4c4-416e-9388-f22f041a45b2,3b78ef42-f561-4379-b942-40f610e40042
2e3858ad-2301-4c92-8f91-1021031a241d,8a2d3c40-62db-4da6-a0c3-15ecd7069373
35cc25f0-77f5-45f4-af0f-a821b9c22c24,924da40d-bd51-4a26-81bd-3e8d56a98b17
bb60fc12-3a1a-4b66-97ea-90a36a859765,79d70aba-137a-4f69-a2dd-4210178519b5
7ed706d3-ea38-4378-af3d-e5755a66d431,801edddb-730f-4108-9326-cce244e51778
9d0266d6-b60b-49c1-96d3-97be95951419,b3ed16e4-7091-4822-b43b-35c801905c6d
67738bf2-ee38-4251-9588-99d297b53fa7,e031e9e2-289c-49eb-828a-29d020da2533
15b17e2f-8381-433f-b61b-b921d202470b,34bb8e48-6649-48e0-8372-b5be9499f75a
c5e9f300-ee55-4159-962a-1cc5b155d688,21c8b1d2-08f0-44c6-a111-701f49bedf8f
da7bcff2-5aa3-4471-9e47-aa99dddab458,3966a5b1-fd9a-447a-8bc1-0ad3b576c3ac
9cec77b1-a478-4a7a-8f47-680276b29368,a4e3c191-95f7-41e5-b75c-24185499f8ac
917d7b24-7f25-4221-85dc-3687a87c0cc3,35c3bde1-ca5a-42a0-8bba-cf1060641438
346786a9-af26-4245-96e4-ed537b2c7a09,88c8326d-30ce-4a6b-95ea-d719cd24e142
c5363ee8-e01e-49a3-ac46-e5443eeb51e2,ceb56cb1-1da9-4383-9e32-39ee65ab7846
d6f693f8-36c2-41cc-bcef-29af5d079e16,684f8207-f382-4085-bb3e-95f87fae0348
4084b154-9918-4c95-b57b-a07b4ab90d9e,c36bd4d0-12f4-4ff2-94ea-3ee346e8bd5b
0bf21dbc-2931-4894-a685-0b8a6494d65b,6f15444f-23bc-4bc8-b40b-bf101eaeb595
ffe99f90-45b6-4d08-9dfa-15499c6f5b9d,7039378a-e7f1-4d8a-9b40-5daeecc93ef6
17daf061-9759-4407-83f6-8f45c638be93,7f64c962-f806-4300-862e-16058f7a1676
b4584296-8af2-4dfb-a4f8-e4bc60e7eb5b,6962eb5b-d181-4277-80f9-98aaefcc1ae7
45b2d5de-4728-49bd-8cb6-df771c5f058a,c5e8d568-5aae-416b-9f97-cfbadc401a39
fc21ad61-2906-4d66-a3b7-04e950736b9f,50a3f5b9-a8af-4e80-b468-a37c51f32852
573aabe6-d552-495d-8eaf-13178276aca6,612d4158-8073-48b1-8914-360ab5853f88
799ffebd-8d84-449c-9a4f-272348d8324c,fd36ea75-6e38-4b4d-bbd3-225d4fcd901d
a956fa91-a8db-49ca-90fb-3fe8425c5977,8e8d0aa7-e796-4e70-9213-9842d57c0d10
5a55fde2-dd6f-40dd-884e-adb78b5d2b18,e54e21fc-2e2c-4bf3-b8b4-2669744e76f8
3ec391c3-7be7-491f-8ea5-b5e239cdc649,e62ad907-b45c-4f8f-acd3-4b7b593bc5e8
2c393432-276e-40cc-8ad6-62214cec0bd5,31ac8d62-77c6-42f8-98b9-21e14d37eabe
6891c4b2-ac23-4211-861f-87263efc2eca,75921237-ee98-4cf7-a3fb-df372e789fb9
4f0f7469-b29b-46f4-8987-1e8b67293af9,3f52b04f-2052-4765-aa8b-073534a5644d
6b004b3d-ed65-4ce9-a3d8-c0eda9717dc1,1f6fbb3e-168e-4e88-89bb-3ab4f5c0c2e5
7dd709bb-995f-4ef8-aace-f218060a18a4,7123a807-3ad5-4fba-9ba5-28100438cd75
35aeb740-1ac7-498e-84e9-5ea4e0125bc3,9805ce32-3c1c-4499-96c0-76aabaac87c7
b76657fe-2a79-41f7-bc88-fc6e203259b5,3be60be4-3e39-4f35-a9f2-244b4bf4330b
4483ef6e-28b6-42f6-8fb5-b73e5451aa07,b9f18125-9ecd-412f-8dd9-d6636a5310e3
63c41851-f11d-4680-b7a0-a1bbeec077bc,16e444c2-4762-4439-add5-63f4a559775c
c416c82b-b1ea-49e7-b355-5b9e07d66cd4,4122aac7-f615-4544-967f-ecc66abbeccd
2c630417-d005-4c96-8a32-4bfc6e8399d7,9a8badbe-223f-4168-8b9b-4f567b6ea843
5c0c1456-5a93-44e3-847c-320fa2f63fd7,a0e12c3c-e315-4438-9113-4c0d1f70171f
5b610c9d-eab0-4ec7-84c2-6bd6f4723683,59b37879-58f6-49cf-b92c-9ac4a6f77d91
ce24fa56-2d7b-4cd8-b6b1-1966f208799b,58971e86-3b58-443f-b996-11948657569c
baf26edc-154b-42ee-a7dc-3c48652a0e67,3697e5c9-3cb5-40a5-afb9-0a26d254208a
bf5645f1-4ef7-4efd-a1ae-56869c5ca295,8b7a7e97-b4fd-41e8-9b31-1e6fae825590
98a90347-8d83-40e0-9b71-810b3852e863,29dfd4f0-3eb3-429f-83f0-2c46a78b47ff
abcc89cd-d033-4972-a3ee-668b493c2a9e,84e5bf35-4df8-4549-aa68-6b2cf9ddc0c0
cc762766-5d42-43d0-a573-a8584c34c48c,c1b0f323-6e63-4347-87d3-2a99ec547460
b2616297-138b-4f7b-bfb4-865f07aeb64c,1799633d-70bb-4ee0-81cb-e0a9e9770164
fefc9ff4-01cb-45ce-b5c4-6100067b534a,755c1912-bd0a-4525-ae55-04638ec90deb
3dc044e2-d205-4bc5-804f-0d71b14de297,da297e9f-0460-4701-b00b-b7833e0b0ef1
75860943-fc4f-4fec-a695-3bf32c5fd8f9,92e3ecc4-8b80-4531-8274-93e64e9fb3a5
e8c057b6-62c3-46f4-b1ab-ab9f476a85d0,bc397612-3e7f-4224-8f84-059d82767732
e9b9036f-a111-493b-8f4f-7765048324a2,c44ce4c4-844d-4aa9-b662-b77511c452fb
349afdf8-c574-4ab7-9ede-a4612a79a0fe,f3b31941-8ff1-424a-9fb4-ba64c9db0dfc
6e381a2a-6ff9-42bd-9abe-96a882282a3a,0eacfd0e-4503-4db2-ad6a-89ddafbfe567
dc6d11a6-88b4-42fb-9b8a-a68bb8f1a357,ae13a76a-f957-4f31-bdfb-e53da95cf4f2
89960596-18bb-4f64-a8cf-db1ab3b0e06b,50a19758-a467-47b8-8a5d-713fb952d079
29d2ee80-ebfe-4456-bfd2-f7d2f79eec56,f91b8c52-f1e1-45eb-9c93-f3ba1f06b3b8
6cecdec1-2211-47d7-8a9b-1ca7e60c026f,0827bb54-d4ad-4958-8621-162e44b8d5bd
ca9528f3-9bb3-4b4d-8d5a-06545996748a,17e15a48-8cf6-4a21-9b9a-2457857ad0a2
e04a0c65-39b1-435b-9e12-76b38f7169bf,8586eed4-7966-43ed-97a7-3a419fe0f1f7
386ce40d-899a-4725-b9ae-cb5617a1352f,221fad03-2c0c-4893-a9ac-16341b1bdb74
50607adf-d0e2-42e7-b573-22472fbc39a8,a13d0d24-7d85-43a5-a262-0c28d16cf950
4da31992-597a-4165-8442-6d82623ffe73,3f3f272c-2484-4c17-853e-022a84e3c3ff
fefbe485-d51f-419c-bbc1-e8bc2a923d69,31c3936a-1ed0-40e7-9ea9-901d67e27feb
3dc7387d-728e-4539-b9f0-4ba88ae04eb4,9c500f60-8f3a-41e0-9f72-ab87efbc3fb1
10807da8-c5da-48ab-ac3e-0dd4f266ff07,9ba61507-2822-4811-a4ff-950b8227a150
7d722e2b-ab90-4acc-b695-c63287caca8e,53f65585-b51e-439d-986e-8b9dafda09d5
8740f403-9924-46da-8489-a41c150bb14e,2604e47c-ca85-4ceb-afda-1407d1b9b92b
83af61d3-81e2-4d49-9d90-b1c95c9eb2b8,5a71d7aa-baf2-4598-b921-7b00d2c8014f
b9f07158-51ae-4307-864b-d215d7585ee4,e41b7b27-2b54-44b9-9471-c3d0966bda36
394dc6ac-02ae-4acd-a490-33fd54894b5c,85f22dbc-2f31-4041-a416-ae655addd6fd
fd12cb92-a0b6-4aaf-8103-1504eb3e415b,31354217-cd7e-484d-a39a-13240ee5013c
27672154-81da-4524-945a-c1530f5fca79,0d2b4a6e-c445-4095-8bc7-562fc2e6a0ea
aa182456-113f-4a89-80e6-910c9097074a,398aee1c-1b8c-4f1c-866c-7b8d4655b22a
c147847f-325c-4ee5-85fc-972c6c22d55f,4ae740e7-024f-4cf2-aefe-5e3f3a3025f2
22d9a363-90e5-4351-8955-b2ad458003cf,43abf74e-5898-499e-be0c-9dc922aaebdd
b12a3529-9091-429b-a148-200b8e2e0362,eb468ee0-f117-43ce-a942-cde99f9ed7f6
bc6c7f5e-be83-4b7f-8f30-d0c3a1b06f37,0470b977-520e-48d4-b283-9700d562c83b
6041b6e1-fd83-43c1-a1fc-2beb3954b0c4,c4cb36ba-5668-43f3-a318-a5047531727d
2df8f58d-4dc3-4658-b539-953c98d8fa50,fe59f395-236b-4809-b854-81804d64008e
16c8e25a-e652-4864-938c-f2ab40b016e8,bcd90ea0-ef9a-4121-b6db-17c0849893e3
d219b79b-e46e-4acf-9cc8-29dcd3a1c978,244b3828-5761-4804-8910-9b8eeb55fa73
2d8b5d65-de15-4947-bda2-4ff81374c47c,18de71ac-7d2f-478e-8989-40347167c53a
7b14ef25-86b3-427c-89df-a1a9a803c7c1,f83583f7-3963-429b-b4c3-f4e1f8a8df97
a5bfe10f-e7c5-4d8a-94b8-e4830841534e,4ae2c891-0b81-43cb-b11d-1e4ccd8791ba
10d60f7e-6766-4b4b-9463-7ee9f2519bc9,97df628b-50c2-445d-a630-54dedf208005
f9c19e90-cee7-4285-b0da-e2a10c4cd8cc,cf84d2a4-42bf-476e-8ba9-be5035f153bb
43ddbdf3-f3d4-4343-99a1-679cb8d41a2b,a5d6d9bf-54e8-49bd-9209-817fd85e5a11
9f233486-3914-420c-9bdf-7ad5bf5241f3,2782f5f4-a7f0-4e26-88d7-786ac7dc1806
c8ee30b8-d440-45ea-8e9c-f55408e3f6c2,9562f500-168e-426b-931d-8612f141275f
b7373fbc-0e62-4d92-8b4f-9b4ef381149a,985d4292-27e2-4e4e-8196-3588762ae305
4b539278-908d-4de7-ae94-a716724cbe89,11d4b0fd-624c-41a7-b0b1-3a6fe3e44b49
d5bf9f93-f71f-4b5d-906f-6bb80c078f18,1e8f414b-cf6a-4298-ba7e-034e88757368
1122cef3-73b6-4399-a584-c09923da8fda,57c68a41-1909-4cc6-b743-4563be9c809b
66ae7326-7dea-4265-8b9e-4bbf7a18da0e,9d86b6f2-2dda-44da-85f3-5c69f13a8187
576b8e97-7e7a-49fe-827e-c5644526066a,f8c1dd02-c7c3-4a30-8276-12d28ce54d77
027aa71b-8297-442e-b7c6-e2c39c1e8858,19c59afc-1a93-4a7a-a6ad-dd34a175659f
e454f708-30aa-4968-a7fd-186810c762df,65be73bc-d465-4724-930d-63ba449f95f9
49a86351-55d0-4bf2-8650-e647c50e1999,f23ffc6f-868d-479f-be25-74f2de4231ba
6f8f87c1-eda9-4086-ab77-9d42e98dec53,8bf7ff9d-24de-4282-bf11-46a0330e90aa
57d30205-8f61-4b84-b062-89cdb030b21b,ce6a0a7c-61c2-4387-80fa-d7fe7bffb8e7
115af725-09cd-4699-b378-a41a7200ffa8,82ec53c4-a174-4c6a-8417-4984963b8bc6
34b9d0e4-dfcf-4850-9ffe-4fe9c0c4d44f,322b1247-547f-488b-8aa5-12f58678553f
2887b9d6-69d6-415d-9c7d-237dac2ce324,7d60b58f-9749-4d68-a523-b64d78bf115c
de3df863-01a2-432f-bdab-5c1ad807a301,6382e658-5fea-4157-98ca-8b0fc9cbf444
37cb2487-fd4b-4180-a8d4-6c2a56cfd907,6e7b4886-797b-4550-967b-d0f72fc0bef6
a805ce46-39b1-4d23-a976-230c2374d67c,f7d0a775-72bd-4b25-8b2b-da19ae2f2724
fcc1008b-ae23-47aa-81cd-4cf4282af8a6,21329707-d296-46f6-a099-a798008084fe
4158ce1f-7d46-44c8-9438-7da157cff978,225f95c5-67e8-4246-8282-7bbc4f39dbe0
46706f74-eb53-4904-a701-19ba8dffdcbe,6e7547aa-9c30-468a-ad4e-c5d9b818251c
29b453ef-f37f-4267-80b7-4cdbe106c5c2,9144f1d7-4feb-497c-b8b4-bca7439e5e43
7397ea78-fb9c-4b04-a42f-d2e79d53b21a,0ee2e7d8-b907-42b7-83ba-c8da9351a8e3
728c5827-d236-4290-9690-26726b2fefe7,67efd110-434f-418f-ba82-7bf931f41214
aa15faed-f8c7-440e-9f0d-64ff19b18cec,1cb9bac9-3edf-42f0-97f7-b61b2a35d952
b302fab3-fa5e-4c79-9746-3d4552ebb10a,b84556bf-ce70-4e9a-97ac-323f35a46b8e
23eaf1d7-3563-499e-96f5-cbf902ce2a16,a1983e79-5ba3-4db0-94f3-b5164855ff0c
bbd4788a-b89c-45ef-bdaa-e775a8b1a2b3,3766924c-4799-46fc-8213-aa80783e40c5
eefd275b-b705-47a6-b8b5-c71f44601212,2d2ed411-21d3-4606-aeb1-dd0966e00448
8a6fcd51-c79f-4f7f-a57e-78b3f9739101,322b1247-547f-488b-8aa5-12f58678553f
67814cba-4fae-4683-ac01-1bdedbcfc603,fe739c8e-b944-4e14-a021-d36b7a19a4c0
263c489b-d913-4fe8-a1db-0ed97fe13c70,467ba8bb-d3f3-4641-9e51-49f68557234c
a04394b2-3232-4406-b38c-cfd91edfc165,21e7ae28-76fd-4fad-9f40-537046755e0d
2d039845-f9ac-4bc8-a6b8-5e669fc31190,6b37bbb0-dae9-46e6-8863-f7d5704a09ef
6edee0a2-d7da-4118-a92c-7a8834b3f361,06314f89-e432-49e0-972b-d0db6788a58c
c2384a04-692e-4d72-9d0e-4fa050b50a49,5b6045c6-db4e-4aa7-adbe-6d538fde8f26
9e4bb5b1-6aeb-4107-b48e-1cf9625871d7,d3f79531-0874-4a6c-92ca-1d9a6772ea45
0091c21d-ca11-43a5-950a-5f93dafb410b,7eec1c35-48af-4490-bf4e-a4c69f952874
5a6bd6f7-1ff0-49ee-81a7-5011449b1c0a,543be3d1-a586-4c77-b1df-f37add7aa689
ce9704e5-3a9e-407a-81ef-842494df57ba,66dd2889-9107-4a9d-8e5c-da74763af49a
5d3b1f42-940f-4e08-9994-6d3c8f703b3d,ff2cb81c-acb8-4ad8-9e92-84535cb9ca5d
96db2605-b5fd-447d-b430-f58a5fe5cb96,10a1ec2a-b680-48d7-bccd-3dcfc9af7136
9df2cef1-516a-46c7-939e-cd5db1028f5b,67ab18f3-e689-479a-ad15-aca3f9ec52b7
c668be3f-45ee-4d2c-b99f-ec955a4a48a2,f123e71a-f315-4718-ba6c-bef830644ebd
bf881947-0761-492c-82e2-0d9873c7ecd5,db8c04d7-dbb3-4137-a656-e3a3c1dbbd15
8f9d3289-8691-4b4a-bec6-e23c06269fcf,c9a9239c-50f5-4e93-95ac-695575670876
ad72e5c6-7b91-4ecf-ad68-00db5510fcc2,84e86f9f-982a-44e5-8276-6b0488fbc608
a1f866e4-b6b0-46b9-b630-5cc1b489dccc,bb46e9d2-7018-4af8-b28a-ce75cdc3dea3
f8b41735-3c7c-47fb-aa2b-7aae3f149ddb,517630e3-59ee-4f12-9ce6-6fbe875df1fe
03ebe8ae-1188-4115-8e92-2e547574caed,1b949ec5-56e3-4548-8042-ee141f212d50
6125cab2-7408-41fb-911b-e8a670916700,432e5475-dba0-4710-ab7e-9415888a5937
83f514c9-27fb-4397-b13d-f7f3a70809ad,5edd1daf-986a-4ae5-ae20-5285108d22ae
ffee35c8-6e92-437e-9e46-17ea09d0a67e,c560ec0d-7aa2-4ff6-8fc6-20b6e8f81572
047133c3-6604-4c9a-a171-2f9fc211d1ce,b8949330-cdf9-4859-b602-029133746cb9
3d076dbe-732a-4732-87ba-0934d0e926d7,71bdf84a-7996-494f-b38f-0e11c04b9757
728320c4-72d5-4b40-a21a-29700d4cb07f,79ba6262-4ea3-4868-8f93-89c67db1d861
aba046b9-5cb1-4e14-9d5f-9d3b7a13b977,f9ec69c8-e108-4ad5-9fd3-2926003414fd
61773a46-444d-401c-8f1d-5a19fc7a3a7b,f6f628da-1ae5-4377-9760-96a4e21aff4a
fbc87067-fa2a-4ac2-ab90-3acb0ec607d7,593a4cbe-9cb2-4e39-b74e-6a6d11039518
db3616c0-eca0-4265-822c-fcc58d1991e8,68d6f998-d1c3-4fe1-94bf-0edd7a73c2ca
68df8fa6-3555-4a5b-bc60-71577fb667f2,d8d2aa90-76ab-4193-af95-b6eec92fb200
1f3d20cc-6134-40ff-a975-1c6801c11ab6,521f9661-f90a-43c0-ada2-31d19fadad42
62a43d20-fdc0-4f44-8574-b3197cf98556,dd59448b-b3d7-4d9b-98e9-485e00bb3a29
226b06a7-bc20-4407-b740-5c76910e249f,ccab9039-ad64-4fcf-b786-7a03916dea28
f6b5021a-fabf-4d5a-b0dc-408acd9d46ea,5c1f4072-6206-4f9f-b366-905b409aed35
862b22c5-5ba6-45ff-bc0b-9ee0ceb59372,ab6f6b72-9498-4176-956f-33966965c853
11c5cca6-2889-44ee-b65c-dccd783eedff,d8c27aa5-41d4-4931-98a0-000965070a1f
2e05c2f9-458d-4de8-a232-91b33d03b4ea,851b5ad8-ba9e-41ee-9657-26f75abd78fd
80816594-b852-4bca-8cda-b50578d9c5b4,a8924cb8-3cd1-4829-9cc5-0bc049a8fa85
b2c087a5-4f19-4fd4-9c98-01c453c4e9bc,ef9b10b5-ccd0-4186-9cf2-06392a87848d
8e99571f-3bcd-436f-9d3f-fb40c24a833b,c08fd68d-22a7-4940-b087-8af1785d3610
62df006f-8387-48f1-985b-39218c9106bc,36a51e00-4d3b-4d72-8675-817c6f240f62
87cb9ba5-c7a2-4896-99c2-d54f63180262,d40d1e5d-cd6d-4ac5-b990-2aad5be620a4
b398f31b-a457-42c5-9943-90a19b12884d,c56ab582-bca8-40f7-ad73-4699b7907037
4c4bd9f1-c73a-4a30-aade-f64c2aaee529,14ae673c-e5a3-468a-b0b7-3999006f2a09
ea26e805-fec1-4f72-b873-9500bd70f609,c91326bc-bb60-4eb4-be08-36b53e42669c
32648835-f8b6-4d72-808d-1f290178858a,73b1129c-f15f-408f-aefd-f394a7236949
641744c5-1e2e-4f76-b652-9049e3178202,c33697cd-7e42-41bf-8b30-3534dd8285c3
3810300c-9c68-461c-ba09-4b25790521d3,fa58d6aa-3075-434f-b08a-47bd0f416a5e
670ae722-0316-414b-94f4-457bf849248d,1f460637-99bf-457a-aaf4-477a56678de8
ec413baf-b50e-4c35-bc9a-1f2051ee760e,c76f942b-eb97-4b01-a4fc-a0fe8f56fe7e
d2d1c58c-6724-411d-a85c-e90b81891c66,1bad7c38-6a26-4449-aa93-dba51dffc63b
c75ecb0c-eca0-49a5-b3e9-dab6645b9ec4,7627129c-cf2b-49df-a1d8-aa441874bd4c
6b3f0507-3396-4239-8044-54ce89060475,843bee78-cb94-404e-9b71-cdc881d2156c
28277fba-2969-469e-adff-b1e01d2051d2,5c6908e1-c8dd-4df8-ba7f-8858869fb1f0
eea3f25c-64b4-411c-b84d-272db5476b7d,c175789a-46e5-45be-8a9a-c411d656205d
589647b2-8270-4929-aa51-d47adc7803f0,83075957-2045-4b44-9463-3a8e4e867302
fc5d0427-c49c-4f00-a564-32793ffdd1f5,b4264ee4-7d7b-464d-bff4-7f2be537ade3
b0697642-5774-4a3e-ae3d-29ca0eb172d1,dc6213ae-32ab-44f2-ab19-f8f49e123f71
da808bbc-a6e0-414f-a665-a706aad294d9,d24f03ab-2210-4ea1-85e3-9a4a9cf41a78
77eea3f6-ee66-43b6-a2fb-e8d1a13924ee,28314aa7-5627-4ad9-9c8c-7938ed77bd08
12f16ae4-9425-499e-81ea-0245a6c6c805,44906e37-c8c8-45f1-81c1-278643c494a6
6437cdd4-9acc-4def-8b3f-9d0c53740162,5a949351-8790-4a8d-92d9-93159adeda2b
860d8592-9381-42e8-9e98-2bd953daea7d,e32d3e75-8556-496c-80c1-26772e905085
fd2625a0-1d22-43bc-99d2-473fa7d676e3,0bea11ac-bd68-4402-b1c4-de26590bf225
c6295a54-c059-485c-bdd9-551ea144b1ea,65e05475-41cd-4573-a4b1-49e56ed89cb2
aaf655dd-7fa0-4e19-a7f2-f0d4ee586dbd,260e78e1-f19a-4fdd-84e1-3cdeedfc742b
1bf1769d-56c9-4459-ae7d-5e0e6cb5eddc,79a66cbc-1278-47ff-81a5-e8c94d837f96
dca9322b-b8b1-4ac9-8da0-beab1241214e,ad6288b0-c349-48b5-b0ee-8c059c367b31
7e2ff06d-5a06-466c-b15f-8718adb84afc,b53f4fc4-e29a-4c05-b9bd-36025dae2b70
28536788-0fb1-4a65-b91e-2000bf99e93b,9729166c-865d-4a56-99e1-0d46fcd7318e
d45a0496-3256-4a0e-9a74-d365cc2ad97c,7b420600-f14e-44bb-a0e6-ed3a11e034d0
95f44f83-d9d2-4452-ae77-1c4e6315110a,14190127-ccc3-4fa4-8f07-d632c23cc4e0
3ccdfedb-3e0e-4a04-ab09-0196401ae624,51278f03-76cd-44dd-8862-460a52085604
e34f5b94-17e8-4ef9-a3a2-46ab6e7d3cdf,8bd51839-3442-4ef2-82bf-e4e0b9f2b0fd
7016a279-2ca2-41c7-905d-286972da687a,c1ed1628-4483-426c-bd36-cdd5c93e70d7
6be25a86-1b24-448a-ab4d-ee167f532901,d660ca04-d23e-4dd0-9a2f-f0358da58283
9b0344f5-7f22-4a6a-9dba-08a8386e5532,74ebb7ee-cc49-455e-837d-89e488241a0b
3caa72e1-f462-4a39-aca0-2d7cec7192cd,322b1247-547f-488b-8aa5-12f58678553f
28505dd2-092d-45a5-a038-cbb4e1ca78c4,ee93cde5-0e6a-4871-a22c-7cad2a0597ca
cb26eea5-0abc-46c5-9574-3a40f2de24c0,3167d95a-2b3e-4e89-b77d-56045780db36
5294cd5b-8013-4771-b7c7-468a7b6f9ecc,48cca193-f38f-40ff-bff1-63f59941bed4
f62d6360-3135-4961-bb46-e9cc9d128706,b312ccbd-460b-4b9d-8c82-30f156916a6b
69225158-6af4-4b25-aab4-382c31578b72,4b9f5352-d218-4dec-b498-7e23e2e273f4
cfb17ed6-36ca-4b5e-9047-4558a59760ec,103ab8e6-8a3c-4d53-aa7b-0e0fe1fdbbb9
e6fee97f-291f-444f-bf99-5d9c93bdb4bf,8482e02b-3670-42b4-9d58-2c77ddd2ef52
0f80daf6-8ea2-4698-9653-70193f4750d8,a0752907-c9ee-4504-9ec4-a4f5416a0f02
e75d6cb1-3a86-46e3-9ed7-98ea8f1695b1,dc6213ae-32ab-44f2-ab19-f8f49e123f71
8fc2bc4d-b442-4c95-ba54-d85e85772a09,b809e7e3-a86a-47ef-a7c2-8c807647f8e5
3026d7a7-cae9-400b-94c3-3e3b249c66b3,5a8fe2f0-3413-4084-ad11-56b443bfed9a
d42d91de-6899-44ec-9cde-faff1cf33fb7,4b602ae2-f434-4e30-b85c-48b6469b6202
e10e6951-fd9e-4089-8d77-0085fb9a8cd4,b19f8660-18dc-4de4-904f-2a699ae6697e
e6cbbeb5-5527-4657-8f7c-b9da496335f6,be09ab90-981a-455b-a7cf-631acba9c45a
9287b55c-9948-4539-b36f-850198b600bd,c12df3df-647e-45ba-8d29-71e639e91e6d
0e3c3d95-53c7-4ad2-9b55-4d8f2759ea71,ca87b3b9-2d93-49a2-879a-904bfe0d824d
0d2d574c-9b83-4459-b07e-b36264bf71e8,c7f1f1e8-464c-42fa-8a3a-d317d948e40d
579182a9-082f-44aa-957f-f6f52994cac5,91289575-9fb7-4b49-aea5-1ff29d357d76
c6c565d8-2881-443a-8edb-9a6c08d175c1,425292ed-ca25-48b2-aae4-22f121e40b60
a6e27027-9a8a-4360-b019-7fd65d4f14bb,0d89ec67-d625-4a89-ad9c-30a9a9ab8fa9
57b7ace5-1d68-4ce7-a283-8ef822a87f5d,83af0e23-0c94-40cb-abb8-3e294147b262
5f545774-1c30-4a80-8f5e-fe7d274c8187,a30507ae-3a1f-497b-a251-fe10aad24d85
348872e2-6e12-488e-bda7-0aa0a718640a,f464d156-71e3-4766-b613-72dbbe71d0de
fce8cc73-2ea2-4939-a48a-e4f1efb1d951,0e918b8a-3b97-4a73-9ec9-c98c81e7a77e
6b9ebc78-f4f8-4571-8827-648de9adfc57,df721b4b-8700-4759-b9bf-d61d498ac1c5
80c8f1de-7065-4fa1-bcbc-e6645ffc5e48,6bf3b69c-e2bc-43bb-ab5c-0c9ab794df6d
fd06a035-9e28-48b9-bcc8-4fc76089cd15,6042242f-0d42-4690-869d-121ca5afcf17
e8ee8d7e-1b08-4331-a25a-27d4f8296f7a,856f2d46-a7dc-4796-b1dc-108a23eaf8ff
a93be80c-5315-479b-bd17-732b44b5af9f,de550fd6-12f4-4a38-a22d-8ee74eebe7b0
12f2aca1-eecc-4675-a82c-938424b0e17e,baf72d69-5548-401e-93f1-8be6b58f9086
b15b5723-aa2d-4ada-bd68-36d4d64526c4,b7b30030-23d7-4291-a562-5bbb271b5619
2fa30921-985b-4284-9308-6fd0f2718b0e,fc8466af-37fc-4eee-acb5-c2febd428597
a4ba424e-ec0f-44cd-bf26-821f17f2dc6b,62c954e9-5cb9-4742-bf62-579b12ee71df
727fee49-7886-4b1d-b6ee-4e5d7e05367b,603dd131-7328-4515-91fa-6c155c859efd
de8666ef-05b0-4baf-b417-bf394ff74350,322b1247-547f-488b-8aa5-12f58678553f
f2e5e3ba-b5cf-43df-812a-8b8b2c90bfb8,6e928960-4779-49d7-855a-e3161d924314
25d1d387-5ab1-427f-9678-12c07619d2c7,86b465f5-a2e3-4333-b9fd-4fe5d2d547df
d4a4674d-3494-4ef9-8614-828e8d31de1e,856f2d46-a7dc-4796-b1dc-108a23eaf8ff
8964c795-b759-4f86-92ce-cd0ab5b1b076,060467d0-782a-466f-87e4-66282f025a49
a4ac48eb-69e6-46ca-adf3-435a0e1be1fc,8f994fd8-ccba-4d90-bb94-9b61739b1b52
b4b302a3-cd49-40ef-95fe-f11dd33fc926,74522ba8-2e92-4839-82aa-fdd63601084f
4a804441-59b9-4363-9a8b-efa160a99acc,7a1d8c13-9129-432f-8af5-e5c69a12e92f
12b47055-f777-48f8-9584-a7aebb0b8899,bcd90ea0-ef9a-4121-b6db-17c0849893e3
e1ec1e61-9651-4bda-9c5d-0eb575558a62,d5dd81b2-49ba-4e0b-a0c3-78ca1aa02e1f
777b5342-0279-4dca-b152-75b765e3dc4a,985d4292-27e2-4e4e-8196-3588762ae305
b2143b05-c54e-4799-90cb-009ab5bd8264,378a38c6-36ce-4bbd-8d65-eebccfd7fcb1
575c7d9a-c487-4752-a686-c8f7b4e09023,dbf1cc16-b331-432b-a799-acd6d3ed034f
752559b3-8171-42b8-9c4e-395cfdc5c4c3,ea58df22-ef2f-44f3-8fb7-60d0682364dd
ef1eef56-6a48-4678-94e1-299eb12b626a,ab8bfcbf-1615-4bf1-82d2-ea7f41bc1b2c
3735bab1-13af-4992-97cf-c1943ecc7f01,b29c0e55-5daf-4897-87db-1ba11fc68cd2
f14a7ca9-9f94-477f-9a0f-fce02e2ceb97,ec5d1679-8f8f-40c6-b844-05d388689eb1
2d973392-309f-41a1-826f-b11df31b8aba,8bb438a5-5f59-4731-88f6-deffcea77169
2affbb38-eee0-4423-9e8e-a28ac8ce1485,e8e54e2a-4333-4249-94d0-eb0e1255ede1
8f4e19e9-df9e-43e1-87e9-e73f6df7b193,5dbc8a37-ecc2-41ea-b0c9-00d6613b6e00
23089dad-1c20-40f5-b29d-7910a2dc864d,18d9722f-e105-4609-a812-439c10812ea8
ab3805ab-0d6d-42ed-8b6a-50850956661b,753f7a43-53be-44f7-a28e-3106dcb63fd2
5535dcc0-05d7-4285-96b1-64e0007eb1ea,efa77619-829f-4ec8-be81-1043762307af
2abd7ce4-00d2-44ae-a2bc-d490b63303b2,d562f808-af12-4c0c-815d-03ee886c61f6
84c7a221-8885-4ae6-bc3d-2a9449bd8c23,0ba9fb2b-7fa7-457d-9f9b-098f12dff43c
4ed6cbe2-fb85-4108-aac4-4cc10dcffaf0,9ad4730c-9cdd-4891-86a8-850a9e2423fd
6c0c3180-9f9c-4cf9-8735-8f60e2ff82f6,7176d28c-501c-4a86-b8c0-8aa071407dfd
24c24fa4-b44e-412b-953f-b1b6b609eae0,5dab7e84-0151-4206-ba70-6aa3cd9292e7
fd1569ed-019b-4156-a6a0-f1c77f22bd9e,6693f6d0-602e-4506-b7f4-82fefe615548
937897d7-5ae2-49e7-ad20-7a6b55bf492d,c52583ee-7e2b-4f65-af4a-58b9be52690e
84ab1a0d-ba0b-4238-9e03-cfca7b3875bf,ad616401-319d-4890-b540-c5a584965ed7
9a4f48c7-6a0f-4ea1-9d92-a32b10d146f8,3d3263ba-68be-4f4f-8882-c1ec44e2664a
61721cc8-8d61-4960-8f7d-d3eb9f178705,a213e317-a8dc-4151-8cfd-4141a21a7ec7
c1b7b611-9f83-4252-82c7-37231ebfa471,c823226d-79bc-4dee-b7ad-12e1afb4b429
d5b305fe-0f91-44a9-a287-af5a641f9dd3,38af0080-1924-402d-9187-4ce10d25a03c
259ceb6d-fb4e-46b7-b0d3-11c48974b68b,3e7134da-ae24-4fa2-b7f8-8b326a04a735
df8106bf-283b-4390-b0ee-31a1de976904,59c10e8e-bfce-496f-ab90-010dd0a9c0db
27e83d5a-1aff-41f5-9d61-9e9483b4ae83,f7082973-823b-4bad-a799-0b706ccb79a0
98af9e08-d6a2-4328-825c-f0e2be0b2878,259fef35-dd53-4cb7-8110-d997e94eff9b
1e0a526a-9985-4321-97c8-be0692d4ae97,c00b4453-adf3-444b-993c-ad8590f2ca12
72ecc564-bdd0-4e89-9c80-70d1597e07db,3dd37740-aa35-42a2-985a-fd11942f3417
69fa2682-2c29-463b-b518-1aef02299867,8e555da9-f429-400e-9fff-425c1d754515
9599e509-d985-484b-832f-d538227015e6,1cacb35c-5318-4fb3-9687-e816e96c850f
b229f7b1-08a3-48b9-b5db-5238f66d5b8d,0b74f4ac-5fad-4970-a8d1-7f3bf4d88a65
673075e2-3adb-4206-92f6-76f1d7bf7dec,2d985c89-302f-4736-9726-9b9d21ce998e
d07447d8-4737-4ed5-9bb1-8b7b87eb2e37,0354c2dc-380e-4e5d-97f2-f3c5e986ebee
0da1663c-feb5-4641-a972-bc923752f379,e89b0309-4007-46c2-92c8-013d248585a0
0f89d629-fd9c-4451-af2b-6f55c7dd8899,cdc8714f-c2e9-49f4-ac78-59220f10317d
fbe4a08a-ca8e-4356-9551-39f16da15b67,addd5f08-c64d-49ac-8c4e-f4235f060e77
e4f0b551-3282-4ab2-ab7f-70a8fbbd1e59,d77f435c-f938-444a-a56b-f13041a9e50c
1b2bafe7-250c-4fda-a463-ab123b71cafe,0cb2656b-84b5-4e6c-a9cb-7308c48db5b6
adb89f52-f890-4564-a38a-42dc2d3caae1,39e7e987-8ff9-4109-bcf9-8fb9ddf71004
1b94b1b4-b9af-4284-a462-aa46b3ca771e,9850efa7-d7be-4e34-8acc-492241aafa97
76dea87c-ef66-4760-a787-2e1574e2ebab,c8c55824-e156-4441-85ef-1773224e7860
121479ff-87b3-48bf-a8e9-16645dc4c549,cc2f998e-78d3-4c8d-a79e-3ec68f43742a
f45be99b-897d-41e1-8306-20ff31be2712,6edd9534-5c75-47e6-8c0a-10f41ddbf82e
73953411-55f7-41fc-a6ea-baad9d4a0570,8293809c-7c80-47f2-9b9b-4179c3d6df0b
53d0f1aa-e992-47a6-9812-c8fedffc4fd2,fb6e34a1-54fc-4edb-9216-2776baaab42a
c08f430a-8cbc-4897-bae4-a01ee68a3107,f66a36ee-2a0f-4450-8fff-e751f571e4d6
1d282e4f-238c-4265-b9a7-6902124bf657,2fd28d13-bc1a-4297-9ec6-7d722bc846cc
59c166dd-abec-4d48-b6fa-74df89bc4c00,7da0c838-832c-4aab-93c2-e66c307ae0af
93aff018-ccfe-46e6-bc06-0a10a9a4cda9,22fef77d-31c2-4e04-928b-123cefe86cc6
c86b202a-ed40-4375-9a26-cbcaf7863909,107fdd5b-2476-4afa-8c67-358c10402539
7cb52128-4b73-4dee-9418-8a5a88188941,e0cea135-508a-407c-89c7-5cb3e2faedd5
6be45610-bf28-4927-9880-33383293533e,96630272-26b1-489e-b68e-c81f82c310e8
807001c2-fd5f-469f-a2ba-e5cc04a3afb2,f73bfeac-8f57-4aa4-a565-eada5c714381
e14afd10-1899-4f94-9967-c33093345114,c479b7bf-cd77-4f77-87d0-7c7f4b05d687
48b6fd47-ea26-4e05-be49-98e26af9f9a2,21725409-8c14-4648-9caf-febae9c4e0b1
2cb97003-f1e3-4417-81c8-84fd9eb7c9b2,1eda4c66-60d0-46b9-8964-1da8009f1e93
00173080-fbb4-4c88-94ce-fefcf35d3a4a,5c0a05a0-499e-440f-ae36-c62d701522b7
f6a2f4f5-0e78-4462-bcaa-6d5df76cd13d,1ba3ba20-b8dd-49f4-8ca6-85967f33a893
97fc5394-4fe1-449b-9913-72ec3b1d14a6,45f769fe-025c-4984-912e-6c28068a3d14
1d7324a1-b117-46a3-8aa8-d25ae69f6570,fd168b69-8000-469a-ab7d-15dad787547b
a852b3fd-6cf6-44cc-99ec-2517b0d744bb,5e318eae-06f4-480c-be93-3f784cb913d2
16ad9bff-1016-4161-b707-92e21c604493,f6879664-2209-4e73-bda1-58712615ee26
c6b23b2b-e76e-40b3-9a63-26c45c34481a,08013507-0fca-4af2-8b94-b32ccbaff1a4
99774b82-d8c6-4c3d-834c-476042ee474e,9b6d09e5-f9ab-4298-9b9a-a6109fca9909
890e9120-06d0-491b-a0d7-5003d2b39eee,c3a59201-6f32-4c1d-9df3-07297d231cef
80674ff3-cb87-4960-9e8d-b1bf5485e0c2,21171e81-6db4-43b5-b822-7a18519516c5
1bac2cdc-e320-4c99-9b5b-8d20fde6014b,69b34bcd-8e9b-41bd-8b29-2f3e87453063
73e08966-4177-4cfb-ac90-637a76b0e216,77a42a2e-7fdd-4586-babb-516624294ce5
a2234d0b-e142-4a2f-9959-b94b6597f103,e1e65ffb-0ab3-4c31-8b58-a2bbfcb191f5
3afaad07-4db4-4d7d-bcc1-e2ce836c09b7,79ecbf6d-b397-429d-9ecf-94eab34a0e48
d9ad5976-e642-4e07-81cd-b7235ca50af8,34bb8e48-6649-48e0-8372-b5be9499f75a
5017462b-21ae-46c6-bed6-888ac511a7f3,48ee7827-ba8f-42f8-98fe-4bd85da91c24
08fd0c46-faf8-4b97-a3fb-2fc536eb6ce3,e787ebd7-2c3d-4c2b-9e76-fb9e640dd8cc
85ce0f6e-4b6f-42c7-b04f-5ec2cb7d5096,e9b504e8-ea97-4f18-a482-34d8a8221083
01e512be-5ce3-45d6-a89a-13b62600834c,0ef7b6a3-093a-4deb-b748-3bc29e72bf03
2f5669f0-f7d1-4435-813a-c739db1f3bea,5cd99b68-082f-4df9-ae42-80edad2b8fe3
c42699ce-f2fb-4880-89ca-5e070817d857,c0144071-7b28-4d61-ad87-5bbfd91947ac
6ac856df-d1a3-48f8-b1b2-00ef7cc31469,afa9778c-5779-43d6-bf4f-7e72d7e6efd0
57ba6ae5-b516-4f68-b718-2c2978fbdf33,26488dbc-5807-49ae-8e49-8e72d1579123
64c3420c-956a-4ffb-8bf6-25b480f239b7,8da1a5fa-3b0e-4111-bd2f-9f023b141bcc
5416de73-8a64-4a10-baa8-b9a43980a50e,a8b0c983-4d12-42b5-b762-958d151a08c9
3ab4ee7c-be37-4f03-bbd1-91e438a4c0fb,ba21bca9-b29d-4f84-bdf8-7c8195beb100
a9a426ea-4888-4d0c-8b83-1fcb10fe1786,5af1823f-9fe7-44a6-8e93-cddd0ab59336
c0096beb-eba3-4010-9b9a-1a9baf31dd20,926edf22-61aa-43f2-9fa3-72803290faaa
4780e0a7-1f8c-4b1e-919a-b5265024a519,c25177cf-f802-48c8-9e8c-e63241448688
9747b284-918d-4039-b517-81809a1b33dd,4a42fbfb-9af2-4a7c-b2d1-2cdafb508755
27a052e5-76b6-40f8-854d-cba3b29d5946,3fd27500-fd6d-43c9-affa-3ac3c377e837
7159e6f3-7f78-4a47-8a20-e913c6480312,39e1c2c9-5f0b-4373-bec4-8facdcad4eec
acf96066-4e10-463e-a3e9-65a11752c77a,8276f297-7bb2-412b-b889-466454f2f26d
9abf7c7c-f88b-442e-a0a4-c9f8fe34eb32,8113f770-f57d-4c80-8ce9-d2dd71f756b2
7125f1d6-d981-4372-b593-9ea425cd6392,ef990ce6-8319-4a05-b361-bd0e6a268c00
a98eac7b-8a05-480e-82e4-8ca012b7a6a1,d4dc2009-c178-46e4-b523-ac058c6413a9
4f699982-c2aa-4a04-8e29-21de143709b1,89e57fcd-2191-45b0-b3b9-b8030f5c1722
e2037b68-01a0-43a8-83df-4d406f05d01d,61a069ab-6d9a-4ec4-b08b-e34980387ec6
948daf06-5221-4704-992a-7f81dfe465df,8dd673b8-d460-437e-b33e-3342340c33d5
fc5a722d-4fea-4d29-8585-9491e1ddc221,0c3014ec-7369-41e3-905b-2af1a2e16609
09e3282f-9404-42dc-a4bb-e6dfe7bfc17e,64f2feb8-c2c2-4100-b33a-e591b6d5af54
