device_id,device_type
8a0dce40-2079-451d-b0ed-c3db3c847b05,Mac
18f65815-a128-47b6-9571-da00e49e4d3e,Android
1273a886-9ef6-40eb-beba-f61611928718,Android
447e8b94-b61e-4832-b5ec-c5c37da28331,iPhone
4301d85e-da32-4280-858a-feaebbb5d123,Mac
e5887ad2-eb14-4701-b135-57b5b42d1931,Android
1a562361-f9eb-4e97-863f-7d1307d1398e,iPhone
2f691d32-0184-46f6-aba3-f30c620b798a,iPhone
9b6c942e-488f-4cc8-982b-b21c475a5f10,Android
af9cf34d-bc32-4684-9952-78a1f7a32529,iPhone
cfd39a3f-3404-47b1-ab21-822908f04e7f,iPhone
5ff956f2-d950-4bf8-9a9d-71e2e14992b8,Android
159e0ee4-3d91-4fc5-bb75-4800f9e7798f,Mac
9b4a73f7-8d87-46cc-9a0d-6c3e32eaeb8d,Mac
e6434e09-a1a9-4d4c-b002-f67aa0a0df55,Mac
11dfca1e-36d7-4271-b896-8f39596873d7,iPhone
1850b207-b8d2-40e9-8ae5-ba4cd05a94da,Android
497c98c3-5103-4b6b-a620-18b4ca33526a,Android
a6b7be99-276a-4128-b756-f017db2d56e3,Android
668b8c97-9c0f-47c8-a962-e24a6dc9a5a4,Android
50dff29d-b7e6-4cbe-9a08-7c90ffa0c9fc,Android
397786c8-9404-4f90-9bee-e7a73768ffa2,Mac
893d100c-c97b-45ca-ab69-59289b03ccd8,Mac
0692a482-33c1-4e76-88b0-82849538f327,Android
e95a5bb7-0ce4-406d-9dd2-3ea463c5c44c,iPhone
c65b302c-7802-4469-9e90-47a15c52b485,iPhone
bedbefbb-3bc8-4a6b-9430-8d82117c848a,Android
cd16aef7-894b-4a45-837d-3ae8008cfb88,Android
2d076801-ea09-477f-84ed-d740c71c2936,Android
0b6a7a1d-2eb0-441a-9c2b-5aa979268411,Mac
10780afa-cba2-4ee8-9179-8b0869d4bf00,iPhone
01bd8b79-7cfb-4170-8b55-bdb6aebb33e0,Windows
b3b999ad-e3d4-4602-b810-ed616962005f,Mac
d8c284dd-03e0-47ac-a2c1-0a2c39ba128b,iPhone
d1eeb489-af0c-476c-8a8c-dc2e1237f82c,iPhone
e9cbd7eb-f7b5-4bd9-b1b0-c4c62ee38718,iPhone
c29ff2fc-d99d-411e-8809-383a5b2b4929,Android
f95a15aa-3f29-4e95-a8b1-af239990a878,Windows
3a5c8865-ffb0-4d0f-949f-69dc1c625754,iPhone
039ceeea-1e72-4598-8739-bb781a6ee4b0,Mac
c315c932-29ed-4363-9b8e-b8798f1ac21a,Mac
be21bf70-b273-4eef-b32b-9c98b964baed,Windows
67d98f67-426d-4a01-a765-ff99ebd03964,iPhone
90759917-da8a-463d-9c06-16b413603abb,Android
8e9c0e43-b19e-47b6-8f46-6bce37563a8b,iPhone
bdb0aa77-f505-4d61-880b-51b70627196b,Mac
70e68eea-d647-4b69-aa5e-d92c324de200,Windows
d78929c5-c85a-4f7e-a936-0660e1ba5137,Android
abeb2e3a-3b89-430a-a9b0-294fab1212b2,iPhone
05881d4c-10b6-4298-b16e-70849baf49e4,Windows
6a4ca516-660f-4ce5-8ff9-14764d84d52b,iPhone
731d6558-5961-4f94-8fa0-b61ea9aa5552,Android
7ba099d4-c311-4f77-b187-b3dd8bb1245a,Android
3541f005-de4d-4018-be5f-08e5fe35b0e0,Windows
e2a7a6bf-1d71-4de4-8e49-0ea777d6fe05,Android
d2c4491c-4a16-4489-90c4-2e619b87a726,Mac
3133ab11-2d18-4842-95c1-d39a7906f151,iPhone
c7cf1ab6-2585-4075-a23e-99591f4a7219,Windows
95654a68-ebc1-4155-b956-ca3a4b5aaebc,Android
8f3e4394-da42-4fbc-b298-a6fac0099472,Windows
838c753d-3d78-4b60-8e11-4e9e54c15152,iPhone
a82ca5f9-5938-4c24-9d0e-c7d49214003a,iPhone
090c48ea-a4df-4f2e-8226-fcfe2ec53961,Windows
dd306219-5335-4acd-9b9d-af853b7638db,Mac
14364841-53e1-4360-9cd7-19d612da9a1c,iPhone
d7bf3f23-ec4b-423f-921e-5a8a37df6803,Android
0b2f126b-955b-4736-882f-8b892fe9e364,iPhone
cdcc74cd-7d6c-4c69-acd4-8e7044643b1f,Windows
1c0a2f0b-d0be-4196-a84c-6ac07df230e7,Windows
ba337a19-80f4-4b0e-b746-e9d07e6eb847,Mac
4e6efc99-8290-44a0-b12c-cf0c13dea518,Android
fd7f5199-d4b5-4719-9bb8-a8cf10117fe9,Android
7fcae92d-2642-436c-8fd0-a7aaecf2e305,iPhone
cddf92aa-9bec-4f2a-8324-ac293884af75,Windows
82108a3f-bea4-47fe-ba5b-de55b5ef3eb6,iPhone
0e56c848-27ea-433a-8aa4-88f9c383563b,Mac
cd61418a-017e-4edb-880c-1a4044cd1aa4,Android
fadd5c7d-1932-4291-a53e-cab7d9732697,Android
b90b1d94-d346-43ab-8f7a-03d4453e1f73,iPhone
e539175c-90f7-4995-a110-482a62854e28,Mac
c0c94277-3c98-46b7-ab07-f0ea51f6cd54,Android
2d5590b8-b086-4baa-b8cb-913c7229ae6f,iPhone
b3f0402a-1487-45b0-9223-ab55db51f2f0,Windows
83a38e44-3401-4976-a72a-4f3f037fccd4,iPhone
f35e6d04-c09e-448b-9b2b-7fce75e01251,Mac
ea2bab7a-5a06-4088-b194-0617e0b0a393,Windows
0a0f8d4b-e217-4653-b34a-f7243bdfa394,Windows
6dddee1d-8a45-4c6c-8d03-6e02d49aa3ac,Windows
bfe89c1e-0bd3-489d-a9aa-8571cdeeff33,Mac
192bea74-b472-48e9-bedd-f14264a7214a,Windows
cc838be6-0aae-4aa8-859e-d4cfd8e3ea26,iPhone
3231c9f0-1f58-4c56-9941-3bf91dc27fe6,iPhone
2104f2c8-7cd5-463d-b17b-953aee2632e6,Android
f89f3064-9ec1-41dc-b435-3ef12131c536,Windows
c9701579-5f48-4c99-9268-bda9580ebbfc,Android
afde6c6d-1737-4fc0-9f35-e605cde2ac35,iPhone
674fad4c-a4c5-4eec-b7c4-f836dc840085,Android
ad4eeccb-7367-4712-be4d-918fc11d4e70,iPhone
8a8ec7ca-76e4-4cc2-a015-50cbaf22c2a7,Mac
ff985e2e-a2bd-494f-a480-fbf0564f1a10,Android
ea6981f1-d90a-4d96-a709-31e05c79c9a5,Mac
3255d6da-cdc5-458d-a105-19564bf089e2,Android
6a3db745-ab17-4098-8f84-c18cc069a885,Windows
76c3181a-89f2-455b-80a3-c14e5cd9a423,iPhone
6b7b5031-ca7b-44c5-a0af-6425e2755207,Mac
597fd1b2-1832-44ea-9358-74d0a798858a,iPhone
10f6b20a-c12a-47b2-b176-d339e6873a76,Mac
8849f0cd-949b-43b6-9a1d-eaa817833ab5,Windows
d6fa0a26-27b6-49a1-b16a-fb82a0b542e2,Android
80cd5a0b-c69d-404b-b4b1-ffbbc50c0163,iPhone
e858074d-c0a8-4c3a-b363-8aab980ee1fb,Android
74b17583-7cdb-4744-8f13-c472d63546e7,Mac
0258c719-9384-4450-aca5-01ebfd57e0ae,Android
4fef636d-0d30-4fe3-97a7-9ffa85d170be,Mac
bd996624-867b-4b28-8fb0-47bfb9ff6df4,Mac
b5145c4d-fdc2-4269-a428-3c322774d444,Android
8249ab27-7617-43e1-8a16-3051d548353f,Mac
eb3abbec-2670-4b0d-a330-56ed47b4e9c2,iPhone
759b2e02-4b53-4dd8-a15d-5ae65d4d1ad0,iPhone
81804498-a9d5-438b-ab2a-671bacf41d5d,iPhone
47139b7e-90a2-41bc-98ef-815de14c28f1,Windows
f48d2c5e-8fea-44a9-9be0-d30485d66d0c,Android
08be4b13-fc22-40b9-a331-28e67d7cb339,Windows
475c1cf9-a84f-40dc-8640-fe2576a96250,Windows
78991125-89a4-4b01-a4bc-f5775435c043,Windows
f7238c55-31d9-4466-856e-7e8e0378a81a,iPhone
e31fa8b5-ddf4-4079-bee0-8e4eddad8b8b,Android
0d2261e6-234d-4312-8d53-1a499633be38,iPhone
8d00e9c1-6ab9-4e90-af26-9caa59582155,Windows
2213b29d-37ad-4df4-8d3d-bb6b63ac3c15,Android
daff27b2-eac4-482d-9edd-989345a47cc4,iPhone
873f1bc6-a437-4a1c-b00c-24255f398f2f,Android
611ea5ac-d346-4a1c-a9f7-1de56cbc4846,Android
322d1e78-43a7-4652-97e4-d8efc9605be8,Android
d303308b-2947-4f62-80f7-ccf9c6debfd5,Windows
cda58751-db2a-41e5-8b21-33e735e36d41,Mac
106ff842-8da0-4f83-b0f5-386fb06053f3,Mac
e8f45743-0365-46b2-8627-366e686caad4,Mac
0af5cb54-68c9-43e6-beec-4911cc52e0dd,Windows
77ab5070-c35a-475a-b956-f630301c8345,Mac
8047ff63-1d9d-4d12-a71b-2ba37a6d70fa,Windows
3ea3ce04-011a-4f2c-8aa3-2923225fa200,Android
9127021f-ba0a-4805-ad6b-bf0eedcdfdae,Windows
2961cb5c-874e-4e2d-9e5b-2699493fea1e,Mac
343cccf3-789b-4139-b360-9a8b484c9b48,Windows
ad0abd56-6692-44e6-ac3e-91c78230cecb,Windows
53a0fe78-0430-4401-aa41-15cf0102585c,Windows
88bd99f2-ecf1-49bb-b9df-b6a3fbd4a663,Mac
7ddaa696-89e1-43c6-8e11-ae376d673f75,iPhone
0eb15876-22dd-4517-a8de-bb03faf15ebb,iPhone
85f856a9-cc9b-42c6-9899-fe63152c2d32,Windows
32abe7d4-312d-4358-83ef-36e12d4a8aaa,Mac
e08822de-21c8-4776-8fbc-f3119c6c07e2,Android
654212a2-740e-4a35-8f64-6ab71fc74cc2,iPhone
f57e75e6-1fb9-4d67-9293-0027cca6d75a,Windows
d5e65d5e-ec13-4e5e-9ba3-2a111b7c01e2,Mac
4bbb8f5e-75bf-46ed-ab24-b41b373768af,Mac
3a987f43-3f3e-49b4-9ce6-8d4ac694c5d6,Android
f92ee897-aacf-4ab7-a279-8f494006c59c,Android
a56ddc41-c39a-479e-bc87-ee17df96954f,Android
b3506c56-b3d8-4483-b3fd-cff07db69518,Android
5b408bff-d8a3-4d5e-8380-007804bbccd7,Android
8a68903f-f0f1-4d3a-9d86-f76db6ee11e5,Android
a589cf44-9812-4984-b637-98678276c898,Android
ab31425d-3066-4558-bb6f-7d23c27c820a,iPhone
dbb66801-6dab-4e5b-86d0-8940d4c270d4,Android
4435e861-b9d8-4d68-965e-984714d74257,Mac
b32904ec-6002-438b-a22b-9a295782f82f,iPhone
774d1d7c-a3c4-44f3-8741-2f09ef0bd1bc,Android
55f80e3f-9120-4d10-aca8-7f1926f51494,Mac
281d1979-d91d-4754-acbc-7a6c8e2e9dc8,Mac
fbe9ccf6-4d5d-4534-93bf-9ff435ab9cc1,Windows
b56f3f61-4622-45b8-9ca4-27b83dbde464,Android
abcd7d45-f34a-4bc6-a2af-62c619b44258,Mac
d4a8eb0e-1f1e-4c07-b855-a350df1acdbb,iPhone
28139633-7f9a-4ff2-b47d-dc0a10d54780,Mac
ae3296a8-8024-48a7-9864-f835cd99a45d,Android
e9b47117-703a-4477-83bf-de8471a76b68,Android
087099f8-3745-497a-b0c6-35232ab1a399,Android
e99f0820-f362-4e17-b82e-51d012e10f54,Windows
55106c4c-87b2-48aa-823e-d5fc5bfa67b2,Mac
9b1a9e86-7b83-4bfb-ba66-43866cb38836,Android
3699f5c5-2463-4552-b8fd-f39299c1f724,iPhone
a2738c21-ce89-45a8-84e7-37857ead90c7,Android
7773ffc7-9140-4d4a-8870-1f63c29e2c47,Android
e262f7b0-ad5b-4ee7-ae8a-335fe177aefe,Windows
89164e36-3f5d-4c16-aa23-161a7dc7aed8,Android
9d790300-f3d4-4f49-b8b0-307c205a615b,Mac
0b83e7cf-b5e0-46a5-9140-1991a60e3bb1,Android
dc3262e3-ce5c-4345-8e86-95a2318d1219,iPhone
660ada13-70a4-48ab-a75e-501a00311fdc,Android
e84aae42-1899-479c-a874-0f23701bb074,Mac
cc5310da-73c6-4ded-9fce-f3a39f859f8d,Mac
2b1b54c0-5063-48be-aabe-969b3b0c32ba,Android
646af666-d7c0-42bd-bfcb-3ef28d40b91d,iPhone
d32c5a69-63b9-484b-ac0e-6a35a16e38fe,Android
a197cea6-52f4-4878-be9e-b71ab30b9ef2,Mac
3f51a7c2-4245-449c-b292-84e5a955239d,iPhone
0015332e-ca02-494d-bcf4-10375337a393,Windows
7e2e9c8b-d1f3-44e5-b971-282d56d6d774,Android
e881b2bb-c462-4de5-b55c-a4189e5c441b,Android
d6bfc0e9-c525-45b3-9afd-cd7b5487a149,Windows
5025ccc7-8105-4471-aeb5-c77c03efa4b3,Windows
327c0e24-68ca-46d1-94ad-9062b4b6466b,Windows
a6c12743-6c08-4615-adbd-f08cf8191e5e,Mac
80c27745-7451-409f-ba4f-7d8a9d4e740c,Windows
5bdf8667-7340-4cf8-8ee5-188fef2d579d,iPhone
a64d24f5-ecc5-478e-94ea-255c23a17873,Mac
d467573e-ea1b-41e5-9e46-1480e481562d,iPhone
96c936e7-8f3b-4ac3-b1cc-e36dc6fd2dbf,Android
58b48879-a824-419f-9c8d-6ddd8cb806c4,iPhone
85eeb923-cfbe-43e6-be78-c90da15af07a,Android
84351a29-29da-4785-adf4-022a0cedffec,Android
dd6a5fb7-8c9d-4509-b013-6459d6c627b5,Mac
1de0aee1-f11d-4449-a2ef-1f78384d6050,iPhone
79747ac8-690d-4ab6-b7fc-a3bc76febfe2,Windows
f14f5f9d-6f99-4453-acf3-6150a9c8f3eb,Windows
d3213455-b246-48dd-8b66-0ac780a56f70,Mac
45bdc8e3-f368-4a49-ba88-2099c7d1963f,Mac
9b8ebb93-13b6-4564-9401-a24d390e1c06,Mac
9892433d-6167-425b-b640-78094b8cba3d,Windows
17cc6a53-58cb-469c-9ab4-f473ca752aa7,Mac
6841e2d4-7b0c-4a41-8dc1-4ca612e58393,Android
0997443c-bd25-4f9a-a830-ddde6e9ac702,iPhone
1f286936-4a6c-408b-816c-d210031c9908,Android
f541c259-3765-471b-80a9-3866c1bee3a7,Android
393281d4-8b67-4363-8f93-c805fbaeb77b,Windows
de70f624-32e6-410e-b140-a5d1bd904d97,iPhone
b3922f6e-435b-49e6-9e18-8e09014863d7,iPhone
a92aa425-f1ea-4f9b-8f9d-f64cf4491d3f,Mac
bc0c2db2-7bb4-46fc-9a24-706316303c7e,iPhone
71eb7cde-2aea-4522-bf32-567b059f50df,Mac
0315c05b-1008-41af-b961-f11a12ef0136,Windows
2b935f2d-d6dd-4eb0-86fc-13182b007f6f,Mac
1cc0a29e-1f7a-4460-88df-a5c6db31da5b,Mac
78d6d859-5d13-4776-86bf-2aff0ebecd47,Mac
906b7e38-c28e-4141-a987-996b41850415,iPhone
fa1f7892-4137-44af-996b-623ddff94f7f,Android
1e036355-96e9-40b2-bf45-021f6833ba8a,Windows
d864b3ce-6069-4476-b9d8-9aad71f6f3ed,Android
d469f80f-7efe-43fd-953f-854974dcc57d,iPhone
f692706c-1604-4749-b40c-be291e3610aa,iPhone
1a8c8552-5b88-4cb8-bd8d-b0a7b0966226,Mac
1e57f4d4-bb4a-4976-b41c-ed3afe57f1f8,Android
57659e0d-1b5e-43eb-99e0-be0015f6cdc2,Android
1913ecf4-bb2c-4cd6-a7f4-1dc16da97f03,Android
3676efc4-5437-4bd0-a0d3-5913469b94dc,Windows
3b1a6c50-9a35-4799-8334-e3af6dbe519f,Mac
6fba768b-f154-4204-be6a-ebd2411dbccd,Mac
d3d33b5c-65a0-4900-b9a6-86f02af9e603,Mac
2d8e7ccc-9b95-4662-b1aa-ca76e80b22d8,Android
e0211bfe-d84b-43de-a926-1f7a2bb7daad,Windows
1b95fcb3-0700-46d5-b6eb-4d8ab51436a8,Windows
dad25b8f-9b53-4d19-91f7-5b0a5920f4aa,Android
62c4be57-a0cd-436f-abb2-87255ec8e3f6,Android
aa2a44fd-12c4-48b5-b590-2ff5afbeefb5,Android
66a17841-2b46-44f7-b4cb-5aceabc25b6f,Android
a09c8074-0033-4a72-93e2-6bc7e36790d4,Mac
cc6d2922-0eac-4ac4-a31e-fb52ee023adc,Mac
c61f966e-d3bc-4bb9-8fc3-a75d75963296,Mac
1dda0453-f658-4f72-9214-fb11e2d1d535,Android
53800679-3e0b-40df-ab43-e223a835ad54,Windows
fe6a6b76-45f1-47ee-be4a-18b768e1fec8,Android
3787e0ae-cd88-4f3e-b0ec-cdc6bb0524ef,Android
4c9b4406-4ba0-4973-acd3-3f4f389eb98a,Windows
f7c22c14-c790-4fa4-9264-4172cda59a3e,iPhone
6140bb4b-2fd5-4d8a-9c49-9aac4122b774,Android
82c9d2b3-9087-4085-83ee-241816a3c0c4,Windows
ffd597c1-42ed-4145-9da2-8261c627cf84,Android
29e6dd33-45ec-4e9d-80e4-57a5655c1c11,Windows
4ee720ca-61c4-410a-ae09-deac84c49e2e,iPhone
278477f7-0c36-4945-9aa7-97a5e6af3b03,Android
55ca34f6-d9ad-46a7-adcd-c38da273800d,Windows
9cd253b7-d185-42be-bd39-a068dcbbe4af,iPhone
80c1a836-6da1-4da8-a617-f3cbed0afaee,Android
d52c6707-2947-4700-846e-070dec629ae9,Windows
0f5ffa7e-1ea1-4e2d-9986-5d5b4732b011,Android
63e45e59-721a-4c98-abf7-83cefbc9cd5a,Windows
1bad27fa-2a8c-46ad-863f-f483bc5f977f,Mac
f5c58eba-dd6a-422e-9383-f5edd602b575,Mac
2e4dacc5-ed4a-4f25-828c-e651de8529c6,Mac
4222ca98-638d-4282-a979-6cb701202056,iPhone
2aacae09-06c9-4a02-b075-192ba9094528,Android
66ee32b5-ab3c-41bb-901d-54745d818102,iPhone
9ae666d5-e2bf-4a97-bab7-2b1217a0fbbf,Mac
697d4026-ca05-4c1a-aa27-02a2c648181e,Mac
f35f0d03-9abb-4ad3-8a66-eff1bd4906d6,Android
cd2d1107-68cd-48ca-a646-abe86027e059,Mac
df9382a7-d966-412b-9874-727c739fbbeb,Mac
e8be578f-2cf8-42b3-85db-5b228bc2fb09,Windows
6cf03771-cd0c-4d66-ba95-ac1078810007,Android
3ef3ffe6-7864-4643-898c-463c31493001,Mac
851c846b-c4e4-4a5d-840a-6cb86634111f,Mac
fd3a1763-5989-4fd6-8d73-c8b4a99e9000,Android
ce38d097-cac8-4145-8897-464ec6874ac7,iPhone
01d1bd19-b154-453e-bf95-c055c402594f,iPhone
ce60b527-0865-4325-8dad-03c92eaa24ca,Mac
11194361-5018-4bb5-8f39-671ee7c896c4,Windows
50f63ceb-42f6-43c9-8572-5ed9593c4d38,Android
5ff828ac-0ad8-41d6-b451-d1bd8313dd22,Mac
02ff4024-bd2b-42fa-b324-68aa2e910334,Mac
5fb369d2-ae18-44ae-94fc-0ac91d8dc755,Windows
160954d1-092c-482e-b6b6-f9e2894757fa,iPhone
8c68e18f-2b4b-4ab9-8de6-5c16069d34d9,iPhone
b784b221-8508-44ff-b662-47af46ca64a8,iPhone
7fba9ae5-add6-4421-8cbd-031cab7e1cc8,Windows
85c993f9-da32-40c4-80e0-a5a96b8ca943,Mac
901abdae-6401-4f8a-8c2a-d7eadffa0ce5,iPhone
bbe732f1-da25-4431-8e38-7417ee352500,iPhone
41d74d59-e909-44be-9e80-eb6bbe7df610,Windows
6bfd2ef8-21b9-4211-88dc-9e1d78697309,Android
acc313c8-299c-4956-b173-c8b0b0b9ef13,Mac
ef504d1b-9b94-41bf-a846-62019ff581d6,Android
c9ef1fc0-bf19-4c54-82f0-80b0800f424e,Android
b9952d92-0d62-4b01-8539-fa4ec60357f7,Windows
83440d9b-ee70-4082-9cd0-dc458c54fe3b,iPhone
ad819733-3b75-481e-8d29-55484a4c4af5,Mac
12a48bcf-18f0-47b3-83c4-2a6a71fc7758,iPhone
d42f5bae-b312-4c97-9924-571adfe8eb6a,Android
a5eb1e42-5e12-4833-a37a-98c46b635674,iPhone
e1759807-79b9-42bd-bc2d-2d3f54b575cd,Mac
f4c16068-e42e-448f-ba05-50f9cf948434,Android
337b667f-18bd-4609-93ac-5917f7fdbb9a,Mac
a160f7cf-32de-4824-9c47-e34ba67b7035,iPhone
2be6e451-52f4-494c-884d-3933db063771,Android
754e50ba-8d4c-4fb9-8fc4-8835aa14d1c0,Android
32891b62-a306-4606-b494-3640434ee7f9,Mac
4f825c7a-d6a4-4591-b7dc-439a895026d0,Android
60a3d56e-db0b-46a2-8c33-17a2b22faaaf,iPhone
ee17aecf-6efc-41ba-8492-48d2b0dfd04e,Android
4758373d-e98d-4c3a-8b85-ed7274f40c51,Windows
2b0a9537-5864-491d-b1b0-2d4cbd4e7208,Android
efbf413e-e0d0-45e5-9a3f-61f44ddf714c,Android
4fc2af2a-eb5c-41de-b217-210fbd3fe314,iPhone
ea211452-5428-4d25-aa7c-571d646b417e,Windows
602a0aaf-0bdc-4b26-ae70-9aadb8c6b7ed,Mac
dcc57012-9c94-4270-bd28-a0e0404890fb,iPhone
03ed57f0-fce1-4e56-8dea-cb4f3352044d,Android
d774bf96-9144-421a-876f-e4fc11b6c3d4,Android
920738b4-ca02-415d-b0fd-6f011c27643f,Mac
c1f4d70d-c21e-4e22-a997-9f772d1695f1,Android
cc1e8131-cc98-40aa-be19-cdef2385f5f8,Windows
46d9985e-7405-48af-a827-5cf015358eda,Android
6cc6b011-1c5d-4f22-9145-b8bc7061e8e5,Android
385542d2-6d81-4734-b1b4-7b6812b981e6,Mac
49817bdd-13bf-4de2-8fe8-7a7588e5c1c8,Windows
5319a072-b037-4dfb-bb92-25ee624f2466,Windows
bef058aa-2c61-4861-815e-59dd02624141,iPhone
6da58fce-80be-4a7c-acb2-e770ccfdea26,iPhone
ba4b8529-4bcf-4fdb-aa35-ecb535057d74,Android
0580dc24-0a7e-4744-a92a-a0c58f900be0,Mac
8447afb4-1d51-4821-aa89-0ed672eaaa33,Windows
5c41f9e7-1512-4580-aa34-79e3a6c9b368,iPhone
a52f3b24-64db-4914-aa93-8adb0a7b29e7,Mac
ef1f3006-0c9c-4771-a9b2-88f53f47a604,Windows
98e251c6-d85e-4554-be9e-01bfd20d8a4b,Mac
3334386c-560b-4159-bfa0-fdddbc83cc2e,Android
51bd6737-65ac-44c7-b277-7abdeeae42da,iPhone
a176ee70-7a2c-426d-b94f-f8bea27d8686,Android
5baeb4f3-f533-40ed-8b2c-241453e77abe,Android
61180958-f6f3-4d51-905f-388866d9e3c5,Windows
f500c039-5be2-4263-9cf0-2b77e45782b7,Android
3d4ea977-b913-4c23-973a-fd5ea65186a2,Mac
9053d5d5-e75e-4e8b-9a87-9923c90a768d,Mac
ce6fbec2-3147-4b6b-a267-7f0de6ec121f,Windows
534766f5-cc82-4828-851c-1a76d45a63d8,Mac
c7c88278-7981-43b1-b750-e262b36b179b,Android
b4ced52b-6e33-40d0-9b35-296cf417e9c7,iPhone
9d49ec97-609f-4da5-8eb1-4d1cfc918e38,iPhone
73cfb93a-2b13-4c3d-b3f5-f3d9fcc5a89e,Mac
984591db-f9fa-4427-beda-6a6637196bef,Android
f912ec32-3c71-425b-be6a-eb0351e2335d,Windows
4e06ffaa-2330-4dae-9867-9ee858eb921f,Mac
752ffae0-4c04-4316-b86e-697412e4de1a,Android
85eea2a3-074b-45da-bd34-0a04fb504aec,Android
6b5b3d00-62c4-4c34-afd1-6c30df669c8c,iPhone
e82c28f0-51cd-4474-beb8-b7006987ba91,Mac
bcd77516-a8fa-4fe8-a7aa-e7a29a2c3ddb,Windows
ffdce57b-7fb4-4386-a20f-d823a88bbef7,iPhone
3e527f2f-66ca-423c-ae95-4967c3940655,Mac
5c7fcadb-2e8b-4ed2-bfac-af5cf3a28c35,iPhone
dfc54a3f-3b7a-4b57-b5f6-014b59d2d6cd,Mac
2131e880-baa5-4a01-80ea-ff2dd6aca0e0,Mac
ec31fe25-2c0d-4511-9d98-94ae098b73b4,Mac
c237cc3f-b83d-4582-914c-dea0345f763e,Android
07be6190-3c8b-41b6-bac1-51a200ba681a,Windows
6b9a4108-c57e-42b1-909e-09fc82837ee9,Android
ef7ccc5e-044a-436f-bd1f-0d54c3aa2faf,Windows
93f2cbd4-7920-4c43-a043-2cc87a683199,iPhone
9c7c958d-b15f-4bc4-baca-bd1982d0c881,Android
bbe662aa-1e2f-4453-a5f5-6104abfe24a4,Windows
aa6d4e78-c273-4a7a-a237-52cecdd29239,Android
9bee59de-64bc-4008-9677-6d1a5506ae52,Mac
54c66525-e442-4c82-9b4e-4eac97a45033,Android
9265d242-4ab8-4310-9a9c-15c5b214e689,Windows
8147d0bf-2122-41de-ad6e-b90d533e42bf,Mac
9d7f5eb5-ebbe-4b2e-95de-cdc2bd6929b3,Android
d78357bd-8699-43cf-ba05-99e7da884375,Mac
ff39027a-6826-4158-beaa-65bb8771253c,iPhone
ab2d27b9-ff45-45d4-b6ed-e0accac72bf0,iPhone
30eabbe9-454c-46b0-adb6-06315769ea75,Mac
cd0d820c-5e0d-42a3-ae68-22b2a80f70e4,Windows
d3a16b9c-d0db-468e-b2f4-77cc5309e70e,iPhone
b4af0cc9-501c-4f62-9bce-0ef53acbe417,Windows
c518caa4-322d-41b0-8249-cf9f5651d7d1,Mac
4e84b813-7626-437c-99cc-1ec4c42753ab,Windows
4dbee11e-d186-4df8-852b-dbddc649dca1,Android
af646900-ac2d-42e4-a04e-dbeb927bf637,Mac
6baeb9f7-8c51-44c8-90da-7c736520647d,Mac
cd6a78ea-5802-43b0-bfea-f1d08cc4a7e9,iPhone
ca11b585-a723-4424-a9ff-73086e01ad31,Windows
bfbd70f2-ff2f-43df-b3b5-8c5db74505a0,Android
1080fd76-75cd-49f0-8437-0acf1f9daf36,Mac
67da46fd-8948-436c-82a2-0fbdc9ea387c,Windows
441ad83d-17c2-436c-8e96-0e3395e67ff3,Mac
5b7f38c1-9774-43e3-9182-8c8e7c64f2b7,Mac
f89e4bf2-c72f-4284-bc64-e460bc15914f,iPhone
c7a32055-749f-43e8-8557-b800bb1e9904,Windows
e59579b7-c089-43a0-86e6-5eb998f1eb5f,Mac
83555a06-dbdc-414e-8402-5da2523674aa,Android
0d146b43-4b10-4065-979f-751357a7a5d8,Windows
da2b5b4c-a7e4-4b8e-962e-a3fb746c1fa9,Mac
4e227482-4dcc-4846-a04f-0bd78450db0b,Windows
69cd6506-6e60-4503-a990-07fe611c52fa,iPhone
ab555663-b397-4e9d-a21b-7a5b97d73a73,Android
1cd48d9b-d0bf-4a45-b644-647c59b3b4f7,Mac
a6705c69-1ac9-4933-b6a9-53904843dbff,Android
c293c3a7-db7a-4645-9d08-ff26fda99669,iPhone
093b90c4-9b95-44d0-a809-72bdabd6750d,Windows
0b1e9257-98a7-44a8-8d15-a2ff1a43be1f,Android
b92bc029-db7a-4435-917a-d96dad4bbd12,Mac
b18b3f60-e143-4073-807f-97d2929e2396,iPhone
6f0bc0a5-67a2-4781-9e63-735cf2b79ab0,iPhone
a1bbdbbc-ed96-4f30-be20-4847d8e7fea6,Windows
77ccaef7-b7c2-459e-880d-e8f058f2be84,iPhone
d36486df-cc92-4137-b96c-291f88eb368a,Mac
8a769486-9f10-4e97-8e86-c0dde1079428,Windows
615f16c6-ed90-4d43-9f34-9fb80ebf10fd,iPhone
021da4e2-006a-4724-8a39-d05427fd9ea2,Android
94549205-d072-4164-917c-4e72a0693d65,iPhone
1397fcf9-c958-4435-9923-a2f5fd58e5ff,Windows
98ecfd8e-95e0-4bbd-8932-81fd948487e3,Mac
ef81491c-6e61-4194-8e3d-f6c914adb7be,iPhone
cc5dbde2-9b78-4337-8cb7-02930a0fd1c1,Android
02a55ab3-cde3-4a8c-b7d9-d0241bd3c13c,Mac
ee76fc9f-4c84-4cf2-a2ef-b40520980e00,iPhone
b9fb9059-331e-448e-8e9a-4f13eb5277ab,Windows
846b2615-1233-4d7c-958b-b4b74c1982d5,Mac
4a474efa-5b28-4a3f-af97-130da1614d96,Mac
351a2aa0-f10f-4824-981f-f50f8ef90082,iPhone
24deddd7-b4cc-4dbd-aed6-6147ed345342,Mac
80822965-67ae-44d6-98fc-1ba801181519,Android
a315d1c2-6673-4a57-8a87-29bca35e46d2,Mac
6dedb846-948d-4159-8037-4c44eb845833,Android
c0d76a51-1809-494d-a182-845e14edb040,Android
62080975-49ba-40ab-b8c2-99c2ba97dea7,Android
2763ba26-d653-434b-a5fe-e0cf2615796b,Windows
503538fe-caa7-487b-935d-28ea662ffb7c,Android
a7501421-c6fc-44f8-ac1b-6aa807c74263,iPhone
8b04e453-064c-4f90-a1fb-8ba0881c8662,Android
30689a8d-673b-44cd-841d-200919176df6,iPhone
48bf76a0-83a7-447e-921d-f6a702ac43a7,Windows
b2c8cd7f-ccb1-4d4e-afc3-33c24ebd149a,iPhone
7139d016-e0af-490d-9bf5-26675b49f45f,iPhone
5aff780b-c48f-4728-ba59-299e524dd1f2,Mac
53f3a728-0dee-4a69-a4fa-70fc06ff6833,Android
74bb77e8-a572-4a39-bfda-f239ca8cedf6,iPhone
c349d74d-20b8-4d45-95ba-3e0926563fcf,iPhone
31e4ff63-123e-4901-9224-b2894a4499d4,Mac
3a5296dd-1a43-4279-beea-099625ee51fe,Mac
39a7b331-ba9c-43d0-badd-f6d250833880,Android
a75ac371-2046-44ff-8472-4bc4fb2a6c1e,Windows
0def66f0-0f18-421f-acba-19451cf926d6,iPhone
4901c0ec-df5e-42fa-bc85-d401c25821c8,iPhone
087bd1b6-b2a1-49a8-a204-1adf21485ee9,Android
0818f2a9-b7d2-4d99-9f44-5c6dd78d7a12,Windows
ebd5e65c-e893-4518-9d1c-3f6b6d2e546b,Windows
bb161b72-8665-4ba3-96fd-8cf07b68e3f2,Android
5961cf7e-9d68-4dc5-b86d-7ca24fad0985,Mac
80ea5b53-db90-42c3-9f2b-d5875112061c,Windows
4f994e76-e937-4888-bb01-3bd47ed67c89,Android
cb71530b-5ba3-42d3-b676-14696578f049,iPhone
f952f598-1de9-46ca-9142-b8bbd616468d,Windows
6b6e3090-977b-43bc-8e9d-b8a76d5267a3,Windows
a86afd78-959a-4868-bd82-47b41176b090,Windows
da442e66-4456-42d6-acf4-257aff51c423,Mac
fff33bce-d7f3-494f-b458-7f823ed9d440,iPhone
695dcbc4-3a1a-4d2a-a652-acc375205035,Windows
1e039387-68e7-4ba0-9650-90be5d900d18,Android
61444821-3cde-4adb-b9bd-4be464ee5174,Android
8f9fdd53-5f4d-4a80-ae57-886c8af017b6,Mac
4c5d714e-2e34-4b4f-90a8-5b881900f1c8,Windows
5b3c861e-79e1-4449-bf50-da5abab7d71b,Android
029e1324-d7fa-4c30-be07-2ce7bfc00bf9,iPhone
ce61c965-6ac3-4afd-8106-649944a9a394,Windows
46e0cea4-083a-45a6-8d62-ce671b3b07f6,Windows
567bf4d8-8491-4b05-98b3-45e257eea11d,Android
67befca3-a469-4cb7-93a8-91c79e8df112,Mac
2de5a9b7-2d45-4869-ab7d-f6645228463d,Mac
b4713b1a-1bd5-4958-af0b-843823c5a720,Android
c0213e2f-2982-451e-92c9-d2f6a44cdc56,Mac
52520c64-bd79-4886-8c0a-e86aafe34767,Mac
72102a1f-ef85-41fe-870b-f3e645005879,Android
252e96ad-ff3a-4f52-8b41-83a08a5507d8,iPhone
afc18976-2a42-4f85-b1d5-d0f663533bd4,Windows
b96105bc-265c-4653-9529-927fc2847ac1,Android
02d291f1-fe3b-4534-99c1-7d2bcfdfcf43,Android
5a188980-d777-43d5-b205-253b04491abf,Mac
243b2f4c-7a01-4ec4-8dce-07345fbba969,Mac
84ba65a8-741e-451b-a826-f659cc4e94c1,iPhone
b106d879-858c-41e2-a7a6-c28b73e4585e,Android
e12c3c49-c588-4be2-b0e6-2f1ef7ae5aa7,Windows
bb58fc16-76c7-41d3-a2e4-b880519bf4d4,Android
03c33ddb-b0a7-49f9-920a-0aefcbd7e386,Mac
51627094-ca85-4dd7-9bee-d82fa83fa981,Windows
93b7b442-0e2a-4923-a69b-75d004956f4a,Mac
72db357c-dcb2-46fc-9d28-9a7ea20b29f6,Android
758dbcfd-b0ad-4fdf-ae31-2a2d961f7d54,iPhone
9c11f48b-55c5-46ad-b268-fcfb6ba7899c,Windows
2cbcf5dd-ab9b-4de3-8f31-931a532df6ad,iPhone
3a681211-c605-4d82-ba55-816b176c0a66,Mac
cd05e5cc-0a14-41b4-9206-e5289c3a35e4,Mac
cb45bb09-0e7d-4a7b-90cf-1c1c9ae871b5,Windows
1dcc7474-7b52-4ecc-a6a5-1f32751b2841,Mac
8d3f28a0-1183-4a2f-9452-b13414b74e7e,iPhone
dad886e8-4f09-4f7d-b227-1936c2475351,Mac
240b659b-2933-4e5a-ad99-415593dc74f1,Mac
3612a2b6-6e53-45a1-a2f1-cfba6c35a902,Windows
4f7d092f-5beb-40ec-82ea-7ff8a41a6b27,Mac
4689510b-8e3a-4f36-9b7d-c2633f6e5144,Windows
cf857cc6-c18c-4e4e-8522-dd321e30bfbf,Android
b08bc31b-c904-483b-a12b-0793da24b98b,Windows
cc2ae1f6-cb6f-4a96-a1fa-ab0fbf316a49,Windows
06bb6b39-fa0a-42a3-a003-bf8434702749,Windows
4ba7b92c-9272-42d3-a966-b50533963129,Windows
d373f550-b3c7-4034-a8e7-d9a82cb6720b,Android
44b1186a-935d-471c-9639-75c2ffc9933b,Android
20ec9678-1b37-452a-8139-70f7bcd32447,Android
43cf2a5b-2063-46db-bfc2-24a7e4089675,iPhone
b8bbc650-83de-4015-8795-b2087be35d63,iPhone
bc96847d-270a-427f-b3e9-44130c7f8462,Android
e6c1cf7c-cc35-4fac-9dcf-dadde959ff51,Mac
8ca4ba8b-a286-4fd1-9c3e-e9d1ed5fee7e,Windows
e295af57-6ec8-44f9-8046-c2ace9f6f104,iPhone
4639cba9-9790-4af6-9863-e4ba73133621,Mac
a0918450-9aa9-4d40-8384-c7c1db927b8f,Android
73e4f5e2-5ce2-4f33-917e-f44f4260c7a4,Windows
7ece6ddb-be35-45a8-9efa-edb6018767d8,Android
64608b4d-1b80-44e9-8f1d-4b4b1b395a45,Android
54d89e06-b1c8-4faf-9b04-20f767deef21,Mac
179e01a1-76b6-40cc-98a1-e7267161b1cb,Android
579d5159-a759-42df-bf87-fab55b3a1b78,Mac
c7778cec-ae5b-4fc6-80be-94698daa3e48,Android
26167e7a-0ca3-4ee2-9db2-12a86f288da9,iPhone
e944f0db-dc8c-4d16-8690-7d7b4033b22c,Mac
11aeab82-26c1-4064-8150-c5ce6d6d6ddd,iPhone
d527e141-ee5d-442f-ba3a-61043696ab01,Mac
ceeb5551-da3d-49a8-a391-bd14d6ad2a6f,Windows
4a435a1d-13aa-4ef2-9374-e3164062ba68,iPhone
55372343-c040-4be7-85b5-dbb94a511f67,Mac
f484a464-ade0-4d61-9a63-60cc9548741f,iPhone
d5cd581b-4518-4116-a3a5-4594f000cc40,Android
6dc0b479-d678-4a2d-bc1f-06632acfa118,Windows
c15017a6-7ce8-4565-a24c-d584b72b0e56,Windows
0d9cb6d4-14ee-4b23-bfb3-2e9ce2239884,Windows
51bc7821-29a2-4fbc-9fd8-681df323b84b,Android
511cd02f-4245-4389-b473-323c3c5f2bfe,Mac
570c797c-61d5-4683-949e-680898dd4e95,Mac
2557239e-2899-44b9-b6f5-49aa6c5931c6,Android
7c46b698-e9fc-4b2a-863e-2e6f1892d600,Android
16bd4dd0-c4fe-4d0a-8bd2-144b692eeab4,Android
02b259db-9c9e-4702-b2f6-b2e688176cdf,Windows
9fa46acc-de89-4599-8110-f81b132e3768,iPhone
dbc8b3a0-9bdc-4248-81e1-98aa0d93c747,Windows
990358b6-23fb-48cc-84d8-9e5f1ef5eb6c,Windows
5634b432-445f-4e5f-805a-760d6a8fffe5,iPhone
e3c69f3e-a8e5-4722-8503-bcc2d633b5b2,Android
d16ce5e2-db72-44dc-802a-340d644d610f,Windows
6223e426-f054-4630-82eb-ff5aa35be776,Mac
65e8b835-b39d-4bcf-8dfb-f8b41bc9b68d,Mac
8868f195-4c2b-42f9-88b6-de7770df2f13,Windows
28b69f1e-3cc2-46a7-9577-635ce9163b31,Mac
337f0c83-f36e-4a0b-889f-a1e01a41d669,Mac
3ed7ea55-dd6c-4bf3-bce9-add3a44ab568,Mac
c11ab2d0-b230-4f5e-b02b-7e159735fd2f,Mac
a5023864-e3f3-4dd1-b51b-b5760b3b744b,Android
a84768a5-be2f-439f-b99f-b51f71466811,Windows
9c88f2a7-1c32-4043-aa02-6962095f0941,Mac
9544d6aa-289e-422a-8e59-4383a89ed0a5,Windows
e98ce2d5-acda-4b59-8619-1e93d0a34246,iPhone
b097b851-31e6-4c0d-b8a6-c5cd75dc1ae7,Android
543d25e6-92b2-4cd1-949d-64d5ebb8a28d,Windows
66a0a169-1bf6-42d9-b4cb-9c54b95a1695,Windows
2c374512-084e-460a-8430-a5cde4327407,Mac
aac5c417-4a21-4d49-9edf-42b9e21a24ac,Windows
2e4da116-bf91-4d1b-ad65-197697f12e0b,Mac
04f37b9b-65a7-414f-95ff-af8452b6e93c,Mac
ba661ae0-35f2-411d-8416-56b65e8ca81c,Windows
5ca1d904-5be0-4691-b8fb-66f379ac48ca,Android
36f8ecae-5c25-4c5c-b71a-9f565c776e0d,Mac
53677b09-ac27-4eee-b0c4-1dd730f086cc,Windows
69a9e165-978a-4860-aa2d-468c5cc4ab2c,Windows
5857ac8b-e483-44bc-b881-8b8823cb49dd,iPhone
dacf1b2a-fe18-48c6-a727-f88a4902db48,iPhone
cbc89f33-5085-432f-8061-8d4a2bb846a6,Android
3929bba7-60d0-42b7-afb4-8816774b4ca4,Mac
0bb41e1e-b033-4eea-ade3-5c35cf95dbf6,iPhone
70fb34ae-390f-4895-b210-f388c990570c,iPhone
edb1b193-14b6-45af-a0a8-d0fc59985864,Windows
a7e62f66-59a1-468f-b202-51d6f440d02e,Windows
abb2edaa-2361-4686-aadc-dac135cd328b,Mac
fd097a1f-68a0-47d6-8420-72cbe4bf55a0,Mac
4b103b26-9799-450e-95ad-379942a83288,iPhone
dad995a9-8ec6-4c8f-b364-3a0768bcd047,iPhone
47e3e1f1-718f-43b1-8335-3a8942d9607e,Mac
c396a176-7123-43c4-85e4-7342c2276850,Windows
2173a7d1-33c7-4e62-bedc-97fe588278d2,Windows
767fb981-ff97-4626-98f0-7b9ed6fcef4a,Android
3151e0dc-0b88-407e-b3e0-3cdd8e6b6ef5,Android
5a569785-d178-4aa2-994b-02fb513ea3be,Mac
b1c41204-fd5b-4086-8b81-0372f66effa5,Windows
0bb1367f-72e2-429d-aef0-5690533ff695,Windows
8cb536c5-12d2-405d-bad2-7f26c23dfd95,iPhone
a72f5c86-8fe3-4058-8529-4919cc08c07a,Android
1edeeecc-17ad-4f80-baf1-928dceb0014d,Android
7bc96f5e-b7c9-4497-aa42-c70c5f508147,Mac
27340946-0eab-4f31-8bbd-a58e494ad0b1,iPhone
38da02c5-f4b9-4d24-90c8-4410fda1a7e9,iPhone
5019707a-8111-4607-898f-6f15c547aeda,Android
74f851ac-c3f4-4ea0-8f1a-94f842ca677f,iPhone
9a42b1f6-5cdc-4063-9ede-7ec2726c4cac,iPhone
d0833710-bcfb-43b4-911b-d6239257e978,Windows
6a4c0869-b901-4cea-a9e3-97efb21911a2,iPhone
98f0be26-e6c2-4b8e-afbe-deef7bb4392d,Mac
f897d1ea-8dd0-4aaf-94dd-7b5ea4d779ab,Mac
c036e5fc-05b2-421f-a1d8-f7f659224695,Mac
cf1bd523-c9c0-4652-baf0-61e9eea9dac3,Mac
c5fdd269-5322-4dae-bfc2-fd05a7c5e794,Windows
b5777d0e-f875-4501-84d0-adeee858ecc4,Mac
1ea9e241-4b8d-4d3b-8d52-13724637fd6a,iPhone
fc4f78a5-92f6-4c55-8e11-bd5f622264f4,Windows
a04089ae-210e-481d-9a16-d7cf2fe12441,Android
8c65edbf-1b88-4b34-95cb-f520fa4125d0,Mac
ad5a0435-89dd-417c-8d6b-5385aaefe2cc,Android
f061a851-6f56-4f28-a20a-2008f7ae0f20,Android
69f1d11d-68cc-450b-8c2a-e8813042ffa3,Android
6db7270e-f410-4a4c-b112-1d9bc870b2c1,iPhone
36576e61-e8d1-4367-9f68-42a313923bb8,Windows
b51e6c21-5539-4784-8c58-d47083ac046f,Android
2e08e9fb-8b36-451b-b3e4-62c5280f6541,Android
29afb106-3542-4bba-8d38-3f4043f33845,Windows
dd3b8c43-3106-460d-a06a-3179a90c2b31,Windows
7329eb9a-3f7a-44f1-85a9-b0ab1f2528b7,Mac
fbdc7fca-6900-4a14-b14b-2e450bf9c989,Android
a7eedc68-5ad0-4bdb-9d26-2ca3ffad4911,Android
5155b54e-965b-43d5-92ff-d8018409e2f4,Android
4687f343-8fe5-4942-844f-e0cbb5dc1ac7,Android
695978cf-82e8-4675-9f21-d416946ef415,Mac
5ffef8b2-b940-4928-ad7f-c24eb4b97ab5,Mac
5b039572-e6fa-4744-8490-935d5a247c66,Mac
399f89c0-c47c-45de-a66e-5c5395a757fd,Mac
7284ab40-edc5-4081-a84b-2b5b61656985,iPhone
6c7a5641-7d3d-4d91-8a97-1e6800ea40c3,iPhone
a07653fc-ac4c-4670-81c5-c9994c814f09,Android
a952bff8-b1b3-4177-aa67-bc255ab60463,iPhone
9e0e1a84-c5cd-4af4-ac13-c4eff5652ad4,Windows
7541c139-4926-45c5-a0b1-80dd012b1cfa,Mac
f28a843d-f66b-41c6-96d7-2fa9073eeea9,Android
ebcb91d3-9301-4d23-a222-e4407f9f2d45,Windows
0fec1e25-4a41-4588-8590-d63695ee6cc5,Mac
8a14a76c-3032-4ce6-8cff-f9f7d6d11656,iPhone
9a58fe58-4413-430d-8014-8e952a963ba6,Mac
e5df2913-48c5-451b-b811-9cf1bd35573f,Windows
d3a5acf7-b19a-4715-ba40-1fee90db8e6a,iPhone
7292095c-b048-469e-8b09-93dc4e67a131,Mac
10e19bf7-edb4-43ef-be9a-1d4b1e377c26,Android
e15039ac-a19d-4c7a-a9ba-605fa0cf3753,iPhone
44a48ea9-60b6-4e1e-9c79-5d76f6d4eb33,Android
9f242ec9-3abe-44c7-bd65-6b0633fb9c92,iPhone
776f8b9f-ed1e-4f9f-8175-07fe24e4da78,Android
ec8e07e6-7ac1-45c7-901f-0e4448d9a5dd,iPhone
9f76d550-96b7-4246-88dc-3e6e53fe2b6b,Windows
1808861f-8514-4de8-a3e4-0d69477d7b85,iPhone
1ea4d066-e8fe-4e62-b95a-652acde77665,Mac
99f94db8-ba21-4ac8-8ee1-9d134668754c,Windows
b3fecd38-1a13-4c95-952a-1ecb575a65a4,iPhone
0a2e43b0-d87d-481b-99ad-86aca9515dc4,Mac
0e267a4f-885a-484b-91a2-1ecc14c7fb9a,Windows
5cc21334-87d0-409f-ac75-1b9c28a27be4,Mac
c6981676-e360-4d60-9e41-aa8347a916ac,Android
3221a6e3-adde-41fb-a07d-33f58751b662,Mac
7839773b-4dc6-4604-b796-57aa3bcb903e,Windows
adb7a2be-fc93-49e9-b5a6-6de7b4c36c66,iPhone
466c7945-90db-45c0-875a-068a15abd940,Windows
3afe4ed6-5286-430c-8758-d8180ada9cae,Windows
6e5af8bb-ffe4-42d2-95f0-fe6f0f72e196,iPhone
0975ec73-bbbc-4561-8702-82c7e5800409,Windows
c4f6aa91-22cc-418f-838e-9955ec501aee,iPhone
d7c448f0-27dc-4642-882a-380c864c7e5b,Android
14a3acb8-c6d7-4979-a192-27cf488b8dfb,iPhone
c6ad2297-8acf-4ae9-b3ed-1df5d21ba515,Windows
a523214b-cd6a-442a-bf88-b7c910840149,Windows
2f5db3da-800c-4b91-847d-49ae361eaaaa,Windows
0a6deff0-deda-49ac-9849-8dd07e3127d8,Windows
6239e9cc-1950-4405-b225-39c6261a4312,Android
8c98ca60-12c5-40dd-a05a-699bacf4a70d,Android
e08c8bdb-8514-41ec-a94b-ee2d8c788f53,Mac
64f7ffe2-7c52-4a27-b8e2-fa864faec3a0,Windows
bdc2d81c-991f-4825-bb84-00e50bd09db2,Windows
66eb9da4-dde7-4758-8ed2-8711c487d7bd,Windows
cc96e240-ca29-4526-8cef-f1c203b9e34c,Windows
2fabe793-dd7d-4df7-b22f-8400af039530,Mac
ebeabcf2-c7a6-4443-9d53-4a720c4517b2,Windows
d69d94c2-adf2-4b7e-855b-b76dd3e53390,iPhone
1fbfc3dd-8f64-4144-9816-c7c7e0b9e983,iPhone
8cbf963e-651a-4b62-849b-a71869ae26b9,Android
8e08aff8-8cba-43b1-9bd4-768527911826,Android
c12e5c21-746c-446e-a521-e32ce59775b1,iPhone
bb63c503-d85f-4fbb-a19f-9468aaaadc13,iPhone
836fec82-f383-4915-bbc7-0a3cf25a24fe,iPhone
87806254-b990-4740-9ad4-072c921840df,Mac
1d32274b-db08-4112-a4c1-ea7ed93f7388,Windows
85763ec7-c32f-4969-b52c-3982fb550b78,Mac
2fb0c00e-b3a1-425c-b4b4-357bd7836b2f,Android
367e4cc9-b48b-4d93-b392-bb877242f5ea,Mac
772efe9c-7bb4-459e-a4f7-596344cf3a5a,Mac
81f1dded-694d-4b09-bfa0-c419a691dceb,Mac
57f63fc5-403c-4dfc-996c-09dd17437096,iPhone
8940e221-e7e5-40ad-83a7-2495df9feb2f,iPhone
4560f760-7929-4829-a4b5-7252ffd4855e,Windows
9bf5822a-0a1a-4a2a-8d5d-bd952b165a0f,iPhone
291e7ad1-7e1c-4245-99d5-5002ade8405a,Mac
572ae2a9-337a-4f95-bdee-73efa4ddaffb,iPhone
3a01aae4-38dc-4058-8260-9add26fea100,Android
89fbdec5-40d6-43e6-9ec1-2697cab971c8,iPhone
7fddfd21-61fb-416d-b3fc-882a502f461c,Mac
b9a7be0d-dd22-4f78-a731-e64bdb216fea,iPhone
2dbe91c4-a853-4752-b293-78606042ef3a,Android
0484fe98-588f-467c-a6c4-67786e11f157,Mac
5e656247-fa78-4704-af9d-689acf47cc6b,Windows
8a125446-7fe4-48e9-b31c-70a7ebbf54d7,Android
d56cc4cf-d323-408f-8b23-569344df0654,Android
3824a4e1-7f54-464c-841e-f7ca022e1abe,Android
a898cf84-2a4c-4b74-881f-0523c4dc391e,Mac
e145a584-8b63-4efb-a14e-44e7a2156feb,iPhone
ff136699-3f23-4a63-a2ab-8812b6a8b111,Android
e902e742-febd-43d8-9c64-23ec18cec455,Windows
cfbd76c0-a57c-435b-9f7b-fca32709ded7,Windows
f1493b6a-a82f-4c68-8751-c17ff8082b86,iPhone
03971ce7-4e84-499d-a838-27d7e9e947c1,Android
1029267f-fb59-4a1a-8f13-c5daa4254ea3,Mac
f6a99a2a-063c-4cca-b1df-59456348ac63,iPhone
10b7cee8-7a81-4753-91a5-8632501320a6,Windows
8c42253c-458b-4a95-be62-979745926ad1,iPhone
3ed28ff0-60ef-4554-a036-f929d9a2b7b0,Windows
934249b7-6e86-4885-b9db-0fdf0343ac1d,iPhone
22749536-8587-498e-9520-3ce3d6e53ad4,Windows
3b931164-25d9-4d98-afa6-8335b59a013f,iPhone
a6734d7c-e225-4e36-99f6-eeae3d2c6b08,Windows
f02a7bde-d85a-4d41-b78c-cbc1a808de30,Android
5c92831d-ff3c-4f36-bec7-0cb822212d3f,Android
19e4ff5a-4569-4b9c-a9f0-8179977f7990,Android
51d5b730-e1fc-4198-9e30-85c521ac653c,Android
6d7886a7-60df-429e-b8bc-1b917d0d5707,Mac
5f14d602-6b96-4396-b8ed-9c5158454780,Mac
d97322d9-470f-4ef9-aa00-400c8a97e9b0,Mac
d22779bf-2983-44d9-96b5-58575c0d3cd1,Windows
7fe90323-e2c6-4d94-8ce6-d0635733a5d4,Android
d16e6719-6fe2-4a5b-868a-f116c1d13050,Mac
27d34e24-2ae2-40b6-922d-b0f6a601abfc,Windows
06f09239-1501-4f67-a216-6700ad35d52f,iPhone
b9f7b2a0-7974-4804-9d70-dec3eab197d5,Windows
65729e93-9b04-43c0-95f3-0ca748fb2738,Windows
a9e2f627-dbf2-40f1-b03a-9240e342e3c1,Windows
b0e58841-053c-423f-9b25-cc9f4be4561e,Windows
7a3ec58d-7939-4e48-bd68-d3b213157b5e,Windows
0449aebc-50f1-46a1-9b0a-da09782c3d11,Windows
c3392efe-69c8-4cef-96b3-212ebce503a4,Mac
785fcdae-d56e-46d4-aa3b-1518fa71ff8c,Android
702e75dc-b5e8-48ec-b044-f5745ef07351,iPhone
ac0e7106-7fce-4ecf-a9c4-0632b1778928,Windows
4c7d017f-746c-409b-a04b-543d800cf1f5,Android
08e08d97-8176-4d4e-a6cf-a9f80ce6992e,Mac
9c488a17-5ce6-4cdf-8499-77bd55518873,iPhone
b3eed8a6-505a-4ee2-904d-fca386e9b840,Mac
ea7f2bee-481c-4703-90ee-a1cf09e6a09b,Android
bedbf943-47f3-418a-815b-032aacaa2ddc,Android
e93325f0-a001-4d33-ae6c-730b3f2794dd,Windows
7f166190-4e20-455b-a8ba-aa0c46139fc8,iPhone
4e8fe6bb-048c-4d4b-ae11-00cbc045f113,Android
5d622a12-2d00-480e-beac-4f0a5a515c1b,iPhone
4293e4fe-990b-4be5-9197-1f775658f1db,Mac
cae02189-3fcd-46ca-bfa3-557f91b46d9a,Windows
1c4cf51c-721e-4491-a771-1a0d777ac1c6,Mac
7266ec6b-a741-4e7e-9d62-e6b7ead31b38,Mac
71c6480b-e2bd-472f-be3e-002364ea20fb,iPhone
b7819d62-4d71-4983-8d20-fab8ee356492,Android
9d9bf6ca-f646-4482-9c5a-510169a04724,Windows
d4bb8388-67eb-43db-8e7a-378cc155b604,Windows
67dcaf40-9e57-4c9a-9e3b-91c47a3fe47f,Mac
7fc6e32c-05e6-4732-8f9a-56c516781255,iPhone
0d6568cf-77c1-4061-9c9a-951952a6dd89,Mac
c2fd06d0-b4fd-4d70-88eb-5de7af1a8a24,Android
580a5d77-ad6c-40af-9792-5b48d47aa4a8,Windows
831237c7-3a4b-4d38-bf7e-1651530bdcdc,Mac
0575d15b-6417-48e4-beb8-fab20b8a96dd,iPhone
c8429753-5ab8-4dd2-a347-b5e0c06cff61,Windows
be17a0c2-8722-48f3-a32b-9a304dc19e5d,Mac
e5f8f2b0-d0d0-4811-bdaa-1326ccff46f3,iPhone
db455dbe-a163-455a-91e6-3af06646baa9,Android
d10da090-adf8-4041-a9fa-8c68e40407b3,Android
99382d1c-08e4-40ff-9887-26839b06f53f,Mac
f6bbc437-bd94-4e25-826a-112237a1e89a,Windows
1650b396-de46-4f94-954d-1b6e14009b58,iPhone
c6cea551-14a5-4ae8-9395-2e69c6240a06,Windows
22f6acdd-aa16-42cd-94fb-30e67bd75150,iPhone
501f216f-4712-45d5-a430-f33f0b99f2be,iPhone
5fa08fe5-a9b5-4efd-a74e-d7954fa712b4,iPhone
8c482912-a8e3-4e9a-b39f-76b6ad4c33ce,Mac
eba4ca63-3f0f-4dcd-8f7b-9789affa0278,iPhone
fb268b37-49b1-4808-930b-ce07dca67340,iPhone
6ccca846-6cc4-4143-8903-eb765a4cf1ed,iPhone
c639fe2b-9c39-4e02-a858-6b04d967b92a,Android
71684289-3e9d-4b60-9290-f2cd87633dbe,iPhone
3eb36cde-beb6-427d-80d0-096d0ee49bd3,Android
53c7c8b2-6d8a-40c7-96d1-0a7607375096,Mac
edce77d9-7f07-43b2-b76a-dc312650ca2f,Android
d4b6815a-9f90-49ff-9012-79b2f82cc422,Mac
5b88d561-435d-4354-9363-6f6039a89c18,iPhone
82d87013-be72-4609-b29a-a35633c5794b,iPhone
3e184102-57a6-4aa2-aacc-71e07f38ce47,iPhone
41fc974a-665b-4a98-aa24-f901b9883018,Android
319d08b0-386a-4b56-8e3a-979838108982,iPhone
0dfeb20e-d94f-4875-bbc7-5a822a5523c0,iPhone
0940ab4b-1e95-4f7a-b41b-cf14ae271ad4,iPhone
f8ce21fd-9016-4a14-8959-60621fcd5768,Android
04da0b3d-cc7a-4f87-a880-29217e7593ba,Android
8c7aa636-3e38-4679-984d-40138df85740,Android
9fc077d1-9b38-4e72-b28c-1ef56990aae5,Android
253fc9d5-8875-40c9-881c-3dbc886c59c0,iPhone
86f30c05-030c-4807-bac3-962884d3a789,iPhone
03d92e9b-422c-4735-a06f-ead5063f415b,iPhone
c8cd0c91-05a3-44b8-900a-a78f118d4843,Android
66892674-76c0-4d14-9675-43873c5faafc,Android
711f370c-089d-4121-afd3-d81c307467dd,Android
a629c570-1a1e-48df-ba9d-8504b482960b,Mac
b8bd7ec2-774d-4c94-80f3-b04637f378f7,Mac
ab3081c2-ca5d-4bd4-a083-824ce5d69563,Mac
0b65866e-21c4-4ee8-9507-770a672f7143,Mac
4b696b28-e6ab-4d88-947b-4889e97b45d0,Android
c45514e7-58d5-4b9b-a77d-eeba9d61b8b3,Android
4160791a-a284-4f04-aa46-5e028e3bf2cb,Android
8652bc03-6962-4ab6-ad37-23235dddf16e,Mac
6029209f-0fed-4a95-85a9-66f607d4c579,Mac
f8c0f585-1044-4b09-a320-4b681569d416,Android
f06613e9-d8e5-45d4-8615-67fade6083d8,Android
6a5aa8b3-cf33-417b-8f95-3833f455783b,Android
cd4eb2dc-46ad-4515-b417-6c3ca5f7b4e8,Windows
b088f654-0e1b-49ff-b912-32c38c389c4a,iPhone
6e0ebb35-964e-4bbe-9314-b442371ee529,Windows
cea0adee-67ed-4973-b328-a588f15aca69,Mac
565ea637-3f16-4d1e-b26e-4cfb5eda8658,Android
d8f90fc4-db7d-4e12-ade8-1ed043afc9aa,Windows
529bc233-ae5e-4ec1-877d-3711e7d1d204,Android
ab6c680a-6e9f-4920-98fd-90f2b59f81e5,iPhone
33fb9f3f-839c-4ea2-b276-b7e6383480c6,Windows
d7c8aa25-4cfe-44af-b861-6d102c54154b,Windows
e33809ae-c796-4758-b1e5-d62f0cbe170a,iPhone
cd4cc2b4-57ab-498a-a659-173815a65d61,Android
cd29147c-9cdb-464e-8ee4-163761b61646,Android
2d1d89ab-c682-4c27-a4bb-7bef1b17ea61,Mac
651e7693-4cec-4248-bc60-2890398d9166,Windows
a3a61e31-d5ba-466e-9597-a4ed4a52123c,Mac
266882d6-0ce8-498c-9d0d-1e4586f98d12,iPhone
efb6ca28-aba7-4160-aa67-7933ca42929a,iPhone
971ccdb5-842b-4b11-a36b-e2169866961c,Windows
eb552b12-2568-4720-9131-d9c897170211,Windows
8db10d47-b380-4300-96a5-154b261d418a,Mac
92425f83-501e-41b5-b47d-1d99905b9297,Windows
8110d829-e213-40ca-9274-b5d2db673dee,Android
0bb0f6ed-f7df-4e72-91d2-878eb54a62f9,Android
3aae1cc8-4f16-4a07-972e-b5f6b2710bb4,Android
8ac70e73-34c1-40be-963a-f4c52ceab9ed,iPhone
84c17273-4adb-4b98-bcbb-8963490e6d67,Android
acc73684-fc73-4902-a968-1899a9ff225c,Mac
5365f265-ce0a-4329-97aa-32894c3c3f05,Mac
ea73fcc2-1913-4eff-b85b-a9389d03e98e,iPhone
7a748f41-2468-4ed8-b980-5e140afdc3bb,Android
de4b68d3-49a9-4590-89e9-08129aed9ba8,Windows
80f2d07d-f01f-4616-bb0e-00d3541ea545,Windows
d36d8639-d26e-4d37-86d8-3fce35c4f4fe,Windows
d1a25e5a-8a18-46b1-bcc5-4429b5765810,Mac
c5e7603a-7df9-493d-9ec8-15dba1645967,Mac
bd058b36-baad-4162-adf4-c90026c7f981,Android
81673f19-ddee-4959-aa72-8b3bae088f23,Windows
04f00fa5-15f1-4582-98f0-bc9ceb760c94,Android
a25f7a53-569f-40d2-98a4-b9c412acf927,Android
11a3e6e5-8542-4699-9a4a-01d383a74633,Mac
b4cd66e1-9be7-406f-b450-4d0cdc63a1ea,Mac
4b4b34e7-e6c6-4277-8d46-cfc12db34a8e,Mac
9216f36c-0334-4e64-8ff6-abff2f8773f7,Mac
154e105f-d378-4df8-a79b-77f1a81c2c14,Windows
da8c414a-94bf-48d3-8988-eb1cbab380e1,Android
44406dc4-f72a-4c51-b091-453536e648e6,Android
4ec6e53c-fb32-48fd-8767-134b471dd124,Android
564b8b2e-ebd1-40b2-94f0-1ab68ed344fe,Mac
694e73e2-e5dd-4f41-8822-7ee9f18e9789,Windows
adfd6989-3c3f-4026-b9c1-cf5152df7b00,Windows
f5d82cc9-ee6d-4324-be5d-677a598e0827,Android
5bc7351d-a10a-4682-a03d-ce71d68311b3,Android
39f0ac81-90d9-482e-bb7d-8f3269132f18,iPhone
a773d8b0-0364-499a-a38a-6b7b421c2c45,Windows
4c1aff58-0543-44a0-a332-4c27cb87d0c1,Android
e2b43b25-3619-4b9a-927c-19924911839c,Mac
08f68746-2e9f-46bd-811d-30c9b2c85496,Windows
0833dbea-a03a-4c31-a1b2-dcfb6c09db19,Android
8462b5d9-3832-46cc-8549-ff65d8a5d5ec,Mac
33a58920-37cc-46bf-9f5c-ce7e47538e9c,Windows
f53c85ce-41b3-4eea-9814-856e2792d6a3,Mac
6dc6db69-b9a0-4d80-9eac-af2663ac7b99,Android
e6224a97-161e-4608-ae1d-f638fc9415f0,Android
d5a112d6-e2a7-49e0-88b2-dbe71574b320,Windows
ceeb0dc1-8f12-4b29-ac85-15cb8ecf710d,iPhone
e1f5046f-ee01-490b-b756-dba7ddd01053,Mac
1c4fa20e-979f-4f3c-9dc2-536321bd462f,Mac
265f4646-9735-4f57-88a5-aa86a7f9a0d5,iPhone
0348f9d5-98ce-4c33-b174-4fc136c6b13e,Windows
5ec9e084-9677-4480-a09b-732311b1eaaa,iPhone
5ff3cd43-f17e-48fc-8a88-9c430dd18d63,Mac
e1ddfbe5-e843-447b-8da1-f8e22ba950cc,Mac
2038dfef-3861-4c97-9f5b-6180fa372ae2,iPhone
e8a55f40-107c-48e3-a511-069163640bd4,Mac
f4df4e7e-55ec-46f0-b58a-a2c153e3e925,Mac
4c28a3ef-b3cc-46ff-8548-25011a9d49a4,Android
d949adab-6f08-4c8c-910e-df8715c669e3,iPhone
0e30aece-0611-445d-92f7-a33bf5b71f96,Mac
370744ef-b8d4-457e-8f6d-8ebebeb1a163,Android
29b52cc1-ba11-4c09-9787-99917b1d140a,Mac
601bba09-6250-406b-927e-ebcaf2e174b6,Mac
3964f1ef-1488-4f64-a3dc-ca55783e9ea7,Android
6f7df7ce-02c3-4717-a3ce-0e6047beeec3,Windows
a4917c0b-9bb2-4ce7-b45a-f50f99e312ae,Android
5cca8916-4350-4460-8fe5-9a9744bb1854,Windows
fe7645f8-9467-4340-bca9-d3a8b9c29d42,Mac
3912cf8d-86df-49bd-9741-ee0159fd0b12,iPhone
77097027-69c9-4026-91f7-4351e1ce8216,Windows
e00e6dde-a5b7-4bfc-bf89-562ea496aee4,Mac
5787aa48-4467-425f-9c3c-665f2221d47a,Android
086c3810-cc9c-4f5c-984a-0968984b3519,Mac
a69d7af2-a518-46b6-a312-6ddbdba52e01,Mac
71d33322-6eb9-4727-b9e8-9f01a1c06d14,Android
589df856-02c2-42ac-ba4e-94a8a74b8226,iPhone
ba96eb1d-4745-40ee-87a1-768db5b0fb31,iPhone
9e953026-60d2-41ab-a3a5-8f72ede5e183,Android
9d2197e4-9b74-4743-a6ce-83d83ada53af,Android
92653870-e9df-4676-901f-3faf1259f42f,iPhone
dd7ae949-85a3-4812-b2ac-a7cbd0071517,Mac
2cbdc654-a83d-4404-9ed1-4d3d5c6750fb,Windows
31162a45-7856-4a47-9b27-90c095299c2a,Mac
9945c248-3779-4d8d-ae6c-b78f27624389,iPhone
a9117702-4d5a-4dae-ac38-d144716cb327,Mac
0fb81d6e-3c66-4ae6-9034-cf9eca3e2210,Android
89ce3fc0-700c-47f7-9258-0c34adc65595,Windows
6d5805cc-2732-49a4-9c17-81b37ce31f00,Android
51b89d7f-637c-4cc1-b6ef-869fa57c2ad6,Android
260005a2-2507-4328-b9d0-e0a43154c94e,Windows
556013db-b441-42d3-ad0d-1ce1090123d8,iPhone
1c6065ed-1b71-461c-a2c6-f5fe061e65f7,Android
90853c25-9d62-4632-b11f-6c8100fc2cf8,Mac
56102c42-c92e-405c-9ca9-4465393aa9a9,Windows
a0a188c2-ba03-40ca-bee5-16e07e356863,Windows
153f0ba2-f040-4bb5-8288-ca1e15a32424,Windows
7480fe41-deb3-4f81-b252-51954c988126,Android
8d74e6df-e6bb-4276-8e72-e3aee15e3bf3,Mac
0aba79fd-0e51-4deb-a5d4-6f57eb55669f,Mac
673f5070-2e0a-4ec3-a9ad-4c6aa5ce460d,Mac
05946631-5e93-40e0-8a01-b9c7dfe0a1dd,Windows
3d50f77a-bb4e-4ce5-8724-dd5a252e03fb,Android
2db312c2-f8f7-4c77-bafd-cc3373491638,iPhone
dc9fff22-fdb5-4dea-ac9b-52f8bd76f71d,Mac
95b71683-b51e-415d-9046-3953472b727f,Windows
eba266c2-596f-4e14-9183-bc6f14ac5ee9,Mac
165c97c3-6651-43c9-824a-3f3a7821c0f6,iPhone
fca0d0bf-3b82-4c38-8011-e7dd370ef850,Android
507505fa-6c96-4772-8e13-d7b53a341164,Android
e37cf871-7644-4781-b879-ffe71b30e30c,iPhone
a9678649-3980-4478-beeb-72f508d6f9c3,Windows
a070adbb-5685-43b3-88c9-223a9487084d,Android
1834c759-7cad-4c42-935d-26e1010a7f3e,Mac
f24cecec-d4e1-4cc1-977d-d52cb3cb2e98,iPhone
f76fe231-f9a5-412f-90f9-327f11fee58c,Mac
352f8747-d812-4119-a715-429a90e78276,Windows
d1b6a5f3-a218-479c-be37-24c30c4d59b0,iPhone
96a65339-ef3b-4eed-ad22-eb5d840b1f0e,iPhone
4cd3706d-d218-4874-b181-992bdd48bbe4,iPhone
ff2da025-b60e-4a2b-beee-e2ef1ebd02c3,Mac
b34164f5-f14e-46b8-9543-dc5bd9fd4ce1,Windows
8bb5cd97-70e0-4de2-b3f2-39c0c786d2f0,Android
96e47457-3484-4df3-b545-6d15f4796eea,Mac
7512206b-4ece-4c7b-8cce-b1f68c42eca6,Android
adbb3ef1-5158-4eb1-8562-b306f8ab58bc,Windows
b96f3f3c-7b36-4900-a831-b4996b021a00,Windows
b670fa94-12dd-420b-a50a-3bc068b45ce4,Windows
195a12bc-e325-45da-94f2-8869022fc56d,iPhone
0154389b-4ee5-44cf-b9f5-74379ce6ac5c,Android
168efc9d-ac80-4c9a-be5d-e5c71853a0b7,Windows
62a8138a-b759-489c-8ec0-3c4dd3bbf723,Windows
1614aa32-4580-45bb-aa10-3e12f3f909f4,Windows
c0a1e562-21de-44ae-a689-06f494c6133b,Mac
9f739518-e556-498d-881a-6f32be0372c1,Android
12dbdbde-5854-4c4e-ab68-5f7817625f8b,Windows
159729f8-fca3-482e-8622-9a532d2e4dc4,Mac
041bb3f2-2362-4160-82b1-f5f6aca7a1f3,iPhone
d5f07701-270d-46b2-91d2-18c3cea72fdc,Android
b3988fed-b3d7-49be-a91f-1a3ca34e1d5b,iPhone
16ecfcbf-86b2-49df-8639-d11003adb314,iPhone
edfb0dda-7d8d-4309-add2-1a147040361f,Windows
45756bfe-5c44-45d3-bf92-3b72e0e5db14,Mac
3ccb39ae-9e3c-4fec-8f5f-0f47cde57788,Android
06e9ee62-41bb-4dc2-83a7-f6f8c21d4308,Android
5d837041-aef0-498c-aac8-f8c7a4b1ab5a,Android
0c15ad5d-5edf-4b1a-8d39-670a89335a78,Android
ba09d8a5-3e09-4b9d-8b03-8f0d38219343,Mac
b8e12453-ba11-4819-8cf0-2d55363d9be6,iPhone
a11ff56c-d462-4429-913a-da9867de5452,Windows
8dd640e2-6581-44ca-8f6b-637a0072602b,Mac
d244bcd9-ca32-41a6-afc0-e43c6c4fa399,Windows
93d76282-a803-4681-b806-39fc5e1dd6e3,Android
40491ba5-99ea-4a0c-b694-15e401dd1752,Mac
ce8a6137-b784-43a3-9737-94fe5841d063,iPhone
5526baaa-15ad-4ba8-8984-9d022f4faeff,iPhone
7a3f060f-4985-4e3e-886f-804b6d6039cf,iPhone
3c2a5aec-5e2b-4626-a81d-81a573f6ecfb,Windows
b2b0ac31-80f3-4179-89fe-67699277d43c,Mac
200fc21c-45cf-407d-b4b7-634eff957fc1,iPhone
205b83cb-aa6f-42b2-aaa1-4acdba3c664c,iPhone
01b563e6-053d-4a23-9a4c-ddb6493f254f,Windows
f3fdd9c2-194a-4941-91e1-e21830e54c7b,Windows
40ee3c98-56a5-41c1-8dbb-33c6d8ebb455,Android
ee63ce4a-cdde-44e7-bf52-b3a2fa4257cc,Android
c75b35ec-4088-48dc-b3c7-51ee40e874bd,Android
130a855a-bec0-40f2-9d24-477584ee95c9,Mac
812c4edc-5cb9-459c-94ff-29dd2361cdc6,iPhone
e102b637-28cd-4d08-a518-907ae0c8fc9f,iPhone
1f626b27-1dcf-4bc3-bfca-42c11687c4f9,Windows
2855e26c-0f0c-493f-bf7b-d0e529c96aa0,Mac
79b06cf2-eb80-4474-adf5-39420f2ec35f,iPhone
04149d2d-3c7f-401b-9792-824e8ea941be,Android
bd1c8e4a-a06f-41a1-882d-0ae1b8b6b046,iPhone
4de5e93c-607d-46f2-a8dd-9765e1eaa011,Mac
fa8d1817-1b87-43ae-b704-99bacb1d6629,Android
05f772f5-29c1-407e-9bfd-44a96390bf09,Mac
5f9ade80-a4d6-4cd0-90f4-71e8aaf5937c,Windows
77326e41-f9cd-4b82-bd8f-712c73507513,Android
24eca6ec-66f6-4bb9-8221-f828a4bcc420,Mac
7de312c2-3ed6-48c8-a2c4-dd6b45a740ad,Android
8e148171-921b-4ccf-b6c2-c507aa312bbe,Android
1358900b-093a-4991-b326-80caa4568f7e,Windows
9ed67c61-2d98-45c2-b660-da969024cadb,Android
4289f39f-8d56-4822-bc46-3f79226cb964,Android
2a9bf723-3265-48e8-9734-b7a04dfafa57,Android
a8d1068a-fe8f-4d45-bb4f-0e17792146da,Windows
b64b9a14-c395-4976-a342-8dd5af741c5a,Android
03a3ae61-756d-420c-ba67-5e4fc21203da,iPhone
4eec6ef2-70c2-4302-a759-5f65d21fef7c,Mac
cb7c9ae8-7738-4296-81fd-fe9d7c56ffa4,Android
4773d6ed-b499-45b9-b326-8ed2a2d602bf,Android
bbc512d9-3ebf-4a0e-99ca-0eb50deeba34,Windows
3816c1e4-8701-4738-a86e-a5f596fd57c6,iPhone
c61015f0-973b-45cf-bd87-03be00b4be7c,Mac
c18dc589-e6f1-4e0f-94b9-b7592dae5336,Android
67e265ba-9b78-4606-9641-8215c64cba3b,Android
ba5bd8c8-baf4-40df-beb5-96e575c364c7,Windows
c2e1fb21-3733-4493-b05b-1ea2b5f34a9d,iPhone
1a365193-fb6e-4fb6-99ba-7cedd582c995,Mac
a95ecafc-7669-4085-bfef-201087d07e8f,Android
8313d304-3114-433b-9d06-bf1f24508cd0,iPhone
d683928e-3c38-41aa-b870-f631884ec1fb,iPhone
49b7470a-bf97-4530-ae0d-fdeabda78f2e,Android
6e6490ee-5e1b-4608-bc9e-f2613d671fee,Android
cb0954f2-6977-41aa-aead-04dafb44fdee,Mac
2fd129ba-f519-422a-8dbe-2010e67bf7aa,Android
91ddd826-b283-4ffd-ac70-5fd6c831c6e5,Mac
7fe642f6-64d2-4fdf-9110-3ebaac439210,Windows
b927536e-86f5-4202-954f-05a07a096dbf,Android
80f2ad2c-3941-4568-b478-4e44361db32e,Android
45ebb670-41d8-4558-9c87-5afbc8d155cf,Mac
8ca9cbbe-b60d-4143-bd34-d6a7fbb9a69a,Windows
d7fb2f4f-a98e-419a-9a64-fa09b95fc408,Android
266257c4-8223-4fc0-b9f6-3c790bac2636,Windows
2756e5b5-cc32-4ac1-8515-d2771d178cc1,Windows
fec0faaa-0dbf-4e36-92ed-29928a8539c7,Windows
7c7a7e5f-ec28-4e6e-8f30-fe0fbbd13917,iPhone
53762739-2c1a-4f49-9f11-22e8187d4b8a,iPhone
94f08050-be29-4812-b9fe-7d2c48cb1a8e,Mac
9d6e4455-bde5-4e0e-b823-f9c55cb012a3,Mac
27b97843-39e5-450d-880d-8ff994841147,iPhone
49194685-3be2-4a66-b1cd-a5108934fda5,Mac
3e66e2de-2abf-4498-bbcd-60faa04dccc2,Windows
29f75de4-8465-44d3-8727-6a1137c07d50,iPhone
d8683eb8-3e2f-4571-8b4d-7d5f23eeea6f,Windows
6257fd6e-4a65-44e8-9f4d-74691ada6e42,Windows
4881e270-8913-45c5-97e8-b2430296b6dc,Mac
a9cef8c1-de17-4237-a6ee-c07da3179162,Android
8c047b35-9169-4b05-b636-8313fe8f8135,Mac
4d85ffd3-af5d-4433-9784-fad212ab146c,Android
e1da2edc-f254-45a9-879b-3349a2b8c721,iPhone
b980a566-6987-4ff7-b210-a544685675a7,Mac
2f016808-2e77-4ab5-bbeb-147eca1f15d1,iPhone
d90a6107-c755-4505-bd3f-d5e390c27811,Windows
6bf646d6-b77a-41c7-b988-dc59d7b50c86,Android
35e4b617-d941-43e5-a1cb-c7e229eae7c0,iPhone
43d5c3eb-5db3-4067-adbe-61bed056f814,Android
b200dd6d-a8c3-4755-ac48-31256635d7de,Android
1dd239a5-475b-479e-96a9-167166d519e9,Windows
7947cfc7-74b8-4be4-9181-6f6b401fc964,Windows
d1d6b68c-f8da-4c43-b88d-cf3662c131f8,Android
e5c9911d-10b1-4d1b-894c-49e010d1bfb9,iPhone
06c4b032-feca-4be5-ab07-6c636f49e753,Windows
c0e5aa32-8ff6-4385-9c98-5dd294bb8968,Mac
6e3213ac-8df5-4655-8ba2-c72753e8d6fc,iPhone
4e7ab142-6cb2-4788-8b8f-bba7e9d54b50,iPhone
2372003f-e756-464f-bf97-f01d52131717,Android
2c6d3e35-8c0d-408b-9a37-4f54fbc05c48,Mac
5652e873-daaa-4feb-9a81-73ed222cf5ff,Windows
920d2e4f-17c0-426e-8c3d-5dab1ac28c26,iPhone
8c653e48-e366-49dc-8762-926f2bd59880,Windows
65a01397-9859-41fa-8199-2bb87f29ddd9,Mac
a4618b59-b8cc-4831-9436-d36fe288bfa8,Windows
43e9d5a1-fe9b-4397-b4b6-950417ead9b0,iPhone
fec8a6ce-6ea4-437b-8252-1d3032f060cb,Windows
74f75e7f-e847-4041-b736-683c1cf3b5db,iPhone
47b90647-94d0-4b22-8bb6-028d3589df85,Mac
c1fb78fa-28ac-463f-883a-0a3ee6bdbea1,Android
722740fe-4767-462a-9142-8b77a0679588,Mac
6bba4146-d150-4ed7-b69f-f221d6411cba,Windows
e9e662d7-ba72-4ea1-8a0f-624e18734987,Mac
8c81c3d5-f872-456b-b1c1-6fe5c4fc6c12,Android
ca69e722-9551-4bf1-bb10-38a4ffc84582,Mac
c9dd67ad-ff11-4b43-a14b-1716e985e8f2,Mac
824363a5-f091-4df6-b5f8-411f7e9ad846,iPhone
91bc49b6-aef3-46df-91b9-ac9dc210ada1,iPhone
5c988f46-dd38-4570-9a34-a2f5953977fc,Windows
5e30ceb7-fc3d-4513-aab6-cab8a93f0171,Windows
c5df8883-a2ea-4697-88a9-834b924c60aa,iPhone
22605f67-dcb0-4c49-b0f2-14411ec296d1,Windows
906b2bb5-b7d6-44a7-9a82-d08fb0376551,iPhone
dffe6db0-1bba-4351-b359-c63082a69c8e,Windows
313008c1-7c86-4c44-8e65-8502b35fcd6f,iPhone
3d5da8d2-be16-4826-bbb3-20eaf6d7b803,Mac
82aa6c5c-d139-489e-beaa-ea7830a2e8ae,Windows
98101cce-e63a-42f5-8b38-c84a2accefbd,Mac
28d6644c-316a-46cd-8e22-db3cca13f995,iPhone
db022120-5c35-4a0c-9f77-ea79c0a8f5d0,Android
6365770b-6b29-4952-8cdb-e2bea09afae0,Windows
a2cc31a0-2814-46a9-88b3-536394740aa6,Windows
97f22f02-a7ae-408b-90c2-5a2c464382d2,Android
6698893a-f56b-447a-b760-3e1f6ecefb70,Mac
24655bde-9e73-4b81-a632-1f6154adb6d2,Mac
49ecac2e-4830-4210-9f5a-ae8fbf31d3b2,Windows
7d77a963-4bb8-4837-9418-e1f1c35316db,Android
0ba8197a-3b3c-4376-9258-5c639e8a1b6a,Mac
23d29de7-16ed-43b0-9ff8-df2fb2f2194b,Windows
8e85aaa8-a1da-47d9-b2c3-a0edee7373b1,Mac
96a6bdea-11ee-4ffb-ab22-29c185dc433f,Windows
04210121-acb7-4e25-b0fe-af40a205a5bb,Windows
6bbad8ad-cb5c-458d-8202-6b9ca1535990,Android
a6cad236-9b83-4c17-8e40-fcf66f370fce,Windows
3eba66e8-ba6f-45fa-abcf-f3c412d740e5,Mac
86c7d85b-a463-476c-940d-c706cc48b89d,iPhone
6be17495-4ba3-4b0b-a75b-f5b3e05c6c75,iPhone
d2b25acc-91d2-4f6d-a6db-fa580ccdf025,iPhone
6d98c2dc-d6e8-4214-b16a-0db85765984d,Android
c4e8f4ce-f94f-4695-85f8-7aaeb94e131f,Android
390941de-b7a6-46a2-9207-0cbd0e5671d2,Windows
c7a88469-bfc5-4839-82f7-d8e28e896ba6,Windows
238a1c6a-b43b-48e0-8748-deab2ea51cc7,Android
5cf3846f-42ce-40bf-8d43-de78508ed411,Android
b42350da-5853-458b-baf7-42ea8391372d,Mac
eacd1fc5-af86-46aa-9cbc-572b2dbad29a,Windows
bcadac3b-dfdb-4490-81a4-20288691637d,Android
2dcb2bc3-9f39-47f3-b190-15f25584528b,Android
47a0d93c-9863-4208-89d1-43329480dc20,iPhone
11ff1da6-2296-4a94-838e-bb4ccdb22a57,Android
117df1c3-80e2-4ffd-82fc-447f24571fed,Android
361d7631-74b7-4834-a505-d0bbedb6009e,Android
98dd930d-932c-4419-95de-e7f9cc717a47,Mac
ed9cee6b-6bb4-456d-af28-535232c58da9,Mac
2ac3fbd3-e5ad-40fb-963e-59a63a1bcb9d,Android
f8221098-e2fa-438d-996f-757af849f5d0,Android
e1b6025a-67ee-4545-8734-46636c81880f,iPhone
2968357f-3882-46a6-a4cf-72406c04dd3e,Windows
60822587-d49b-4c07-b1e6-86bc2c5373c5,Windows
0f2579dd-0a7a-4e34-baed-6575ef7045cf,Mac
5ade2bde-29b4-4d17-b3a7-a2bee9cdd46e,Mac
900e13e8-7d40-4ab6-a550-900693edfb06,Android
0b93bed3-0e3f-41e0-88c7-4669da2baf9e,iPhone
4cad62ef-4f05-4b87-aeef-2e909a571797,iPhone
a7ec08d8-eb97-427d-9944-5e56c7ff73a3,Android
2c20d931-7d9d-462b-affe-d66f5ef846a8,Mac
433b412f-e707-4db6-b391-fdac167f2745,Windows
ebb70257-3871-4db8-b72d-e2e2d312b5e8,iPhone
1796fc71-1122-4ce6-9d87-8723c39c04ed,Windows
6ff0d868-8664-4104-aa68-46721dcf6616,Windows
978537a5-9885-4e3f-a836-7c90c8a84bf9,Android
88940abd-850a-40e2-b10a-4945d66b0ddb,iPhone
c9282952-ae3f-4b99-aa74-f58f8c19ba02,Android
8fe0ded6-bbbb-4785-8752-16fe35f9798c,Android
70bc9755-4251-4a4c-89c7-b3bd9ffb7dd6,iPhone
4140bd7d-2e74-4aed-83d6-04246ad75632,iPhone
9c92aa39-7bfa-4d3d-bfe7-089868e114aa,Mac
e9da6dfa-b683-4124-b564-99a8daa9a733,Windows
c3c4e001-c89a-4373-b4b2-38967a50fb56,Windows
a96f0b82-2982-482a-8a1e-ca3a5f13a1c1,Android
66963f38-10ea-4f30-89f5-f709a086c8fe,Android
25baa2d1-4f85-440c-8ccc-c4795eb51117,iPhone
f01c2ac8-e8ce-46ff-bec7-44b111e59626,Mac
77255b26-6470-407f-a5f2-3d3d05ff3b6b,Android
06ece782-6415-478c-9355-c0ddb0231c3c,Android
3ed342da-c494-4c1a-b521-3625e04c2112,Windows
2998ef01-9595-4ace-a00b-e9ec2d88a35b,Android
45a713cc-40a8-49c5-a56d-d887298e140e,Windows
5cc9c904-868b-4496-a49a-b736a811eea7,iPhone
e80f90e8-f28e-4a7b-8569-f6f88cd22ae5,iPhone
3edcb44f-c34b-4ea7-aec2-0406fe3b366b,Windows
5e917ef5-8524-4da2-84cb-8371c1977084,Windows
5f8b8d96-c3f6-4e79-acc6-b48d5a30da86,Mac
ce39d863-f752-489e-8a02-df6c56e74369,Windows
a532da59-ee99-4534-af74-d9616bcf0997,Android
e2c8048e-3e04-49a3-9f58-b28293d9966f,Mac
25aa41b3-7e88-4b6a-96e0-d3bcc9a2883d,Windows
9b45c111-82be-4d9d-b01e-73e1747839a6,Android
f2aa0367-b64f-4969-8408-2a2915bdf470,Mac
6b74f1f6-078b-4848-89c2-ddc58321ce2c,Android
547a90ac-3090-4b0a-8fc0-fc96786ddc99,Mac
bb335a9a-ff29-4be0-929f-c87f05ebcefe,iPhone
4e663196-965c-49e9-b1e9-48f6b186ef5d,iPhone
9026f2ec-af82-4af8-99b8-4737cb0f8eff,Mac
f9f17b1b-a157-4e03-8782-177da66e8cf8,Android
5266587c-1d33-4a69-b99d-ce3dc9d17cc4,Windows
ae080c8a-164a-4aee-b6fe-d9727062438b,Windows
d4a247c3-8f2e-4907-aabe-e888d198a239,Android
5b1574a5-fd8a-4f77-9d5b-2cfb2af4d6a8,iPhone
9f4777d7-0958-492d-addd-e8c98594b8e9,Android
85e6e67d-8c28-40c5-9fc6-d301294f3e16,Android
e4a00185-dfb9-4435-a71e-248d7f082288,Android
d32de834-b986-4df8-a0d5-a25d94abe389,Mac
d6a5ddf8-7450-40a1-8449-232da7f60fff,Windows
4877d30e-0d02-4603-b471-3eca8aa4acca,iPhone
e78e2b7d-1e28-4c64-9654-a8cee62d38d2,Windows
005be4fb-048e-481d-a9a5-aa767c462625,Android
2f418866-2522-48c6-b2ad-e40a42af008b,iPhone
914a7644-46bb-4344-b00e-af96ed585ebf,Android
db970258-4738-4db1-8e6d-7ea4a231c1f7,Android
123e7609-175b-434c-b414-fcca9e70142a,Windows
02c971a6-5708-4998-b5e8-1592b3951041,Windows
b0dc2496-c1ce-46cf-be85-a53e56e8ebf6,iPhone
d7fb2b11-c9c8-431f-bcd7-33e27f0ea061,Android
c9660676-9855-4345-9f07-400c8405eb2b,iPhone
d6004866-399a-4483-bf95-f0fd5bfca8df,Mac
e4618fea-31dc-40ae-a768-62ac1177d1a4,Android
3804b947-5a95-42df-86c0-50c845e95545,Windows
18b7c7d7-ea8a-47d5-b832-ef30df69561b,Android
2e0fd5a7-b283-4d63-aa6c-b8ccf024f9b2,Android
efa93c2f-c751-4fad-a323-936e2188f002,Windows
08c92076-18f9-47f3-9d9a-7979e120506b,Android
594e4e99-75b6-4f60-99fd-afaab07161e4,iPhone
00001d2b-8b99-4b5e-8aca-2c5459b61895,Windows
194d14b6-6cf5-4c14-9786-ea062d5d2546,iPhone
6884fe88-2704-42cb-a96a-baf82e6d8cd1,Windows
a1cd59bb-158a-424f-b6ff-7e9cb4e00d12,Windows
4b84bcac-87e4-4e76-a6c9-5f3f8fd6f6b6,iPhone
50eaa732-c66e-426d-af0f-64ee36fd24d3,Windows
7f1ecfac-e97e-43ab-8e2d-fc70a5bfe34b,Windows
07c40b81-b57d-49c2-8bcc-dd8a2462106e,iPhone
616d63d0-77c5-44a8-9aa7-8d122c9bac61,Android
1c4866dd-6677-4b35-8d79-9b5dc5629eec,Windows
411e0307-0022-4a0f-8652-ead737a281e5,Mac
4bc62405-8b68-4daa-8fcd-57298003ba8a,Android
89f5dac1-c822-4ff5-9461-31da8ca38961,Android
62f12b2b-8611-4bb3-b907-27e7c2027d04,Android
03994ee7-62dc-42c1-891f-3ba2824afd9d,Mac
c07b61d7-78a8-4926-b7bf-a003cfc04f22,Mac
0bca6c92-834d-4fbc-854d-ad40f7978cc7,Android
171c7483-763c-464a-8272-94d02c8b2c6a,Android
64dfc719-74bb-4078-9ff8-07a62b1db416,Mac
4a75b5ae-d48b-4d97-800c-4968401f46d2,Mac
3b392ffa-6a0b-46d1-b638-19099f235b6f,Android
8897f260-32e7-4563-9c4d-a380e6564db6,Android
479f52dd-c521-43c2-bf14-42ba9de0c803,Mac
8a99f523-1442-4b85-af5f-9ededf07df7b,Mac
7b015333-7179-43cc-92f2-2acd018b9fc8,Mac
d73adcb6-605c-4d7c-996a-fa0a469b386b,Windows
9612b2e4-3bb3-48ae-b8bc-bcd0466cae8d,Android
4cd91a25-318d-49e6-9bad-839a93936472,iPhone
3562cba2-958a-4e67-9d66-57b08bf8dfc4,Mac
a68b669b-dd5a-43dc-98da-c51fefbdd9ec,Windows
9b273a3e-721d-4ba6-93da-e0cdcaee410a,iPhone
ce3168f8-aa31-4a66-a98c-63baf5101915,iPhone
1c5773c3-3616-4149-b783-87e0343d7ea5,iPhone
a32f75d4-6dd9-46d9-8501-09469d5d6212,Windows
8b8bae53-5323-4dbf-9ca2-c8d8866e0a5c,Windows
2cd926c4-e8f2-4402-b6fc-71d2bbe4b90c,Windows
5683e508-b3a5-4fc2-af4a-bb50f60724fb,iPhone
8ec4b622-07b8-4df0-aa66-69e4cef1abfe,Android
8b673365-7ac8-45e7-bc87-4e4dcec1730a,Android
76dfab30-8221-49fb-a426-0344364871d7,Mac
6e239106-20af-4e0f-b13b-001a0e3ee878,Mac
6d9c6258-6461-4fde-942c-a7d7f41aabc2,Mac
8a216835-3af4-45e9-8f55-0548e54626f0,Mac
9e72664c-34bc-4074-88c9-c207268ca19c,iPhone
917dd57b-3509-4785-bad4-a96b84d14aa9,Windows
d875f0dd-0ad0-456a-b274-19753bc319d9,Windows
78f70b65-b476-40db-8272-9afb1207aca7,Android
40253aca-2fdd-4a50-9ef6-28cd02087b22,iPhone
a9178090-efe8-476b-a87d-3683bf606c10,iPhone
b5543bec-1fe5-4e75-8004-71db3af78de8,Windows
9df29a20-5b3e-4768-b826-279de5193777,Android
2d99af8d-6c10-4c06-b49f-9643c366da8f,Android
83ceb5dd-ae4b-4ea0-8c35-8d30791fa826,Mac
3c01e3cf-b19c-456d-9a43-82f80bf777f6,iPhone
11299a4c-29c3-4709-bb42-45ee67a68702,Mac
c9171ff6-a1fd-40b3-845d-aad5a124bcda,Windows
00ad19cb-1e9e-4c31-9c2e-7b6205dad322,Windows
b95b2949-5133-4562-aee9-a08727013693,iPhone
56475a5c-d9ec-47d1-ab5c-fefb07aa85b2,Mac
21347eec-6cb7-42cf-9742-f25a49998ddb,iPhone
313e8753-3dad-463d-91a8-ac4d1bc20dfc,Windows
c68aeeb0-e179-4df1-8452-2feb75612db9,Android
f1e6d043-7b61-4cb3-b4ca-df359fdb6eda,Mac
4879cac0-3b15-46bc-ba8b-43cef9a29cdc,Windows
9a9edc1e-f7a2-4bc1-b511-aeaacff44569,iPhone
9daab5d8-e61a-4d37-85ea-62c4c1c631f4,Android
f829f023-61f6-40ff-9b15-9629deadf134,iPhone
9e9823ff-47b3-422b-af44-48fea68e073d,iPhone
d651ab99-6189-4beb-b449-7806db3b2342,iPhone
6a3cc2e2-0e16-427c-a9b3-00fb82b0b8c8,iPhone
dfc9380a-303d-471c-98fc-e41331d0daf0,Windows
60d04ea6-2cc8-4647-96a7-9f79309d01d1,Windows
e3f167ad-cdd6-4578-9841-6126c606a644,Android
a98cff22-c294-417d-9969-73ad5159b65a,Android
5ba7ef54-326c-46b1-8775-8e605d0c2a43,Android
98236164-3e7b-48f9-83a4-e5769baae71c,Android
2bd63a16-756e-49b6-a239-64689c1bdf40,Android
5561b17d-24d7-4713-81ad-c62b8646d99d,Mac
703c1d8f-12ba-47d0-9cf9-98a295d442be,Android
644d02f4-1732-4371-bb42-22d680da48a4,Windows
decf06f4-9146-42cf-827a-429e6bd01ed6,iPhone
73e89423-9f50-4ffd-8fc4-2382faeb59b5,Android
fa59a1d6-47b4-4750-9763-0a0b572dab36,Mac
8b83aa25-a993-4a71-95d2-5eb2e830368c,Windows
c998dbed-9576-45b2-bd06-3c47911371d0,iPhone
ceee7a4b-71b9-4d09-b74a-93de46c0e3b9,Android
12702611-e3e0-4a0e-a75b-50b323960b84,iPhone
b5306b46-255d-4f72-8e66-efdbe5a22b9e,Android
ec437faa-6fbd-492d-b123-0eed8ba1abdb,Android
a8c93600-e5b8-485f-9bbb-c8900ea5116d,Mac
94ebeb02-d0d1-4453-ba20-72d29c70563a,Mac
7928c7f3-4819-421d-a747-5fed7b581b4d,Mac
f7a1fd7f-7cae-4ec6-bdb1-3f983d128229,iPhone
be109017-c4f2-4275-ad53-ec666a9da62d,iPhone
03bdf188-5740-4e45-8f8c-402be7dc7a37,Android
9bff843b-b820-499c-aa40-6529dacf60f1,Windows
dc5d5c19-204f-47a6-94ac-3b9abd0b324f,Windows
54d3778c-6492-4701-bc8c-2b1117978288,Mac
5bbddd22-b516-42fd-b64e-0f2199e8ba00,Windows
cf942bcb-0cc3-4b3b-b915-8bb9d7652f70,Mac
4c7457a6-385f-4933-8b97-7dc844aa7bc1,Windows
5689508b-d655-4d4e-852d-c67263f23828,iPhone
23c6b989-cdb4-466f-90d9-746cdc540a4a,Android
aed97954-1e0f-45a2-905b-6890623e468f,iPhone
1d3da0ea-3c2e-46c6-89e9-bbf7bc180c16,Mac
a53a04e3-fecb-4c45-84a8-bb8daf8640ef,Windows
d210ffab-25fb-45fe-bf63-06d8275c9203,iPhone
edf7470e-cabd-4394-ad87-8aa17e674510,Mac
bc51b8c7-144f-4219-82fe-33921b327b0f,Android
6756e8ae-b92d-41e7-bd6f-6040fe2494a8,iPhone
51df1613-378a-4eae-853e-9a6fc65a5a5f,iPhone
68297d00-280a-464c-954d-a55b6d4392df,Mac
95b36783-4a24-4db6-a2bf-1701ff9f1fbe,iPhone
d352c1a0-dfc3-49a4-b090-f8b8c4b01375,Android
8d6853ee-3c92-46f6-8149-487bda071d2f,iPhone
132ad4a4-a28a-4cec-8f7d-7ef1368acb20,Mac
c35c5e93-ce43-4e71-914d-70e7228b5e0d,Windows
add9a538-4708-4082-b942-a8dba2b4754c,Windows
39f26229-1b87-44f5-a8b5-87ae35edd393,iPhone
5b4ee3ba-3c71-4977-bd2a-ff94a92bdfaf,Android
f64bcd3c-9731-4b14-944c-08a10ba6f69a,Windows
6252a091-ca23-4679-8eb6-ef4e8be99d7c,Mac
31f16e43-3772-4e74-8499-a51fdb056178,Mac
13d9a9bb-bca5-4977-acc5-877412832172,Android
17fe9cff-b8f4-4330-9c8c-e25d2315576a,iPhone
9b1dc554-ada3-4f38-9da4-a0acd237c79c,Android
002d215c-4b5d-40e2-91ca-c3189987ccbe,Mac
d75d4487-4d16-4b25-9c33-8900180d075b,Android
3a7123cd-5ff1-499e-9b54-5a64f8ebba46,Android
3dd149bd-64a7-4332-a8b5-581d17a03813,Windows
39c19f49-a9a5-4021-b782-d15cebab007a,iPhone
5cb5f858-8c68-49f1-b33c-ce5151a64aca,iPhone
2a266f6a-2efc-46ce-9541-ecf756ef55c8,Android
35a0f9b1-ce36-46fe-b116-1a7365cde062,iPhone
ca72a9df-e0de-408d-95b1-a0c6c4ffc337,iPhone
ec8bf3c8-ad69-45c6-9739-65fe4186c5be,Mac
32d2a027-cdbd-474e-9811-0ebc7276182e,iPhone
eabe9bd9-c50e-4173-8cbe-7708debc6bfb,Android
29effe94-6af3-4048-a277-7f144c608045,iPhone
069b034f-15ce-4208-9141-08f36d738e44,Android
b3630892-8973-40b1-9bc2-56a2626088b5,Windows
697e5738-d703-4e17-b95e-f6c742941afe,Android
c4d55d6b-daf1-40c1-b381-6e4720dd2ac0,Mac
5c17b485-a0a1-483d-aae8-a6704f5446d7,Android
47937dcb-e623-47a0-9ded-0a630aadebf7,Windows
9cff171a-f188-4d1e-9539-bf8d1694e5b8,Android
9a08d61f-d63a-42ce-8b40-dd6a43a0dc14,Mac
cbe121b8-dfc9-48a7-a54c-36df198680ff,Android
c5426deb-b7cb-442b-9679-1842aa5f8183,Android
eb819f20-c272-487d-8cba-8fee93050cb3,Mac
212b66a2-5d94-4e79-8b9e-a4f294286ef3,iPhone
ddd37462-ead6-4fba-9d4b-8c4da8168645,Windows
8c7bedaa-81bf-4ca6-a2f8-b4fcbdafcad9,Windows
c8604b63-9c3f-492f-8225-e11469f79e5f,Android
c795d4bb-1a41-434f-a16d-86a87b628654,Windows
ad68dbd0-ee16-4e37-8ba9-a76e0a8a30fa,Mac
26c32b17-42a3-4bf8-8c38-13f5dd916e0a,Mac
784734dc-b037-42d4-bf5a-de0f7b4162ff,iPhone
cf5cbc2a-6b5d-4d6e-af5b-85bd8dd63bb9,Android
b214e2f5-acee-4967-a1d4-0d840f8ab463,Mac
37b83514-d985-43fb-821b-c6686df53a69,Android
11462941-8120-41f1-a5a0-f4f05f7bb9e3,Android
2421df57-a9b2-4f4e-8859-2986078deca9,Windows
1b1e9265-8d06-443e-9c8f-51f61d5d7fc1,iPhone
5b2f9dff-81b9-41b4-9cf1-9e17fe911dd8,Mac
cac0b9bb-abf7-4deb-af99-78cf285b50a8,iPhone
1fe4a2ba-09bb-46ec-b5cd-9c571b05a4f8,Android
69cf6f5d-a20c-4c33-9d69-dc492a422aa3,Mac
e5c8793d-651b-45f8-a1f6-894f16898450,iPhone
dbf80c1f-5897-4294-bb65-6849d19945b8,Mac
9c030cde-3d5c-4ef1-ae95-1af9a9cfbf82,iPhone
5823a976-3888-42cc-8e9e-6077002d149f,Windows
8eecbe08-3a7f-4fe6-8af5-566281e8dd9f,Windows
e555876c-193f-438c-9a33-487fc48406f9,Windows
b2ec4b62-d440-4e8d-970e-4f625f285c6d,Android
67c54781-20e2-4509-9348-546eb4692bba,Android
f7c5ef84-ce96-4c71-8714-90351679cab6,iPhone
e48b626a-cf4d-4b26-b77c-d8c37095a69c,iPhone
3eceb848-4851-42a2-8485-fa16d92e0912,Mac
0f8656f4-57dc-4e78-91a6-54c41b799b88,iPhone
36d72890-575e-492a-ab78-88ca55536ce3,Android
14f6dc2b-f326-4560-99cb-3eb1e29a74d6,Android
a5bbdc91-55fc-4476-91be-b28846934cfc,iPhone
c48b8825-fb9d-494f-bb01-cdf8251191f0,iPhone
dd2da78e-4645-4d52-89c1-e28b8ad38343,Windows
538ee40d-e914-46b4-be81-3a3be4a07e4e,iPhone
5fd883b9-817d-4aec-8df5-494845961c09,iPhone
35f98d79-019a-4171-9d7d-646c8cd2f035,iPhone
54b79c35-1e85-4ce7-b18c-0bdd1c310079,iPhone
6cabb623-e1ae-46ca-aee1-05e38f2e990f,Android
c62a1fe8-9a13-4ffb-a28b-81bd208a40e9,Windows
a320966f-1892-445f-a4f7-690714fea524,Android
448beab2-44f1-4724-829c-9520a05cb0b1,Windows
5c337a29-911b-49b7-997b-943804201e25,Windows
841ce82e-6db5-4b65-a441-147ba3874c1c,Mac
66fddcf9-6f00-40ab-b5e9-6abddf50863e,Windows
f19c1429-a946-4053-bb54-0daa7f950c38,iPhone
14248912-e383-4fea-8055-c9ad9cdad98b,iPhone
6ec5db1d-68b3-42e2-95e0-d59e6bd0e983,Android
d19ac10f-a87b-4565-b6a2-36180dc7542b,Android
832640aa-5133-4392-b388-7793c5df368b,Mac
611daef3-90c4-4094-b849-3520d3bd640f,Windows
3bad0809-cf98-4bc4-a84f-831af7530fb8,iPhone
607df7ca-e5e1-47a5-a0db-75d01c146241,Android
8f1f9578-0dc0-4435-8f3f-e606f052b71b,iPhone
8d6f3678-4b36-44aa-bc65-d46a0e97edd6,Android
6da4bec6-fa26-47d1-b86a-48dff833ce78,iPhone
3299908f-083f-41af-8f15-c0c367cfdf1f,Android
d646984b-e631-496b-974a-5c2d0d93fcda,iPhone
2be1a687-d40c-41aa-b6c5-072c0ec49f73,Android
39bcf1d0-83b6-45bf-854b-39b4287b8204,Windows
54a7ebb1-544c-4316-b588-78e79d186008,iPhone
2a96bb2a-92f4-4713-86c6-878b32269e4e,iPhone
4ecad9c1-e409-4c87-b7fd-a95aade97fde,iPhone
72ecebd2-c111-44d2-89f0-b6125f004c8a,iPhone
f69d0c6b-d6f4-4b8b-87fb-3cc9e8c1dec5,Mac
56769bd9-c85e-4d97-ad22-35ff37e41510,Mac
a90cd35c-9215-4758-998d-9456fa13ebcc,Windows
1161335b-7f74-4286-9627-8d4b2655ac8b,iPhone
72c56400-f57f-49b1-b3b2-39fcbc3fdc3b,Android
4d11d6d5-bec7-455b-b90e-e7693ad0aac3,iPhone
b67361ed-9365-4e73-afe6-53693ef01c72,Windows
08a5968d-23c1-46a1-9f92-dba24bd86e8a,iPhone
a1d43015-6c89-450d-9018-4f5bd94ef38e,Android
c064a4e2-53b0-40c8-872c-5713efabfb57,iPhone
975cd126-8de0-44f9-99b8-71754b0cddf1,Android
a1b05572-b8f0-4abc-bdea-6ac5d0643215,Mac
f67b6380-f8bf-43ea-84d1-f9075eb0ba1a,Windows
dddf1a52-0a5c-47db-8193-b8446c3f80e5,Android
3987f6e2-971a-42d2-b9ec-1e166b5e248b,Mac
ada68481-e759-40ec-8f90-70f711a64b68,Windows
d8b532fa-9a73-4e42-a5c3-0182ea3d74f0,Mac
afee23b9-d367-4d02-9114-9d886bb57f42,iPhone
