customer_id,abuse_group_id
fd00294d-3bf3-47cd-857e-4da9b6a5d6b8,
ab3fd93e-93e7-4678-8cef-ec10261a0f12,
68a10bdb-1480-41d9-811b-3c30f775459b,
0ed5f1c4-5e71-4b3e-8e9e-8eb6c8b4b9f5,
dd32e031-fd7b-442f-93b8-6c8b8df80261,
21b322d7-11a3-4911-9049-5f1e069a2aa8,
c066a1f8-e50b-4b91-bc72-270742204e39,
ef03ed41-03f3-4756-9d93-006229977469,
bfa1f931-e8ba-4572-a798-9caa44a4eaaa,
f9e9acd2-fab8-4d82-ba24-9e052072fac1,
4baccf83-dad3-4382-b474-b1376424fdfd,
68754505-e883-465a-9bc1-43a230b3a4b6,abuse_group_3_fast
e517cebb-774b-4890-8feb-fe6bf2fe952b,
fd8d54d3-b879-4dfe-a6a7-a2057568d282,
83f79f57-7928-4b4e-92b1-8030d988553d,
dac3fecc-ead3-4c06-95fe-fefeff2ac559,
19cd6492-9f2b-4104-908d-93bd0bae880a,
e060d66b-7c0f-4826-b363-90c0cbb1e7d5,
6536fcb3-7b1b-4669-9fc3-498febb7f3a4,
d7e94dca-2746-4cd5-817f-065090e938ae,
0c07a988-b9ef-4cc2-a82a-95ae04827bc3,
d6daf440-27d0-43d7-8d4a-803d855a4d8c,
a0dcc4df-fbd2-42d0-934d-cae17f35d9be,
261a178f-151e-4159-9675-230c4fb4bc6a,abuse_group_6_fast
c55b53fd-90c2-4931-8236-faef0dbd2e81,
b590c669-68d7-49dc-84b4-e5c1ae620ebf,
77076cbb-5e64-4ed2-a753-6c421189b14e,
67d81c9c-b461-46e6-9e9f-6e5e34a583bd,abuse_group_5_volume
86bba5ef-3c28-482f-8f08-fd789f5363c5,
50270f47-42c5-4d44-b5c6-2f539fa7a9bb,
db4c7161-4f2f-4fa9-9ae7-07c942d93df4,
b34408bf-c9d5-4f17-8e91-fdd761379943,
49681815-47cc-4ca4-998e-587f3b6bc45d,
b22342ee-be53-439f-b936-1ffdbede9d41,
91b4bec9-39e0-4032-9a2b-1a98694df0e8,
2b342507-b70d-46fd-90d2-c56a3db3f03b,
d3c5b7f8-92bb-4d21-84f7-bdf5b6940aae,
269303bc-fb35-4b8b-9a9a-2f693a2be19d,
7b7e842d-0c6d-49b4-b581-bf3a0187d097,
63debf21-0fc2-44dc-8cf5-a86307cafdbf,
3c28076b-3bfe-4376-9a9e-2b321764261e,
8e83342d-76cf-4b08-8a34-3b41aa0fd2d5,
a69836a2-532a-4b31-a5ab-2826950baa77,
d769b44e-e8eb-4953-a518-9e51c4f18f23,
8d214d8c-a2ac-4acf-8b07-bb29760be01c,
f8e70692-719f-44f5-9e58-1818b45babea,
afd7cfc0-572a-4f20-9c6f-e675a8fa4163,
430f7a78-f784-490a-8da5-3af4ccba2ff2,
d1e9b6e6-9cb1-4cfd-a7e4-715d6e6ab446,
1d26215c-76ef-4f06-9efa-385ccb7b55fe,abuse_group_4_volume
d7ae52c4-bb74-4181-9dbb-686162d14fa0,
8d17c175-76bd-4c6d-b740-183255ade739,
fd42f897-71c2-453b-8e33-3f3ec4333a2d,
8fefafec-9fbe-46d3-bf48-2e16b4235ee2,
51f4a6b6-69ec-49a3-a894-9dce98562256,
55ad2903-fcdb-4efb-b4d0-1d57a26f44ee,
e8982587-9c42-41be-ab7d-6b8e22e5e939,
74465351-b7f9-4952-b74f-1ddcc32d08a6,
65c1cf87-2b55-40cc-9bfe-75f8f676908b,
0db43625-f537-422d-a171-ae9a5f45fd4b,
73cf7638-7723-49b1-81fb-644458a2cf8b,
23c727bd-a071-4307-b037-1a8f31f07722,
a068e908-d8e6-49fa-9188-43a4170297c0,
ed4b240e-7536-48b0-b793-310dfcbc6bf4,
ca2e1490-6a5f-431d-9c1a-ebca2d8e9c36,
f6291914-7199-4acd-9685-dd47adbc38f6,
7415843e-480f-4daa-b251-4c5f8c740b17,
670b936c-1c7f-4832-ae2b-45e7aefb1e3e,abuse_group_11_slow_drip
9b9e6d45-5f31-4cff-82f5-36283f0dc2af,
bc1bbee6-7165-4de3-af8c-a14b2fa6f392,
970a47f8-66f0-45ec-89ca-def508194e59,
5267f529-3213-45b7-9cf4-cebb00b6facb,
ab68b276-f08f-4613-b26b-2027d349fdf2,
2455ba29-0601-4327-bcc5-59a8f51307e7,
36d2bc6d-204d-46f7-b7cd-48c5d8579233,
830f1603-24a4-4a66-8d40-4d46e77ef56a,
23972222-8d6e-4a6a-be7d-2ace87595754,
a3f81d65-98eb-4927-bbd6-c214eb169457,
cda83537-cd6a-4562-9df3-9712b8bfe151,
979ea5d4-615a-4939-ba30-7225f30a5d9e,
ba6e770e-40c8-42c0-9964-9f0c9277151b,
1c5b920b-87e0-47fa-ad86-6207c21c87cb,
b0001814-e7d6-40e7-b8a1-b00ff5093dd2,
b0657c03-349b-4fbe-a99c-8ee9fff7fab0,
e5be61e9-261d-4a90-9227-23c748bbb338,
2ce612e6-c65b-4867-aafd-9e1e765e6b46,
1b9bc896-ecd9-4cee-baa5-097383de3dbb,
b4338359-5fee-4e20-a67e-12ff5f800d9f,
116173bd-d823-4a8e-9cd6-4d112ad800ae,abuse_group_11_slow_drip
ca44983e-596f-4454-8d08-9744b04a13e1,
eb1aaf07-5aac-42af-923b-8920b83b8976,
b5526000-596d-4752-a828-4de535decd2c,
eb2e1117-4c94-483d-ae0b-3bc81359f1e8,
bf4b3214-409f-4643-8521-cb2502dd95bc,
4ac4f447-5921-413a-92b4-d458ca356dbb,
9e4963e7-8b53-4596-8dca-07556866c868,
0ea9d162-fcd9-40d5-814b-d50a79fd7bb0,
6e7431f9-f6ad-492f-a30a-13b725c1815f,
c7ecde14-61cc-40cc-9708-6fe7a637bd28,
43a5fa81-201b-4e58-997d-c4c4bac7cab7,
de581a87-5a88-4f03-a550-acc27e4bbac5,
07a402c7-457b-47ef-ab79-c0d129ce5295,abuse_group_1_fast
ce10bf4d-f93d-4060-a94b-bac70b359323,
34b903d0-27fc-432d-abc1-530f6139446e,
e3ba9589-1472-4b24-91a2-c641871b0482,
1a3b7dd9-e3db-4b0d-a890-de971aec1de6,
01e0b5f2-8506-4e24-94d2-a7e05eb96b0c,
e94dbcb1-1639-412c-8edf-d690e59bd0a7,
7db58e59-1154-4164-8583-e6ef6dbaea81,
daf81d70-6ffc-427d-b4ca-1bd7ea8520eb,
48ea9d58-2cc3-4ea0-ae94-c10e16d4d547,
81c0fc31-4d64-4d0a-9dab-05baa1a7ceeb,
422bab52-7fba-4f5a-910c-c029ce74fbdb,
b96bc4fc-e0bc-4f85-8397-bf6bc8eb4285,
dbb704e5-a95e-4a51-a09f-5f4785d1984c,
07b7f55e-c047-474e-8ac7-aa22e1a8047d,
af6fb560-46b9-4474-95ce-30a9ae9d9795,
fb383e85-0557-483a-9c0e-e6dd0d9f278e,
dff1570f-b3ef-4858-bd06-f88482eb8c34,
5ff1fca0-62e2-4aa4-baf6-9326221496ca,
7a6700c2-dba2-4a2d-b7b0-17037de15446,
b591198b-bc0b-462b-9b21-aef0a6daa2f9,abuse_group_1_fast
a32b3c7d-d374-446b-98e1-c0b7b8ba42a2,
419151e2-c3ab-412d-9fa7-6416c4bbafbe,
a2f0bb56-74cc-4711-9491-9b5ec1bb22ec,
bd919f6b-7293-49a1-a06e-ee36d4925bd0,
f0fcee9c-9833-43f8-8709-8d09e1a8331f,
74c5449e-db09-4b8d-821a-96e064dd6feb,
f5355a8f-0f79-4bc3-8fb9-0481e70ab4fe,
b70e12c9-196b-479e-9d66-5c3184fdd9a9,
8ae86921-0874-418d-acca-db6f36a9d91d,
a545aa2e-6ce3-430d-8c22-397db25f376b,
830dd41f-b0c4-4732-add2-c7646fc792a8,
ac9395c7-f387-4a07-aba5-54b1081c2af8,
d7dcfacb-ee84-4a77-a3ea-1b12eafdc0fc,
51021b2b-1fac-4f40-ba40-866da341f867,
62fe193d-7ca5-43b5-8330-2e10b4b98cd0,
bb247226-8a8e-4054-a8ff-b01f89bac7c3,
fa6b4af5-37f0-4a40-960e-d9e255007545,
2c6ca666-0bda-4b63-9004-f783bc458a55,
9171b3a8-fb12-4941-b2fa-88c8a7eedb60,
99381d22-20d4-4598-85e3-44ad887376d9,
32e13f09-70a2-4d04-a451-1dc741897bdf,
273b6818-871c-430e-b937-dbbf10744433,
bb8d99d1-be00-446c-8b08-bb99e1832f63,
7bae4ddd-7420-4ac8-bbb0-5330f917346c,
d26e82a7-e032-44e1-aa9b-136d8e54c010,
5627887f-1a8e-4040-9b76-ead670e6e634,
bec99973-cbb6-4921-8d6a-0f84d873eb13,
046de9f6-d3b5-4312-8331-3d05f45e9bde,
d1fd48db-292c-41af-8c5d-050298dcbdda,
211587da-ddef-4ef2-9211-1498dc94df32,
3b9b1aab-6bda-4681-ba85-5428880f1182,
d2b7aa68-aecd-4392-b6bf-bba5e4b9e3ff,
88592f72-f639-4e60-95c3-6690f3d852d4,
2d18e2a6-1e98-4096-8936-4a8137682f6d,
f8d650f4-265d-4338-a0ba-145112efbea4,
93615041-d7e6-4351-b2ea-a85f261659bd,abuse_group_1_fast
3b37b1ba-058f-4b3e-b019-f37dfe9b1991,
f5f51fd5-9b66-40fc-abc1-21d415d753bf,
d1fa5078-3413-48a5-a7b3-2bcf5d2e6196,
73750124-0a10-4b47-9175-cda2ff9ae44b,
64e7b7eb-6b08-48b6-b754-ad19723a53f0,
5498726e-2ed2-4ed1-9dc7-853282b9fd71,
adeb44fa-ce4b-404d-877b-e45feffc5d83,
cf6f4d7c-5abc-4361-8247-b60660eaa1ba,
3ed79d63-7713-4441-b2e3-e5adb00c016a,
2e11a4eb-eb44-4b45-9a2c-6b35b8c79bbb,
5be59aca-41ed-4ae6-9c3a-294a7f2c29b2,
f3fe6d01-9187-4c14-95e0-94b4ec620c10,
7fd914fb-1648-4e34-860c-4646ddaa2b7c,
f970ee94-0cee-4b0c-b777-1ed76319d487,abuse_group_7_slow_drip
2afdea80-ea54-4cd6-8d5c-0279089f9c4b,abuse_group_6_fast
4b7f68ef-70ab-46bd-8d39-3f54f5f39013,
709b8044-a718-4f4d-a84e-3e289d148441,
330100d9-c53a-489c-8562-021f8f25d87d,
9e74a2db-43da-4030-9494-298d61f8a03c,
3cd8b312-2e84-42e7-9383-5ec10d84f874,
84326cb2-cd7a-464b-b145-3a3ee4abd5db,
68c677b8-2a9f-486e-a658-c426aacfda70,
4c61963f-1805-4d96-b98a-5c6e853e5c02,
0bb9ffa4-c544-4930-ad0f-cb1c307ce579,
2bbb7eb0-e43a-492c-9bca-e97bc5827e53,abuse_group_12_fast
4848dbaf-2f4e-4778-8078-8f622e909c60,
7a9f6963-7981-4c0e-86f5-0efaa19fd5f8,
454d1160-a80d-48df-849e-99e77a58e037,
35a77f40-7bbd-4643-9282-4306cb9cecb1,
15e5485b-d68a-4331-a0ce-ef68303a0a9e,
d0fa137e-4f42-4654-a6e4-7ee345d4548d,abuse_group_1_fast
e6201e8a-cb5b-48c7-adce-5f53ba07163c,
47a8bcc5-5081-4f27-a30f-0362e6344aec,
c82ca388-b4ca-494e-917a-e0583c5552bb,
18dbbddd-6be5-4c63-a1da-0ea6591e4c13,
c36dfbbb-a0c1-43f9-82ca-31d1f6a35bb2,
bda4abf3-6eb0-470c-be43-c3d6f4ac3cb7,
c522f338-6e5e-4a54-b65b-bcea1634b8f7,abuse_group_10_ghost
0d58f7db-1bc3-45ef-a5ac-2268e88a80e8,
aac9829f-6fbc-4d99-bb56-270a22ede52c,
99e41d61-d82a-4351-b426-1a198bbbe986,
8d066281-7441-4ef5-adef-0a4480339634,
b8d32e30-cbe4-4124-9916-9be77ff7f832,
6bfd35f8-3d4f-4250-a6f6-43a1626899f3,
19e527d2-d6f7-4f18-87eb-5cbf0ca83c3e,
b2ee7bdc-e630-4a57-b65d-59ccfcd1c1ad,
e191ebad-bd87-4299-893c-7854e3107305,
11236d7f-2566-4152-a6b4-dcdb77d69fe4,
2e2419f9-ba48-44ba-b0b8-181c7fcda27d,
edd5ccf5-26ad-4094-85de-ad7301eeb768,
2a8e8c2e-a532-480d-9de0-9f311be1c338,
5854158e-d901-48a7-a214-525f834be4ac,
e827098d-d11d-4769-9927-5856fd08c7da,
e655b6be-5dfa-4692-8b2d-02fe5d1e7404,
ddd97ed9-2d79-47f2-a59b-ecb4eef43c9d,
aaffdc54-6d0c-4d14-b938-07722771ed68,
93b685d5-d075-4025-9a94-c94a13e547da,
e044d9a1-9443-4887-afd9-3c7d17190fba,
46be3a90-5f22-4469-9896-90768a7604f2,
fb3fdf42-2c97-429c-99e6-a3ef0d9924a1,
a527cb0c-148d-4989-b5c7-190c55dcd125,
42da26f5-1686-471a-b735-b4bf7955b694,
2b65d3c7-2c2a-48b4-966e-11ab63dbfae8,
5bfb1c6d-9d1c-43e5-83ea-ff2478e7be04,
bfaeb6cc-33a8-4123-a776-af8bbc5c65e0,
b41b241f-c428-41bb-a182-c6b9a27d0860,
03f8f103-a283-4cae-b311-e606cf867237,
ee892b15-4b82-458e-8f05-8dd77b78ada9,
ec17aee8-6860-456d-87f8-5b1c2a7c152e,
881dce96-ed3f-4a67-8e9e-850964f9debb,
b02f51ce-d492-44c3-a42e-670fdfac083f,
791eacdc-b2c9-4a86-ae56-1e0bfdd4c2dc,
128d8b4d-1f9d-4eae-87f4-c9aff60046b6,
e5a85d4d-b335-40b8-b426-2a235670e9f0,
3de82843-9561-402b-baf8-efec326ea05d,abuse_group_7_slow_drip
c6371d95-2cbf-47b2-aa39-ec46bd445b49,
8abf8231-8cd2-410c-826b-7326c6091f36,
7566c7f0-6ac8-4e2a-a955-66c6077bcb60,
52fd27ab-3b24-41d8-b3d7-99c4b19f8199,
538f586b-b6e2-45f4-ac25-df52efbc2449,abuse_group_5_volume
6c04702c-2fab-4711-8d2a-ec3b14de9d40,abuse_group_14_volume
bdbbf3df-bb80-4154-8749-5e08e89874f4,
28392289-37b3-45b1-98af-af6fd2a151ad,
e5dd7ae2-d3bd-4cd2-9fd9-d7760545e7a0,
423b0f5c-8c26-4357-9bba-0c0775847f4e,
ddea26f4-669a-4c4e-983e-79c8bc953162,
1849fc9a-54ec-4ae4-8b4f-c91125072a0d,
6bf2cea9-0114-4d58-a3d6-b2ecea42091f,
ab8408a0-88a7-457a-bb7d-56069a003a31,
23b294f1-8ef3-4288-a197-9e6b41c2a604,
b25a3e7f-e953-44c0-a199-d5b644692c3c,
b6d6abed-dabb-472c-87cc-ae187c4f8952,
4bdcfcdf-a684-4118-a498-2c190325d20b,
044d3ff8-da3b-417a-9e31-dc5f16027656,
f118ce72-fe18-46f4-9923-de581a50cc2a,
59cd497a-0063-40b2-b731-ce1bee3233b8,
c888f5cd-e8b6-45c1-9f6f-9501d9645a14,
bf51ff15-58d8-49f8-b21a-6c8001215daa,
dff53d5b-1119-43dc-a6a1-a27ee41fc5b7,
132c2d9f-f3eb-4518-841b-185ca7d5cbe1,
04d9c250-6dea-46a1-964a-fc448c1cc470,abuse_group_15_slow_drip
3ad703a2-752d-4522-a5b8-839a5a512204,
7a57ec6e-f13f-4f2d-aeae-4090cc66da89,
703d2416-b59a-48f7-a1c9-86992f455d7c,
e7a91d9b-04f5-4201-bef0-d725b42a362c,
3c3c104b-04b2-47b0-8102-4d3aaf578a0d,
d2418113-59ce-4e3d-9ae0-20a0c6289004,
78b5f65c-3620-4631-b00b-6e1c1e2a1d88,
0a41cfbb-d3c5-4908-8ff9-27d462a0c8d2,
0ddedccf-e890-41db-89b6-9befa93306a5,
118c340f-ea67-404d-851d-fdffa209309a,
497a9b81-9008-4d68-aad9-d05feeadb6a7,
f841e086-b469-4d23-b45d-fdaed3085b3d,
867ea7ea-91ea-4928-980a-e7498f1f7933,
9c1b2c15-57ab-4ff5-a966-7d3a4c84f511,
2b935964-865d-4bb0-b83a-bd226d2ebae9,
b31d1cf5-3e1f-4164-93c8-00a7d39453de,
26e6c4d3-401b-4851-9f06-1bd96bca7ae8,
f1d6e50b-dce8-4ff9-af09-3f2139f274a8,
a31ee70d-a65e-4936-b12c-cf938be0d33f,
cf1b1e68-5a56-4b89-9bec-3ae33ff6aa6a,
8bdecad4-e04d-4e75-948b-83a593fa1d5d,
09bfecd9-19f1-48e7-9c64-5ecc861d5955,
5a8eed5d-0f36-4375-8744-7efc147848c5,
034e475d-25e2-421c-a9dd-bd8b079f1595,
ef9ef1b8-49d2-48d8-be7c-d796476d7f25,
eaf8a647-8787-491d-a9bd-383956f691f0,
740e4938-2a63-4c07-9383-338da804b2ac,
0bc158d2-dece-4497-bd58-ef051e0845e5,
c0952dee-f46e-4514-b716-d034e4a918c1,
6ad9c136-809e-4093-a9ee-fd9c2fcdd44d,
6f02c8f1-fae1-43f5-a938-ceaeaeeab96f,abuse_group_7_slow_drip
a8e2b8f7-63a9-46c9-bb7a-11fc26a52fae,
9e8840be-254e-4fd3-99e6-dd35012e46a2,
58586c1d-7332-4797-9573-3726d1098bf3,abuse_group_4_volume
d268cbf2-9096-49a2-867b-66adee042e97,
88e35b8e-8f26-442d-8852-0dc157c4a23f,
762c1539-8f3e-43a5-b6e9-9cd18e8418c7,
8eeb4e32-6562-48a7-9cd1-2c953685a13e,
4c280383-e845-451c-b3e2-276c73063293,
81ccad4d-24cc-4e84-9cfd-3e286e794d0f,
624f3fa5-aed8-4935-a100-d250364f4063,
00b9c425-7c28-4cf2-bac3-90647f176d7b,
1427a6c2-dcb6-4519-a2ab-0f335257df2a,
fb4511fe-6523-4805-96fb-f38ea88be72a,
1f2e1f9c-1edd-47c2-8e25-ebc5a6131610,
d50cdf35-d84a-4174-995a-b4dd1e908a33,
66b74a64-12c1-461e-8bee-4cc0789d37c9,
075cc6ee-ffae-4e47-9175-a56d311359fe,
c55fddfd-44ac-4f3f-95d0-9fdd8a6bc346,
9504bce1-06d2-47cc-8112-c249e988b2e8,
949d30c0-18af-474d-93ce-b95981b0f1cb,
8a8aad44-c769-422d-a6c2-8a7cb033d7fc,
37ed34ba-0d4f-4326-8b36-b2f8f240a482,
0d5c64f0-6cb9-4d63-b2b0-6dfd932ec6b9,
166464eb-2630-4823-a64a-5d80b3d87240,
3acfc818-eb9a-44db-99f9-d06a1a476278,
ccb5d40b-4a1e-4d99-9c9d-08f1882cbb59,
f10b711a-dc54-44f4-8a7c-991999b3b12e,
2789c5c6-d3b4-4c50-8659-f89a9d80b8e2,
81938c8a-cb8e-4850-b256-750b4e8915ed,
7615786a-5602-4562-bc48-67b2400d1b59,
86ed9d07-71b4-43de-9277-4541325fe42b,
e1d5bda9-639f-4e68-98fe-08bb9b53b4be,
56d024be-37b1-4b85-8eda-5781fc801c65,
2f743f20-afe3-42d0-a262-3be7cc45d658,abuse_group_11_slow_drip
dc7a6740-3696-4a8a-b89a-72c72228976d,
c3e4fcf3-587a-4f21-83e1-578716b9f7ff,
7ed57ece-65d4-482f-9a5f-150df9692011,
6927c88f-14ba-4c9a-a05d-2b0258ccb0e9,
31b3e124-f6b7-4946-b9f1-84b950e05b6b,abuse_group_7_slow_drip
6b068f00-b3d1-4236-9fc7-d422c0906db6,
9aebb69d-5da2-43a2-81c4-803c9efd268d,abuse_group_1_fast
22f276d3-fa28-4363-a7d7-6f9cd70e67f2,
d9dafe28-edff-4442-9d80-043252824ec9,
793e356c-c1df-430e-ae91-c19e54529ae1,
768947ca-c72f-4381-9aab-1df5abf03d88,
cf006b7d-52d0-4aa4-90ef-2ed0d54d4879,
bc205e34-7c76-4dd2-9e3a-6ee202f0597b,
b282ae95-9537-484e-8644-0c5de491b0af,
c3b20a56-016d-48e4-a4d2-b4c117b49e74,
ec951f4e-c85c-4ce9-9334-20e86b245375,abuse_group_10_ghost
a059ee44-6aeb-42b2-9833-2a6a9c12c3ef,
759a9ae4-3172-4895-b40f-61a8455cdaa9,abuse_group_8_volume
fc1ce188-8181-48f9-b9e6-c95d4a7a8b78,
624b531d-d214-402b-842c-5f455c245de2,
62fded7c-6542-4cb1-986c-593640aa4083,
5435fa53-6e4a-4daa-a06b-a18359f68a9a,abuse_group_14_volume
c88124fe-bb67-4869-bce8-bfac182cad71,
d121e136-1f16-4d7f-acf4-54a28c7104a1,
7f131567-2e45-40c2-9f81-0389f4ac6b1d,
f2f6a9bc-6143-4795-8d08-084561637112,
ef4be1f3-69f7-4ca2-8333-e048b5a3fd72,
fa947cb5-02e8-4fd7-ab78-bb5ddab63b8f,
c3fa87f3-11ca-48fc-ad88-b269c228b66e,
8ab00a7f-1fed-4fb9-b582-cf553530d137,
1bdfbfd9-ec7d-4715-b85f-4f132dc86c5a,
fd6decb2-83c7-4ce6-9e98-19c789230df2,
9e32a164-9221-432f-bddd-21d8a6afe0fd,
ab3e4787-b13e-4d50-a93c-f02e35fd833f,abuse_group_10_ghost
00cadd37-3018-458b-a0e7-2db509e0c282,
811b02a0-b83f-4c2e-b35b-0f1724de6ff8,
8a000897-7c7e-4b8f-b649-ab7266d14d8e,
32d3dd6e-1c3f-480b-a185-765724b5730b,
f5b5fe42-6c61-4c75-9925-19f217ede806,
9ae14db4-9c8f-4e5f-8bc8-ca5d8ca298ab,
75e21401-4c4d-4e50-9124-33c9254e7975,
1475a270-3e4c-471d-8125-5844bfe23e85,
0405e863-4721-42d7-b89f-b2bdb4a93504,
8b1d771d-f660-48d4-b593-0a09051eae47,
e6ee5620-dae1-4636-b489-2805f40f89a4,
91637d85-b5c1-4ac5-b911-0441de4d20d2,
6232b4cb-64c0-49d8-b517-002bb6f2fb9e,abuse_group_11_slow_drip
e82f075b-54f6-4603-9e23-82d72d4b3fc9,
a2300bab-7008-4fe0-85c5-21161346d79f,
2b29c13a-2c8d-4bb6-9b3a-58e83870193c,
4788e3b5-01e9-42d0-bffa-5eeddde8d605,
bfe9e531-ce9c-4f46-a8bd-37c0c63c72ba,abuse_group_15_slow_drip
9eb5abc2-483f-40b3-bd85-61e27c53dfcc,
32561d4d-0247-4b3a-84b2-2451a716e1b0,abuse_group_2_slow_drip
29dc8f98-639d-4f87-a9c5-d7de0f42a6f3,
f07d8ef1-0e97-454d-ad19-9ed94ecee595,
1c4a0012-74c8-40ab-a52f-ad0d5045aca8,
3eebbcb3-c186-40a3-99ba-121856783578,
9e5b5fcc-c838-4ae8-8e73-86d246ea158d,
6e7b8fe2-d077-4c5a-849a-a81a942e89a9,
4ece38dc-3c5b-4227-a0a1-8e175c6dc92c,
1813562e-7652-4c1b-a34f-091f61939120,
c5058021-592a-4d9c-bd96-e9d6124d371b,
75aa94ee-01ef-4b83-9f8a-bd6e3c71fd2e,abuse_group_9_ghost
70223286-3030-40be-b17e-0615df9d6531,
e5ef5ead-d2b1-4c71-88c3-b932ae85b27a,
5d6f3781-245b-4f4c-a5eb-051920dee26b,
551b14c7-043a-42fa-a6b9-84315b65b98c,
e51f9489-0961-46bc-9071-8db57db85bd4,
eaf46ec3-16bf-4f6f-9c2a-f6b7d3439b5f,
68ed1e49-298a-4ddb-a062-cdf28b3636fd,
307ae69c-6daa-4794-a0a3-f39ed00c5dae,
ef8f2f5e-a29b-4737-bfa0-d9139aff74dc,
d00844c6-a3a3-4597-b047-e31d70045caf,
f94be0fc-1d62-410d-93ee-154ce35705a0,
744d998a-b788-490c-baaa-7e9705ddfec2,
c28ea813-b2cc-4b7e-a486-261728b1af98,
bb9845fc-7d0b-4b29-b785-965431599e51,
93995784-bfea-4439-9978-53a6f248561c,
48bf72b3-fb58-4e7d-a26f-938f448e0592,
45576e52-c71c-49d4-b47c-90075103a8db,
ce131bba-03bc-4817-abaf-8207dab3519f,
318585cd-ba3c-4727-a26f-f224570b32e6,
fc0e2342-bd32-4936-9b62-1b19e8fe8614,
a1edd7b1-9918-486a-8414-bee199e56d56,
7a44455a-4b99-47f6-8b32-b9fa2472a65e,
df1f923b-d9bb-4bfb-9f62-4dab2d9e2847,
a47064b6-dcf3-46ac-805e-937f646d2e2a,
45391b1c-c88a-4efe-847c-80f2cbf83f7e,
b22bae58-877a-4de0-98ca-93ecf5a66ddb,
e3f80ca2-6713-4d07-bc4f-54c5586fcfc4,
5ecae3dc-0985-4414-9380-83d8cb3b9a83,
cddf622d-dc81-4391-b1ec-ca85620fcfd3,abuse_group_14_volume
46b6eb7c-5f2f-4633-934a-6817ee99c55a,
402eec8c-cf9c-4b9b-bbe7-e27ceec71baf,
3232130d-f210-4115-b691-a0fe9da18406,
c7cb8d84-8bd4-40cc-af39-21af15faf4ac,
60ecaea7-f6d3-44cc-871e-964751a9e7fc,
6a8e0aad-4e51-4429-96ad-b852867e0f2c,
58f90cb4-936d-4265-8aa1-52fc21833dd2,
deb2b9fc-84ac-4165-a0cf-dd5cbb89b7d5,
b43fa4aa-a606-41b0-a26a-11f056aad896,
0ca6d35d-2b26-4cf9-b326-b8004108af1e,
bcdad9f5-9c79-46cc-ac30-765a320811a3,
d602e7cc-f353-43cd-9b8d-1dedaee1b0d2,
de502edf-7d8b-4300-8138-33b974efaef8,
11946755-d4f1-4327-9acb-35466abd70d5,
9f57b38e-28ab-4f10-8b24-cd944608c896,
6c248904-ffcb-44ea-b0aa-c4d1dd2e1600,
b42e4439-f1ff-4432-86f3-cdd2bdf53db0,
deae23b3-4e99-4708-93ec-f9204305e3ae,
adabceae-978b-4d03-91e6-ce9127b69e4c,
331a2c17-81f2-4228-a2ca-336b0aeebb6d,
0be8e330-9e9a-42e1-a8b0-3c5cd6ce000f,abuse_group_1_fast
d5f54da5-2fba-48f0-a4ae-adfc9ee2b6b9,abuse_group_10_ghost
9b42606c-7668-4ba7-bd17-ffc6c4780ce0,
3dd87e3c-0982-4090-89b0-db0e8f7f472c,
32a3d346-ee2c-41f4-a8cf-57686425b65d,
2a36ae5b-ef7c-4db8-ac83-ee683846c381,
622d5c3e-6fe0-4662-954b-d897ab5d3069,
25c9eb02-32b1-40f4-9802-224c34dd2773,
cf9134b9-fd28-4ff4-87d0-eba52a2e9a29,
ea6d6469-f3ea-473b-9b98-5d0d80faef06,
3968ffd6-7667-432f-a931-829753ac1ed7,
df57944b-68ef-47b4-8765-79c82e7fa7df,
6302e0c8-d8d0-4b36-9032-a651bf4239c5,abuse_group_2_slow_drip
98fffff8-c5a6-4b1e-98a3-dc9b62c59ea0,
bbde3125-913f-4b35-948e-c3a6e3fbe5d9,
4cbdf035-2dff-4166-84df-482d2438f9b3,
58786e9d-02d6-483e-8706-69f1a75afc20,
4ad5be10-da01-455a-81e9-0fd79032382e,
8b686578-14fd-4328-9f4e-67f44aff8d58,
1295a87a-e529-451a-85c1-b19a2e758d8c,
86db15e2-4c24-4f18-a3af-f1dfe1839949,
7797edcf-7d81-4795-8d3a-b4771af7ea8b,
d4ba6033-937a-4c75-8ece-5b47cf7ae7df,
a49ec3e7-ac6a-4de2-a345-8dabab2064de,
f7ab18b9-d41f-4164-9fdc-680cc96c444a,
4972e7b3-b1b0-444a-a76f-83ffb9a99c6a,
09375398-f22e-4da7-96f5-6f344287383d,
11764bba-b005-4a9e-b274-964f1521bf09,abuse_group_8_volume
3454b3dc-d24e-4cda-9663-d46ede695796,
3555c707-a615-484a-9cc6-a8d8e1c3962f,
88cce1dc-37cc-4d3a-ae96-902dd05eed97,
d16b7ad9-6ee1-4f3b-b1b1-f01cac80aaf0,
0e62b807-78fe-4d99-b94b-79bb22d23f32,
084bcedc-0d04-4340-acdf-a331aadfab4a,abuse_group_3_fast
804d9a8f-4de2-424b-926d-1f139449fd83,abuse_group_3_fast
957d260d-3f68-4dd5-a04e-36b39c5a027f,
624e25e2-7f28-4517-ab61-320447af1553,
862eec4c-0846-44a7-9a7c-4553d5fca5cd,abuse_group_13_ghost
1834a787-414c-4804-9d89-7c2861af687c,
0480cf82-f236-4e2c-8f9e-7831a5f586de,
f862890e-d2d5-4ac2-be47-fba3805bdf6d,
79ddf2fc-4b24-4461-a616-676eab842b19,
ff9dec36-5023-4de7-9c04-df5b869d8d90,
86a4e408-3c8b-4934-934e-aebdcb2ce9e7,
8fd5b886-eef1-45a7-9911-42c3d85546cf,
d5ccc7b1-3bbd-4aea-a6b0-9fe02a47fe46,
fd7b8cae-32dd-4b0b-94bf-8c10c45eaf5a,
d6282cf1-9bb8-45f8-be42-1c7eedc42071,
f5b4d722-e0f5-4927-98c4-c75e7ee82395,
dd602514-5dc8-4309-af4d-0d3b9217d8de,
29f3dca6-8851-4b8d-af23-cd8161107c07,
4e8a31ed-89ca-4f97-b3a2-84129f810148,
e2398fb8-efe3-42a8-b38d-52bf5dd0c55a,
37beb7bf-e3d4-432d-9a0a-0144e005f815,
6d9d3913-ec60-406b-ae13-0a4e1cfdddfc,
9524f16d-4ebb-40cd-9f5e-b00081791e6e,
204d9825-2123-4a2b-8f6b-e20e85fc46f1,
2fd926de-2726-413f-9216-ae1076371ef3,
f4e6b3b7-d0a5-4c70-80a0-a2fb8d9f7aa3,
3edae127-705d-43a4-8ea0-37a16318f673,
e44405d4-5547-4424-8f1e-2b68625f3e8c,
8a779629-b7da-4d83-b0c6-5a274681ee00,
35968f7f-6b6e-4abb-8b5a-e23c69aebe2e,
ff513c70-cf11-472d-ab52-a87e4654922a,
51b1a10b-7c42-42fa-8caa-9771739e8170,
fdded4fa-74dd-4744-9296-eb38917714c5,
6b4805e6-8af9-43ff-b5c7-5f8f3628e1be,
c718b201-ea09-4fcf-aa1b-b777a9ef4311,
9cdd2f05-d919-4ac5-bf39-dda1aec79348,
30fce880-882c-4f00-91a6-62068a2c4ec0,
a5a593f1-a99d-4299-a213-f3b6a2741220,
5dd9f0d5-ca27-4a33-9e50-58731f23ec82,
1417f43e-06f1-455e-9283-80baf0f68b7e,
17d71c58-f1aa-4f4b-9788-5e4697f9ec91,
2e139581-5042-4cc3-adc0-808c836dab7a,
f9e0e23a-85e6-467c-afb5-049b5541c9ee,
24893b41-aeb9-4e9d-8f59-afa97e51987d,
4a1b94f2-3860-4756-934f-0fd553080d5c,
b97d825d-766e-4f01-b988-3148ebb686ea,
47769711-cca2-4eaa-986c-270396699f1f,
f8c9685a-8a9e-42ae-8a84-0b905b70622e,
acba6ce7-ce94-4f30-b278-f05421e1d037,
477f044b-5578-4b65-a572-d2aced7baf96,
931d4c8d-e9db-4553-a7ad-2f1b1deb262f,
900d8c27-ed3f-4110-b956-a00ff76ea290,
69c50bfe-8941-42e7-88b4-c2ccb37842f7,
d219dbdb-6263-4eae-b97c-ea1497eacfba,
28c6f73e-0edc-4147-8c76-6616094cef57,
99f5b40b-f6db-420b-a2c2-a3a351104b98,
25948ae0-476c-4216-8048-9b823c9cd031,
6b1384b0-f72b-4d3b-ba99-5d705455a2a9,
1826803c-ca26-49ec-9366-8814e3cf5e08,
3839fc05-4e50-4fc1-8578-2f1bff786912,
d5eb789f-b013-4ba5-bc33-e83707d1f5c8,
954c85de-b9da-430a-8e24-5fb9f7954c60,abuse_group_8_volume
fdf5dd1d-8cc5-4e7b-bf68-5395b2f2b5e4,
2b9f4346-8521-47a1-9338-ed7507456ab0,
e6321ef0-baa6-4596-a97c-38432b20114b,abuse_group_12_fast
a8c0df17-9648-4b01-ace2-36acf8196f24,
48174cb3-e8a5-4911-8805-2bb5e72712bf,
bba98c9f-816c-4cf2-8ce0-b945a33c10f5,
46826402-528a-4934-b6f3-8765fa24b21e,
0620e533-da52-4d6c-b56f-45fc710f1496,abuse_group_11_slow_drip
34e29ad2-8a18-471a-9a84-b7007c06802d,
fb449aee-6eec-4eb6-97c4-6feb977d34e5,
26026133-88b7-492c-9961-a44441360b9f,
db6dd947-2850-410a-b2a6-4f152070dfbd,
0b7a07c6-7fec-4d6d-b25d-5da1900ea177,
0b4b4697-c1fc-4330-bd3d-6b2265bba412,abuse_group_1_fast
ee9e76b7-904d-4901-aa00-94df38c1e483,
aa3edba7-46b1-41bb-bfc0-d0a6edd6848c,
ced181d3-8c38-4ac1-827a-a5e46a584f6c,abuse_group_8_volume
9e3da3f6-3197-44ba-a452-44bbf035da9a,
85b2b360-cedc-4f5a-945d-5ebb8c084dcf,
4547e687-84f6-4655-994b-c5cea00fd24a,
af85d37e-46e5-44de-a49a-42bd278230f5,
d5e101e4-4b3b-4d36-b2ee-645a1e62c98f,
1119a320-7b5c-43fc-9e0a-fb4c1df99454,
e5537ad5-3270-46e8-9553-db36d42e7f70,
32d3865d-3fe5-4424-b698-f999aaa0463c,
40fa9254-7f49-4a38-a58c-27bb24104cf0,
64b23ff8-168a-489d-8d91-5f4c5c01286a,abuse_group_12_fast
63cdfba9-de84-4673-bd24-769b1f815c4a,
cd5f802d-0be9-4c6a-bd1c-e2838a0d1a1d,
ba3c86ea-e6a0-4336-aecc-c7026ecff360,
e0fb1587-95a1-4c60-a383-db70969b22a4,
57f615f9-5b14-449d-97d3-a47536e8c540,
04af00c7-45b8-43ec-9296-2a38e74fb2ae,
2ec47dae-0c32-48f3-be6a-a95e370158c6,
b917af88-4c86-481f-b5e9-1486da90d0d1,
c31fc84b-bd91-4d4f-b724-afc41e2d01a5,
8a714d17-dbb4-462f-9bcd-96e7d83b20f9,
44a7f99b-1755-4028-ba7a-704c0ef6703a,
1351b420-e951-4c4a-8154-63fdda212da5,
def72a39-87ba-4030-9942-fe943767feb3,
664397e6-3444-4683-8516-4de1fd76a392,
8d0f2742-4b72-47bf-9045-9b4b8d7d488c,
289e089a-58cd-4952-ae64-7fd5c5e9da0d,
422a24d4-6b29-4f9e-b82b-96066d9a8684,
4b5e445a-2129-4bcc-8de0-6a1737d48315,
1101a305-0382-42bd-b0bc-561e07760b4b,abuse_group_13_ghost
e4e8c1df-7e91-476e-856b-962399f2b691,
c65a0f85-964a-44e0-baa4-00703219e057,
7f5600c8-676c-4bdc-aa4f-20ca1b4fe1ef,
d726a584-4a5d-443c-95a7-6761e9f46a87,
753e2844-de0e-4b9c-a653-6e52bc488e58,
6262a7f6-ab9c-4370-892d-b52c6eb56b2f,
f7b6f23d-b64c-4511-80cc-59c072d55078,
40f86626-43e8-492a-89f4-ad8513a3bfba,
e685eecf-e6a7-4ee8-9672-1ba19ae4eb2a,
0541b025-ec41-41d1-a541-40df18302a95,
14644916-db68-4d76-ad65-ff3b18c0a210,
07d69621-675b-460b-a8da-c71b84c3c37f,
8b676dbe-f1a9-48e8-9a12-697c071a1edc,
361efd16-144d-45ab-a0db-53337d0e2e00,
8b706f54-96fb-4778-8a40-ded0010499e1,
0e187d19-92cf-4203-83e6-de6072d51f70,
5b9a3912-bf86-4f37-a152-95be7e78c45c,
4837a939-b51b-4c3d-8aea-ca8f08e16e7d,
e363163b-e532-4ad1-8848-4ace93c7930a,
e1d8cf0c-8d89-4db7-829a-e57f162ecd56,
f1560a91-e9f2-4d59-9cbc-addc7bcb15f1,
29884f0e-e4d6-436b-9c22-351773400884,
73dbbaec-217f-48ed-8a31-f87763493c65,
f7d6245b-6a11-4b2b-a7ff-a938f6777b67,
44b04395-d591-4ae3-932c-cc1231d67c54,
1366f957-58b8-4763-944d-b8ec88d47770,abuse_group_10_ghost
01cd7dbb-3e95-4fc3-84eb-6de8ea4e27fe,
d52cda25-7855-4644-97e2-f9cbc2d31ac1,
ebcf31a6-55fc-40da-aff3-7cee9b49a4b9,
9e8b25ae-1cdd-4f46-a5e5-09131f9ca14e,
548954c9-8c1c-40b5-ac02-bec7286d9a0f,
d4b032ed-abe1-43f3-8350-6e2eea09cbe4,
cd04a151-18d3-4c8d-8284-a8788d84d9d0,abuse_group_7_slow_drip
15743200-63b8-4c46-83d1-776238bb4c53,abuse_group_15_slow_drip
db4004e0-37b9-427a-9844-081b73ae256e,
a138221b-b12e-4c0f-b874-e555f0ee0af9,
175dbb14-12be-432b-8885-a878842a9888,
9cfbfd29-6846-4991-98d5-0ce119300f36,
68fe738b-36d1-444c-a490-aca4462d6154,
019d882e-9fe0-4610-8a49-f5b537400a2b,
76d895ec-fecd-452c-aee6-682b38222489,
27fee1fe-529c-4305-b474-eb0dda97844a,
faaa0120-1533-4aa4-90b3-3deccc7dd48b,
6b0cd8af-1f3a-49e0-8185-eef2f29b2155,
82ebb91d-1ca3-42b4-bc1e-88df8fc3e95a,
f094cc2e-9e90-4a77-8f65-33d0fe52d734,
561dfe78-1727-473c-b54b-f79731a5e050,abuse_group_13_ghost
5040bcda-3d55-4b37-89c2-2de89a65e342,abuse_group_5_volume
02670183-0184-40f0-b185-d1c9affdb043,
1c3e45f7-dc36-4b01-a439-8a5e7f2dd389,
0e15b272-7d61-460e-8647-ce6cd2b70184,
97d4e3d8-93f7-4faf-8c19-12feae383cf1,
9bb6f91f-6618-44eb-a658-27d825ce0ff8,
410250d2-ac12-4e8e-92f3-60e31670dacc,
d26ca7d9-8ecb-44ae-8c3f-fe1958bcc6cd,
3a30ffdb-f222-4890-ad84-b394d1d5da3f,
9627b122-94ed-40a0-a2c6-103f164d1443,
8f2faf8d-b16a-40f9-b5ee-36a7f4acdd05,
01735bac-72f3-4702-8d80-2be3a8f69fc1,abuse_group_1_fast
0a85461d-83a3-4b5d-8c44-e87fe8e03f82,
a19641d5-6e74-4145-918e-905aaac81310,
1cf609c0-89e3-40e9-b8db-09fe3ffe2c86,
f6d85ef2-1cda-4f76-a179-393c632fd4d6,
92a00c29-fc5a-4a00-a0a6-95e83d66f193,
2b3102d1-8aef-4abb-ad28-51644ef0b306,
ebf74ae8-4586-4714-a575-72fd0b896f20,
e32e6fa4-43b9-4175-bd28-b6ee88385a22,abuse_group_6_fast
6ec06c90-9e01-4375-b55b-2def7cc0c769,
f0964105-cf5e-4721-9a18-b4d2377da339,
c633007e-4ea0-479c-93b5-721c2c02acc4,
25eadab6-e534-48b9-8ffb-07a524efbeb5,
93c110f6-2575-484c-8537-c6ab8b7230cc,
bd5d1683-e4ae-40c8-a15d-1b0c22aa0c84,
e6537976-603e-4248-8de3-f0550faf1ae1,abuse_group_13_ghost
ffd9e3bc-7532-433a-bd56-bd623d864241,
d1f0466c-2539-4936-9c03-c24da9b39560,abuse_group_7_slow_drip
86002db1-9ca5-435e-b58f-f9e27f7c8fe8,
f53ee678-6b40-4de0-a1e2-9ae1993d4477,
baa57e3d-9fb6-4cfd-bb55-420f92de2388,
007e063e-1481-4357-9185-2f5f76817451,
560bbc9d-1ee8-4f82-8a7e-2a47ddc079f2,
8daefc27-88f2-4c7f-8667-e26fe7009ec1,
a0924d98-d08c-4755-a33a-6874bc942972,
badf08bd-b023-45f2-8cd0-9aeb71513ab9,
5d20b9b0-c863-4edd-9fc5-a4c9a153895a,
94d52e42-29a6-40b5-bd66-3cb6f8b203ce,
d97dc430-1b38-491f-9992-acfb2fc33b03,
79d3a369-bbf6-4f8e-8e6e-a42e1be62fb9,
17255509-f6d6-4f9f-a7f1-3515fc111d5f,
c0592514-415a-4eca-99f2-91afb967869c,
17849670-c8d3-48c7-b4cc-95ebc7e11e2c,
57a8b66d-f744-440c-bc93-dc882bca79a1,
b9b08935-e761-4d91-925b-50ccf7f128b7,
205ba0bd-73e2-4d51-956f-3383ecce52d5,
70b1fe4b-5034-45df-8e43-0de8adbbef35,
7f919a5f-ad87-4685-9df6-58a7e2050541,
0fd67a5f-be43-4272-b2a7-67cc5e6fbfe5,
1c35287a-51a4-43ce-b52a-f35c4920dadc,
98bbb2d7-2b64-4d45-8ddd-7d7d9aebf847,
3290cc08-6368-4b97-a9d4-15dd572d106d,
91f181f1-b24d-4b33-bef2-701c95587f67,abuse_group_13_ghost
22baffe8-0007-425e-b3f5-8d3264f6761c,
40205f58-54be-44e4-a3da-bbb2fa8a2448,
b98f0ee4-7dac-4afe-9a73-4d8a23324cec,
47126d29-0ba3-4f06-a361-8123e1dd204b,
5cf8aa88-3fd8-4efe-8fa5-e1fe5bb51614,
b5ebe0c1-2afa-4af8-a336-18d2b293a8e4,
4723133c-92e2-4fef-88db-2fbbbb301a78,
f041a2d4-9c14-4a8c-83bf-4ac2d6ac3cb6,
1c9585f4-ebc0-4c3a-9880-04db316d3233,
b2a0e145-2531-487b-9c90-386755a057fe,
91101c4e-bcc2-4be2-b0b1-4526f0a5fc19,
0e15a9a6-c532-4611-a883-1914734249b9,
3c4c77f7-bf32-4cc1-9f09-2ea7614b13cb,
6d0184be-73b9-4d45-b524-8fce0fdbe8d8,
29d36db6-92a3-4679-8f86-223490453643,
8717ee18-85d3-4264-bc68-b56649bba798,
34a30e73-0324-4fe8-86b8-01baaea4d818,
78dcb78f-4787-463e-971e-6060076d149d,
9f8f47c3-a128-4d08-b367-bf90513e0bbe,
81d0fdc8-b8ef-4653-9cc0-2b6ac3c986d8,
fe8e196b-f7dd-47c8-a0a4-7213e81f26c8,
f15b3444-ef8b-42d5-9900-1718b864f923,
de8ef142-5e40-4eeb-8002-28e77397d890,
318b89d4-3311-4aef-acfd-9f7431f79bbc,
08f3e379-1569-4cbd-8c9f-62527925a091,
0143247b-bbe5-42be-81cb-bd38bdd6ccbd,
ad0dae6e-5872-4db1-ace6-03ded31f5821,
ecb01e84-23d6-4eea-96b4-e50eb8a915e7,
a4227a02-f19e-4da0-a509-457d6ac36b21,
3533fadb-c3ab-4ce7-a70d-49fa6b9cc62e,
cf223eed-f311-429f-99a5-abb771453f3f,
d3c191ff-cd09-4836-9625-14b221b8cc75,abuse_group_3_fast
1883cb97-4026-49b2-a5f0-a38687fe6ef5,
c2c8edb1-7841-4fbe-b17f-1bdb563134d3,
7746a00f-c71e-415d-845f-fd9ce6f3ec5f,
5b904c01-a7de-4181-8314-0e6b2c74a797,
1f8c9d1d-fb05-4b24-afc8-e3ec790763b3,
6d91626c-a87e-4a54-8359-530a579a0931,
2c761dde-5063-4b7b-aec5-0c98a29f3015,
4f3534bc-106d-48ac-9676-91fe53eddd31,
c6ed5ad5-c12e-42ad-8000-6ebcd1d76dba,
18e08711-cf66-4ed0-bd82-3215cb422585,abuse_group_11_slow_drip
998dcdee-d1b3-41e6-9d17-319fad26d56b,abuse_group_13_ghost
5259c33c-65f4-4cbe-8e36-87786a3dbfe2,
a60a3836-ff67-4dec-88a6-f3bf12c7508c,
00520390-f935-4f5c-b44a-70a93d108d00,
1e7ac550-f969-4cf1-bafd-33e06ef18c21,
2a8247fd-5f8a-41d5-956e-65f69aebb523,
658711a6-07b1-4a62-ae54-ed9560d1984c,abuse_group_3_fast
1b5b370d-f00b-42d1-a493-85e640f52964,
0d44c70a-98db-44ae-a855-c9f0fcba3130,
835618b4-1008-4951-bc1b-28fb8a3aedbd,
c5b05a10-b22c-4725-843f-ef46749d1ba1,
788fedb4-0a22-4c85-8560-15585f557cfb,
eb5dc680-59de-47cc-a02e-d77e47d5fdd9,
f3547aa9-6b55-42e9-861f-e5c5c91d09ca,
a3a7c29a-075c-471c-a012-851c0530d01a,
1c4847d1-2ecc-43d3-91b1-45b0eb50390a,
339e2248-dc5a-486a-b0f0-3797a0e2a5f0,
b600669f-c31e-4d1d-9ed2-cbef5102336c,
4cde5b3c-b694-4991-a3f0-f3152b2610b4,
bb08def0-edb3-493d-93be-e946874cbf7b,
a8ac7c6a-5d3b-422e-9b9a-eed8502e4996,
1c62c515-069e-4398-81e4-02d58555d823,
ad9dddc3-b750-4f14-8bfc-acbead0d8a93,
25e14270-c35d-4fca-8534-0864983938ec,
7b9ca58f-1fa8-4f89-a498-c457682b3497,
fd9c173d-88c3-44ca-9e72-bb0699a4fd79,
aec37109-eb8c-4b1d-bc66-1e196871810e,
8c0b7ee9-76a1-4265-8f01-b9f988ed0761,
a86d53ff-fa0b-4f40-bb32-e8e9efd9e75d,
420399b2-7735-4941-a334-13b15c850511,
02424187-38a1-475b-a764-3ac6cc926174,
c0191156-9eea-4e46-8481-3e5cbb51a2e2,
25771c6e-2ab9-4b75-b9ae-c574d8c076f5,
d010d38b-f5ae-42a2-9bf7-5090e8a21158,
c88655b1-3b84-48d9-b49c-0b2c3ed564d5,
4852f8ab-5555-4e3c-85ba-9130f51b7e0d,
1965ee32-468b-43dc-9755-3dbb8367f1f5,
5af15530-a1c1-4ae1-b414-3a88178d9843,
8096342b-64f4-4684-bf6b-ba4080adfc03,
0c1b84e8-3eb1-461d-b24f-ae7faf58ea73,
3e5be3dd-36d5-44bc-835e-30e7752f1283,
51ed54bb-4fc6-4004-834f-802e774a999e,
2a0546d4-4616-4d75-a498-2c75b1e9fbba,
ab81453a-324d-4075-852e-985c503921ee,
8e25e530-8358-4acb-a5dc-3e4123253310,
80b8bee8-ad7c-43a5-9078-d13a93c2ee1c,
f6c579de-2734-4d04-b9dc-e5a35503d8ff,
481973d1-3369-4acf-9104-34fdf3fe194c,
a8425c54-bdb9-43e4-8443-8f0b2a81906e,
0060a22b-c829-49ce-b783-cada7c5173b7,
ee8db448-c972-443f-ae0b-6342c8f49279,
8c63feab-5de2-48e9-aca7-aebc5f1e8a43,
55ac7874-f906-4302-835a-2f7b9b35dbe6,
74822b8d-a207-4f3b-b3f2-b88fbf40cc41,
912793ea-00f2-415a-ade9-71841a2f61cd,
1f1a7f1d-fe1f-4210-91a7-c0b53f4cf9ae,
7cc7b3c8-f1f9-4ffe-ae67-b567b5f77a66,
0a05f519-f1d6-4cde-9e06-0c8954be35a5,
8ab51cfb-9fc2-4937-9cb8-57a27423fbdd,
2c92f378-cdb8-4672-928c-29b100cdb632,
b1428ed3-794b-49b5-b588-9e25c12a56bc,
677cea75-8134-441c-9f1f-a65f35c1cc18,
11e08980-c105-48f7-ad64-5e49362b074b,
af39c4f6-90d6-455e-8c15-89784ab1a32d,
3a1b1125-320f-4787-a50b-0c1e661d96bb,
d21c9849-9190-410d-8a39-7b80b3b1705c,abuse_group_9_ghost
cdc1da5c-5afe-451c-ac59-3e61822b70ff,abuse_group_10_ghost
64399d12-b611-4665-9f80-9bbc41a1b958,
67e34941-f5c1-44d5-a8fe-2ce74ad23a95,
e4cab06c-eb7e-4bf7-b7a3-725f8e93c915,
be0c5835-9389-4ae7-a4bb-cbdaf736cef0,
c21a9490-73ca-422a-9baf-c19c55239ec3,
854b8b3a-fe1b-4be9-9713-dfa535309b18,
320e0aef-f335-443a-8974-68ed77c6990c,
6fa2e4cb-0131-4be2-bbfd-a4fc3151ceba,
43885c94-0020-4c63-a27c-2550646878d8,
0a968d9f-e487-4258-860b-83d81d20898f,
c83ce956-ba0d-455b-bf22-26ac70322150,
092e9aee-f47a-474a-9034-99811b71bbd5,
b6d2eac9-c592-4038-a87b-72e4aaa597f3,
c59c8795-dfae-44a9-8662-a13937b39127,
761adb73-d905-4059-b6fe-a0993d22ad23,
ced6ffd3-fa3d-49f2-a514-775521214ee8,
6980763d-a695-458c-bafb-7914bb64872c,
5142f268-993e-4932-b8b3-d462560ca55f,
3f6bc7ac-5bb3-43af-8ddc-c12c33ea3e9b,
191fefa1-fd9b-4f52-bb63-404a05de3c03,
1adf42a5-7e71-44e4-90fb-97f88bdef079,
2daf0b71-8712-460d-be3d-02c291f711f3,
c4757df0-c39c-464d-ae3e-01b85ed24656,
d4ee735a-97e3-47c1-b4da-85779f5f89fe,
9db0c6c9-3dd5-46d5-83fc-52f2ffa36e60,
a0c14bc2-5593-4eec-9931-6eb1f59346f7,
0c67b413-680c-411f-89c9-a7417429c58d,
0975629e-3723-4581-b58f-9c7629cbd833,abuse_group_7_slow_drip
27e58539-513f-46a8-99f1-765681584d86,
97c838d0-40b5-46fc-9982-0f0e3d5d778a,
ffe6290f-929d-461b-8120-b11faa721869,
586f8002-894a-414b-a4c8-c5b280d56c21,
eb48251a-87d6-4593-873f-f3a19f65210b,
055f0781-7745-44bf-84ed-d63b96fd386e,
b8000d97-d521-488a-9c62-848fd2ec5882,
216ac2c1-dc83-4457-9a0b-13a8ba79bc9c,
429cd4c2-5281-438e-bf3b-2b8a27f3aff8,
7a96e034-7072-4376-9049-40b100099d7b,
e21edfd0-334f-4313-9c39-4fbebb3964c6,
76ce233f-c8f3-457c-a0e6-dd5fdeb04731,
716bda34-accc-4155-bce1-c88e818a3877,
bf55b689-b7fe-4da1-a3a1-86e3b15ac7d2,
90138828-60c4-4e34-9a53-2fa5d9bc728c,
68218427-56d6-4d05-8786-22f0f1ac0d3c,
8b7cc08d-6d90-4f20-8642-1a6245b8c48d,
f359dc68-6455-4638-8e81-fcb62348f081,
fd46471a-7c4e-4688-b588-ed38b1b058a3,
254c59ae-50ea-44e5-81e7-b72b2307ff12,
2e01cd9b-89da-4b10-935f-e9ba867f952a,
4e11b803-3a05-4ac4-b176-3d9e6e53a91b,
4fbd98af-b2d3-4a69-aed8-a411b6b7d2fa,
86118f21-3938-4371-b641-e5eb23381cbf,
8345502b-027d-4626-a905-6facb5ec69fa,abuse_group_9_ghost
a95f3f34-6b70-4165-9cf4-cf0ba6c9ef5d,
b706e133-65db-4ff2-b85f-a3e8826a9b39,
e23a1bc9-feb6-4162-b768-86ce24caca06,
de9d1698-38ff-48fc-aa35-9398ca5427ea,
3d3bf5fc-ba31-4809-a1b3-3456980c887b,
67e65315-649f-4860-aec2-e5121ac7ad06,
f9ec8886-c4ed-4403-9221-d55c81e98a48,
0518b552-7eeb-4d56-a8e6-b9b731f7fac4,
9db3a280-b8cf-4c1e-9326-858c04007ac5,
a4c62a63-c162-4ac0-91c1-ca236341cf5a,
d4938f0f-c4f7-4385-9b7c-205f708c21e1,
87fb9211-75c4-4619-9de6-40906a7b5bc9,
8e350776-811c-4f97-961e-3d6a6d505f9d,
9f47d665-ae7c-4342-b67e-7ebfd87852a3,
a80993be-578c-4a68-9f27-4910d1c05791,
0f068b4e-c5ae-46e6-98a9-526325320252,
7e37e870-ed91-4083-a8c2-dd4476d6d030,
36c536b6-618a-413f-90a6-c9c6bedcd170,
f4c794d9-0c1d-4c41-a245-f31fb2a7ba19,
dbfe4af7-3b37-44ee-a899-9a75f3f258a2,
2a39661b-8f13-4b7b-91ae-0f0cc07bed52,
df578080-b137-4d75-aa81-0a8acbbd9e17,
d4d4490d-0f4f-40d5-a41c-b46bbc50dfa0,
a4311ffd-68aa-4db4-a239-e69c5fb5bdef,
2b96b31d-478b-4ce9-b9be-29c4b1eb022b,
c968881d-6724-4ddd-84f5-1bb99d4a1ca3,
05730af4-128e-46ec-a813-a1db25abd1ce,
3b5f2db4-269d-4d46-975f-41b644b62e5f,
83be7993-842c-4a2a-b03a-dac134050886,
77f84474-f6c0-4125-9e5c-6da74ca6d288,
2bb9e810-614c-4047-9842-a0fafe383ce6,
f9e1df84-305c-4121-8bc2-079f11a5f3f0,
392d6f22-4e91-4188-bc7c-5ba505e8dfb9,
a073ef93-e460-4330-b21c-26938177f347,
82408cf6-86f9-4baf-a49d-a1c4314d23ae,
84e82d89-dcda-4d6b-a3e9-95b1383b3d54,
4ac46e57-af3c-4cfb-9567-e08af2a4e0c8,
7a7834bc-2034-4ea5-924c-3c9db2d03766,
6661539b-a470-403f-9c67-feea431f14fc,
3e092e39-9865-4274-8d56-78b1e922ecb0,
8605a5f3-acd1-4fbd-8fa3-7167f70b04d5,
1e5bea05-ff01-4d38-baab-d9968b83ded7,
e955fe01-ed47-485c-88ab-136b3a5f2d98,
3c22227b-4a70-4ca5-a9b9-d8a88047052a,
ee14d650-bf8e-41c9-8840-ef9f20ba95fd,
ee404f9e-1f63-4eb2-aff2-6ac47975d45b,
50708af1-5ed2-4d42-ab5d-3f7f5caee7f4,
3e54b8b2-3ee1-4cc5-9565-32e5d0647847,
29122938-9f64-4309-8ba7-9cfc5b63bf60,
8fb0f521-beb7-4e63-b342-808c79a8f2d1,
819ba401-2386-4193-94b1-f09e07146f63,
60836992-9085-4381-a566-db0388a9de20,
44a263fd-fd6e-4a2a-affc-661a91c5b3b7,
f8f5eb2f-6b2d-4eed-a9e0-5fcec5571d5e,
1f0131b7-37c8-4b21-8eb4-b6b71950df00,
ac3e38c2-f2dc-4caa-8469-5caaed74769f,
ca0fa4e2-80d0-4ce1-888c-dbdbdcfda5dc,
c1a84d63-63f1-44f9-a17f-cb2a2f8e5bd0,
63a7e3ef-9ad6-4db0-bf2f-a40129d3efaa,
499567e8-8a1c-4ac7-89c8-423a5150ea96,
dee491bc-59db-4c39-be2c-948767780e06,
fea48f91-02fc-44a9-8586-8d44d9252b2d,
7046e846-2af1-4d0f-ac1a-0debededfb69,
31591e13-a8ef-4a53-8f66-5e549dec7345,
6f39cd32-6bf2-4fe3-8b03-47176c18dd8b,
49cd20c8-da44-4cba-9770-afaf6ed5ea00,
688a81c2-e932-4e20-8134-b161664ec3e7,
6088b982-c190-4187-a150-8a14d3d2a435,
02527b6e-9297-45c6-a0b4-25ea4ed4925b,
fd8929bb-22de-47b4-ad13-26e614d668e3,
aabdd508-b3c2-46e8-86e6-66d6606354a8,
82ac5b21-5d8a-4325-a704-7a8e15d2602a,
8aeae137-c334-4181-a2af-f85440b27386,
7e95bac2-59fc-4a07-9939-d4e8d5ce9311,
d29fd566-0bff-4fe9-9331-4c1dfcd1d1c5,
ef0399d7-6c00-4384-9420-aa9d727496b9,abuse_group_2_slow_drip
1e931739-c4e5-43f7-b2d4-e2495398318e,
2b811bed-009c-43d4-a46e-9d24cef5bcd4,abuse_group_4_volume
43332488-6d0e-49e7-8e74-1a9ba7b347bf,
3f14650d-dec1-4629-bbf5-55ff7edc87ff,
47cc98e3-ee2e-43ed-8689-e5e39a9a5e51,
18fe8144-2033-4138-aa80-90b8e23edcd5,
c3eea305-023f-45b5-870e-db3ee1f608b0,
da8b4504-8cb0-42e2-8414-98359a0bab10,abuse_group_7_slow_drip
98a36fe7-657b-47c9-b742-51b37d2d61df,
16a24620-30bd-4bca-bb43-1adfc5d39a17,
4a2fee9c-99f2-4bbd-b00f-d356ef44546a,
0bb5823d-b61d-48c2-9bbd-015638000178,
f816bdfe-3eab-411e-a8fb-74f12af33126,
78cd9d11-f60a-4a1f-af11-a9d177979c75,
196c9e4a-4945-4147-ad46-13b6a241ba1b,
69d6ec13-322c-4084-99ac-a6e3840ae979,
48b04524-3a34-4a2a-9b93-738f1b660297,
b87afb79-4f24-4c7d-84d6-9766895974c3,
3c7ab181-ef88-4b7c-8aac-b2aff0139a07,
95f3247f-1ac3-4fb1-84fa-01517d57086b,
58216b61-27dc-46e4-b6a9-3ca7b029c77d,
e1fc131a-c0e4-4e44-b272-a743e66b25a2,
607a599f-4712-4e1c-a072-9c829fa1a086,
6d282b71-386c-42bb-a2f7-1e9f29a6d121,
41ec7530-d4ba-4528-91f7-95246998b650,abuse_group_4_volume
fc5b6ce6-d4b3-46be-9959-86b5f28aac61,
271f5877-2a05-4669-90ec-37f5c94cbc46,
07bfc3e3-0c67-4733-a88b-e8c6f392e9ee,
204a7b15-5982-4863-a380-bcda5611d4c9,
a566a74d-5d3b-4837-8f7f-01bceb656a93,
5e730ba9-85d1-4905-8feb-be77bbaeb826,
8cf4fa67-fe30-49c7-b581-e4457e9a2b5f,
afb893d6-0c40-4449-bb73-613c0c3c73ac,
fa5607b0-a402-4415-bbb0-f337bfc21dc1,
e8266d05-80fc-406f-8ed5-8f26ba2ff4ec,
831f1f7d-84f2-4abc-8762-ce4af0f14987,
8d5530ce-4b56-448d-9a4e-7d05f29f8d6e,
ea94ef69-f930-49e6-9d1a-4d69d8e6da8f,
fd190453-8417-43bb-ad9f-d7ef26493ade,
7dec37d7-eb7b-46f7-9b14-2571855441a2,
9e8cd581-0e77-431e-94f2-8a91c24cda31,
d5a0c03a-f377-4c2a-95b0-0a871c7c5e63,
a002354d-7628-48a5-8038-5cd7d877d0eb,
3e96af8e-764d-4fc6-839d-2558798953a8,
5dab4adb-7fa7-4851-b78d-b682e357ea07,
3b245e75-f6aa-4e2e-9147-a62c420c6003,
23a8a690-8930-4e2f-a1f3-3f7f21271a82,
ccbca4b2-0f74-4d3b-9328-76304a229163,
bcacaf04-43c3-4336-a6bb-abd72beb2181,
cb34f544-fb8f-42ce-86e7-f94e50cca985,
c9f2e70e-2db0-4ded-81e2-f45472c4f477,
cb96434c-759d-46a7-8b6e-cd43af563fe8,abuse_group_3_fast
892efb05-a2c0-4e48-8288-aaa573a5e9f7,
5eff4761-6ce1-4670-bc06-dfbcaef927c8,
05419976-a19a-48ea-b49d-26107c8e7ccb,
27cab582-d1da-41b0-90e2-cb3c6025c2dd,abuse_group_2_slow_drip
289b7a62-a422-464d-8ebb-069eecb3f01d,abuse_group_6_fast
ff1be082-4554-4f89-89fe-13592c3113b7,
5ee05d7a-c584-4be3-9638-f63fed74f198,
bc3ac124-5521-45d5-919f-b71a052f7c45,
2f4146a4-95e1-4201-a7cb-00855147385b,
496b88d2-1716-4c0e-bc17-0448f1777288,
fd1006bc-6c5a-41fa-812b-1cbefd125e48,
025fbaee-1d1c-404a-933b-88f1ec2f9226,
fb2ec68f-704c-41b1-94ca-4155d185ce23,
968df93f-495b-49e0-879d-04a4a7e6bfc8,
d0303724-29f9-4875-a3f7-173f0f890754,
895bccae-7a33-4a15-9fe9-97f33a1aab42,
81909fec-4637-45ce-8e07-4f9a6297e023,
351b36c5-ffb9-4552-b763-136f655cc07e,
7c36edd1-cd32-40ec-b1b8-18b76bdb270d,
fc34793d-1f24-4479-9be2-05c866c40c95,
3dedc5ca-1d98-4b95-8990-dfa0f2cd41a3,
4f013a01-3f29-49b9-8659-f70926ce5c88,
225c3b2b-c96d-49ce-93c1-6b3ff5a84bb7,
a5fe5f1e-f538-4304-90a8-3df01cb5e169,
1fd2393d-bfd7-433b-8ac9-0ccf85beba8b,
50ae31da-7034-4eb2-aa34-1678e8d2864a,
cddf957a-0004-42a0-9303-c9fde0baffcc,
09db3283-42d9-4be6-b875-44c7357a33bb,
42ac0155-e7ca-4e3c-8f43-94305f10c0cc,
42c6f39b-63b4-405e-9d67-bc75395553c0,
238bf0d8-a41b-4398-a56f-7ab4b5c255d7,
