payment_id,type
c1f629a1-8bee-4cb5-990e-b7d17a728e2f,card
383a6534-fd64-4545-b56d-b9561527a822,UPI
1f992f51-ffbe-4d47-8984-206912ae6706,card
25e6bec7-5f30-40bb-a325-a1daedd475b9,card
7dd12829-23e6-497d-89d9-c622b24e9bc2,card
49efb548-67a8-4343-b74f-82bbea6fee6c,UPI
2b4c7215-07d9-4918-ba93-8d535674b683,card
379b7ddb-592c-4c1c-952e-7c2a6dc5a7d5,card
c5d980a2-3e6d-4289-8884-b32643da0923,UPI
f7556b2f-ce70-40eb-a242-0d962ae96d5b,card
96f98373-8641-4645-a01f-8afa67801a1d,wallet
98575dae-b49b-4901-936e-4273e89bc1ff,card
bcd24c52-9fbc-4b09-ac94-848dcd8bccc1,wallet
1328d1c2-e02d-458c-8bbf-4a8ad024cfe2,wallet
5711d3b0-c431-4929-a849-709dc7e92cab,wallet
ba8aec4a-2243-45da-9058-bb2f299f304c,card
01962a96-68d7-4fdc-be43-31e55df323ac,wallet
196a84f2-bee6-415d-a2ba-a539c6345cc9,card
04f1f24c-90cd-4d5c-b2ca-95de1abd7321,UPI
ee287adc-a0cd-4cf1-ade3-4119dba99ecf,wallet
96c1adc5-7b4e-4f1f-be75-d93402c7e5de,UPI
0bfb4598-560e-45fb-8c9e-dcefb1327f17,UPI
469d8b62-ee45-47f3-9741-a91b8eadf5f2,UPI
dd98d0df-82e1-47d3-bf6b-1a85f24f0f43,wallet
21d4aac9-9991-4281-a45c-0a7e83905759,wallet
fb518f5d-f72f-405a-8615-7f82a60f289a,UPI
9f3db4c7-10be-457d-b447-5fd51628cb81,UPI
f4fca779-3f90-44d7-99a4-01750578be1c,UPI
e545142c-4682-4119-9e6d-fe67717713b8,UPI
453d2c18-513b-401e-be18-2bb8885d8df9,UPI
8e8388d1-b9a9-4b57-8baf-289fc9145111,card
00faad61-9ca9-4451-bf51-473e71880641,UPI
821829fa-8b8e-40cf-b203-0e95618ba73f,UPI
7b2540fe-d5ff-4866-9577-43229c3c8ea6,wallet
110458f6-5c47-4cb9-afd6-976d8a862aed,wallet
b3ebbd34-303b-45fb-b5c0-0ff744143473,card
c8a65eca-94d5-46ec-b632-38d43bba198b,wallet
f7adfef4-45f9-45da-b459-387c06d7b08e,card
f6d97d2e-9af9-46bb-9552-78c7dbf9c04e,card
cbc2a164-be18-4713-8c9a-a52bffd7beb1,UPI
28cb7220-316e-48a5-8272-7fb615b00f44,wallet
9e00b8c0-fb63-4af3-af22-1daab5e860cb,wallet
f5a997f0-ff54-47e2-bd69-33ff98f434f4,wallet
2515684a-307f-457c-bb10-360b581d6183,UPI
8886c847-4119-447a-84be-e87dd58ffb1b,wallet
246be88d-2f33-4bad-a27e-88ab5b8b49ec,card
8d2811f6-568a-4e10-ae8d-2320e0ccfab1,wallet
7eb02710-13a9-41cf-aaba-f268ff16c2e7,wallet
4f562b04-38df-433c-8855-f976a95b61c0,card
607c4214-2c96-45ae-8af7-31325b89f35b,UPI
39de50e6-8903-4ce3-91ca-868ff0cba287,wallet
fd64c95d-95cd-470d-b7b3-7197411f4cf4,card
d3e1252b-ebd8-41c4-bf76-1a837793a144,UPI
81cc159e-c7cf-4655-b6f0-066c078716c7,wallet
7a2a5567-a61d-40d8-bd96-62f3a1fa862a,UPI
03aaf609-8d27-4a0c-a344-1ea10cf3f0da,card
42e8406b-1d93-413a-a2f2-6f9587f2f492,UPI
edc9a757-ab9d-4b08-9e34-48c53a7bf979,card
3c75b9e2-e3fc-40ec-ac3e-604156588dae,wallet
c56d1720-7ed8-488c-b968-0247f0a90a8f,card
e4f07791-392b-4ccc-8982-5fca2ad11f40,card
3e33a32e-66ac-4c85-8e41-c8dc2e6a5e9d,UPI
b6bca98b-528a-4f1a-8b8e-db0b02e005af,wallet
6b5e2e49-52dd-4710-92b8-275a63488ce6,UPI
b219613e-5ea1-43ff-9f93-2485f4f35d0d,card
96d74ac8-75db-4336-8a44-58ece5d4e2fa,wallet
3547ceda-e84c-430f-8435-8a43e67d4876,wallet
c98b41cf-a243-425a-970d-7cfef7358b9f,card
1b853e2c-93fb-439b-aae3-3d327ab39556,card
235b708b-7595-4727-99a2-3e70a1e254df,card
b55f70d2-0e8b-4ab2-8113-83fec217985e,UPI
2c9f11bf-eaf1-46d8-b8af-f8deb4be33f4,card
8c4f8d87-9df5-4c26-be1b-c717d762327b,UPI
f01c324f-2732-4556-95cd-eb09995a5d57,UPI
10d4ea51-9d33-400f-a31c-5b2aaab50b15,UPI
f731540c-fa42-4079-9e39-c0d6fe9fb621,UPI
12ece6a9-f42a-4587-b284-554b5b57d561,wallet
66f09325-3090-4962-a77d-b062d8016eb3,wallet
d6d3ebdb-b0d2-46a0-a45c-742eb4106834,wallet
c5f7c551-deaf-4442-affe-924e46893951,UPI
5924f0a0-a6b7-486c-b714-c1effb3268f8,card
eda7a3e3-b026-4fc2-851b-5b725f0db83f,UPI
bbe3781f-dd76-437e-bed8-d57a8bacd209,UPI
75d5d33d-f629-4037-ad04-3428944bbc39,card
0b871720-1d5b-4532-aed5-eee89054cda0,UPI
36ef2fef-eef6-4fdc-83d8-672e5b15307c,wallet
8de09b38-c68b-4257-8036-4d8a3980b51c,UPI
2b0165cf-38b3-4aa0-92b4-25199d664a78,UPI
643bd4c2-552e-4d23-a3e9-587c374fdabb,wallet
78a3b596-19b9-4979-903b-f51c48b3b08c,card
addcf82d-3c15-420c-970d-e92f21bc21f3,card
8227802c-0a50-49e6-be81-c057f6bd8eec,card
0220e305-1eb1-4ab2-8a6e-2d6ce8ae06a5,wallet
0eef1af6-c412-4ee4-98b4-e106c835f300,UPI
7966e3cc-6f25-4d60-900f-3c169249b3d7,UPI
c7670311-006d-44c5-9809-edae2490d7e0,UPI
2113999d-e586-4213-8abf-3884d526afbc,UPI
8c67e88a-ea79-4f30-be5c-5eed46e52b9c,wallet
95e16505-19cd-4280-9606-c3fb0622fb1c,UPI
e6722b2e-5361-4ee4-9ea5-2a373aa31096,wallet
287edf69-e1fe-4adf-ab93-ef2962302162,wallet
cbe48e31-33ec-4035-bff2-eccd53210a47,wallet
f117e818-50aa-40a3-abcb-86e66fedef83,UPI
b9312675-ab74-44f2-88f6-a28dff053572,UPI
f83aa1b5-3854-4eea-b921-fff534c74156,wallet
c4739cc6-cb0f-4316-8cce-979902a04b26,card
52fece0d-4954-4b9e-a83c-e556fd2487f6,card
7ededcef-eac0-4d7d-a3bf-42bdaa95140d,card
75b059ea-5e5e-4abc-a6ee-a6751b016980,card
865cdd74-90ed-41f1-99c7-7a5d09d5e1c5,card
60d762e4-6c5b-4bd5-a4ac-0201fefd2386,UPI
b57bf6b7-08e8-48a4-9bad-6639646de848,card
3c8287d5-5143-4ccc-a6a3-4ad01303b004,card
b3ff9bb4-5b26-4f6b-ac98-1327d8a0bfad,wallet
1fc723ba-704f-44c8-b982-88535336d91e,card
20a9fa33-b2d9-4b40-82fc-fb849047c836,wallet
8ecac3d7-d9bb-42bb-a19a-95da485f6240,UPI
516bfc04-87f3-4230-bbca-46cc15094567,wallet
7d7c850c-bc21-41cc-b016-c950a6ce2bc8,wallet
c3267db5-f092-4722-bffa-3f2709b80ec8,UPI
b545348f-3372-47fb-a0e0-752b2e4f7399,UPI
548ca431-a50d-4717-9c32-82752708530e,card
137825ad-5df5-4873-9f18-1ecc5550256b,card
e2540bf4-dfc3-436c-989a-ce693524011e,card
31dbed02-944f-43b0-9b75-7f65e22ae98f,UPI
b876354b-a8d4-4f18-bf7a-61f49f1e4ca5,card
ee10235c-3cc5-47e2-88ef-cbb91ca658b0,card
5b3f47ad-44fd-4f75-accf-6db7cef6dd02,wallet
f8cd2f23-4e61-44d1-af7f-7d2f371c9625,wallet
9713da76-2acd-4086-8baa-49f789927e9c,UPI
17da95d0-ca0b-4950-973f-8a11eedf5ce5,UPI
6c4de998-4511-48f3-ac4f-2305d2891a7a,card
28c88646-bdad-475f-9c25-b79bb3e7461f,UPI
d7b36ed5-3f40-427c-8087-e44bea20bfcb,card
78380104-5c4d-4402-8eae-8cdb892eccb7,wallet
e9b8a1b8-f627-43f3-b03f-591012fcc64b,wallet
ed9fdc7d-ee63-4dd4-a3f7-cb89da4cb3f9,wallet
20af8b8f-e00f-4818-9596-7d621c1bbc7d,card
b57d46e9-083b-4f8d-9d9e-df8ef05c9bb2,card
a6615031-5900-42a0-8cbc-01bfab5f3e2d,card
9f19428c-f2af-4cf7-9622-4672916faf00,UPI
a7cd1fbc-bb9b-468a-ade3-d8066211791c,UPI
3230a36c-9b10-488f-acc1-c2963f34968b,UPI
4c4218ac-bdc7-45f7-ae6a-571c84c9713c,wallet
d855fa80-d1d8-4bb1-8de8-7c6d6f1475e4,card
f6b1f397-e1d8-47ec-8cb3-b79400b0f475,UPI
496cfd04-21e5-4ac6-9049-78faa96000da,card
799b6a8d-c90f-4e2e-80f6-eacf0108e477,wallet
2818d58a-0dbb-4589-944b-2ca740063705,card
c6ba6540-687c-4214-a51e-121ce804d013,card
d487bd55-559a-4415-8579-bd73a7701ab0,wallet
3794a13d-cb0c-4e21-aef6-581dccdd29bb,wallet
e1ef206e-fe7e-4daf-b61e-789a2ba5d006,UPI
67ca19bd-47df-4f3e-91cc-d97b1a68ebcb,UPI
1355c4fd-4969-482b-a001-800fc7174b8e,UPI
1e993789-78d9-4ebf-91c1-00f62ac2a4d6,wallet
9e41ea2e-61d5-4720-aad7-1eec4e92641a,card
87545bbe-3582-4f44-b429-8e65e3c91802,wallet
8c157674-d5d3-4d21-827f-4409dc2639b0,card
c0a6b46f-a714-471b-acd2-47d70b22a05c,UPI
ed4df6b7-72b0-4fe6-8d0e-e2cb03f5ed21,UPI
1ff46c57-5ece-440d-ac9a-1ef4455f9a2c,wallet
468d4935-304a-4062-86aa-650a0634e89d,wallet
145b4d37-355a-4ada-8e35-eb90f0c4de9f,UPI
2a133259-533d-4b8b-98bf-021252e561d5,card
cbe723d4-98db-4eb4-9706-a68189b96f6a,wallet
78199351-b6c0-4c78-a5c5-7b257a1476b4,wallet
5b345505-9c07-4aeb-9399-1850097cf5e7,wallet
f94b4c01-57e9-492f-9315-44345822004e,UPI
d02df338-fb77-4430-b2a6-4056edd10324,card
de4c8ecc-ffb5-4cf6-8c08-1c771fa740e5,UPI
8060d573-78c0-4efe-b7f6-50c2e9d70dd3,UPI
80355870-2d47-41b2-bac0-39c6395785d0,card
dd7f400d-c3b3-42c0-884d-7bcf9d2e86a5,card
d146d19f-5a5d-4a8f-90d4-e0a23b75afa4,card
06a2c978-2e3e-4937-bd12-956fe4ee117a,wallet
b82424af-bd59-4dad-8f06-279b07cee04a,UPI
09468188-2d87-4332-97b8-2e997e5bf363,UPI
7304b1dc-9627-4d3f-9b36-aad8c37645ac,UPI
fc6efb7d-5fca-4465-ab57-edac6962a701,card
0e4219a7-641c-4185-9235-51ec24484e4d,card
c796f7cf-9ea9-4910-9b6f-1da1bce2f465,UPI
10d86219-0d84-47c0-87e0-d4864efa59de,card
d4ac93c6-a532-4a01-b373-9a194aa23c17,wallet
973334d2-f023-40ba-a8c9-6736d2119dc1,wallet
6a7c954e-e817-45a5-9ddf-49992889fcb8,wallet
44b76fb5-80f2-4d18-98a6-3f372661ade9,card
5a364e24-1994-4d28-8086-8b1aff163d1e,wallet
bf053d39-f088-48ab-ae19-e71887372d9d,wallet
3098e2fc-4dd5-4556-bc99-11e8126e0018,UPI
700c1ad8-adfa-4632-b82a-de3e3704a586,wallet
bce3e0f2-fb25-4bee-89e1-6a17bb724777,wallet
984b6dad-6953-4621-9846-d60a3000bfab,card
21647f5d-dbff-47e7-8788-4e8751d0301a,UPI
b777feb8-6bd7-4326-8a65-42bd6ffb4abf,UPI
f45b3ca7-6065-464e-a9f7-8358fdec4abc,card
cf4aeb11-4697-4fe0-b664-0ed7cb2dfd8b,UPI
fcc445c6-1abf-45b1-bf0f-65b4b809d1b7,wallet
27356572-4037-4b8d-a9a3-df7de47acba6,UPI
138626de-5687-4ca2-b443-00f8224baa75,wallet
8942fdee-a062-460f-98de-1cffdaaf089c,card
bf7868bc-2d54-476f-8bca-be16f5035f21,card
dbbc2cc3-2297-4a63-9629-d866507e6e96,wallet
4c42d048-2937-400d-ac46-305d4e53434e,card
a5ab53df-423b-4e37-a281-7039bff8fada,wallet
35074753-278d-4140-9b03-9a69a6fc8dc9,UPI
4e82f463-a06c-4b27-938c-5671488c3c77,UPI
1848bd01-8343-4ad4-8086-a0b94b211b24,wallet
dad9a91e-2a57-40e4-ba6f-3163d18ce7da,UPI
f2706290-168d-4fde-a04d-e36dbcc08569,card
2d313a52-8ee5-4c0a-91ae-1c9cf17f1115,UPI
919bb391-5ddd-4eec-9159-5513a3789267,wallet
627d1601-38c5-400f-a822-60f865d5d484,UPI
8fc48a31-9847-4b59-a4a5-33a958aa5341,UPI
0f963b29-7a89-4e33-84a1-d902cfa0d42f,UPI
cc44bfa6-0677-47d2-b184-baf7dae530ec,wallet
cf463bc0-fcec-4a96-aa75-f1c1166298ae,UPI
46780e1d-9f5c-40bc-920e-4f66c854f373,wallet
6e20f384-f1b3-45ed-967d-6eef2a1fb329,wallet
ca313879-ef99-40fe-ab8e-2062876801b8,wallet
3462f5bf-fa2b-46d4-b4b7-73fbf3b44bee,card
1dfb283e-a718-48db-a07c-f658986542fc,UPI
e55e108d-7e94-4c06-ac1a-ae6eda45a03b,UPI
5926aea0-d422-489e-86c5-c55894ef68b9,UPI
54ba6ed6-1949-4a14-87c1-b6be55a5ebfa,wallet
484a0048-92a5-4418-8e23-05d5b2528b56,UPI
6af3824d-145d-4b7b-8ca0-86c84f80cecf,wallet
a59ae967-f196-416f-b4d1-b1db5af687d9,card
d76ccc36-e07e-4f80-ae20-76b79908e526,UPI
4cad2fb7-cfdc-403c-b4c4-99fcc1b10c35,card
eb0cd546-11bb-48f3-9a1a-5aada94b075b,wallet
b651b8ac-912a-4a37-a6ba-9f19d568d084,wallet
2dcc6285-2d3c-471c-96e0-0a984e0f7b82,UPI
a9917b17-38c4-497d-a0cc-7669b627f3f0,card
115c9e9c-6b70-4fe9-9fe3-986945c26263,wallet
b990ecba-4858-437b-8502-d6faacedb4d1,card
1e7c9c1a-f863-46d9-8c92-4d4979c18d60,wallet
bcee7ad6-be9d-4bd7-a31c-3ffd3ecb43ca,UPI
84d26e14-eec9-424c-88c2-8adf970b63c7,wallet
62ca09a4-8801-412e-99f8-ca3209459bc7,UPI
4895f47b-795b-433f-b4d1-37dbc974fca7,card
5055943c-7f9a-4c91-9cd8-7c9a24848eb9,wallet
aac885b1-b279-4621-991a-ba191b174cdf,wallet
952fc12d-3ad0-4f65-8a63-5b432f3cf74b,card
0d225d8f-b7e0-4bf7-bc77-c520eaacd9c9,card
2910c524-59f3-4919-b6a7-4a59a4163235,UPI
4d9f48b5-1101-4a97-8a21-51386f82295e,UPI
b51ae604-c278-45d9-b14f-67226296d75d,card
624f5af6-e6c1-4e9f-8746-b9bde4bdc50c,UPI
d3153773-bc01-4f7e-af0f-baae6b81fcf8,wallet
a05abca9-bdca-4bbb-b246-bd5258bab564,wallet
327148ca-e6b5-4633-83f9-359a175649bf,card
17c6f055-4e06-4dd3-904c-7c8e47aa3e2b,UPI
8f1c7e6c-6244-428d-8e98-116459645544,card
706d683b-e9a9-4433-9c6f-3d445618fa89,wallet
6a0450b0-94f6-4207-aafa-a2c834f6d39b,UPI
3180dc61-dcbc-49ff-9879-b180f117e4bc,UPI
f20df5b0-fd8b-41d6-bc9e-28adc4075e9f,card
b2ce6aaa-0ee4-44d1-a59b-488b08eb74d4,card
f318b219-1fc3-4111-a425-dc679057e914,card
42c0ea87-5565-46fd-8a1d-01bbdd05f803,card
7101ffb0-9fbc-43dd-8690-d150c3db9509,wallet
67f6f43e-677a-4ff3-ba75-596ca6974c53,UPI
cabb79da-df00-4029-b05a-78a7171cdf7a,card
b5a1954b-a41f-4c1a-bd5a-981103885374,UPI
15779784-19fe-4ce9-b934-2f631fa8b742,card
43b50ee0-a4f1-4fd3-94c6-d35943353487,wallet
45baa173-9f20-4ef6-94ff-4a99117bc485,card
1e592b6e-4fe9-4589-894d-556281c7db48,UPI
886f614f-560f-4db2-b7fa-b507d1d339bf,wallet
543be5e7-7aa5-4548-9c12-1e6bd12bed81,card
41b4de6b-dd14-4a88-8adb-d96bb107ab9b,UPI
1ea075c3-5d8f-4c35-b6fe-4e9d48dc8262,card
159f1a4b-28e5-4752-8be8-77feb80c0bf3,UPI
690e14a8-d151-456d-92a5-4e9a0290659b,card
f1b32bee-d37d-46dc-995d-51df2166b3ad,wallet
fb05ccee-b6a7-472e-a0e9-6febc9c3c7d0,UPI
36b91255-06e4-481d-ac5d-67b19bc44302,wallet
f2c59714-eb67-4c12-83f2-64e5d2a7954e,wallet
ea1c2923-c9b2-4729-ac4e-0be0d9248740,UPI
74cbd3be-adbc-4d64-b0ef-a2533eb7cf76,wallet
d507fe7e-d5bf-470b-9548-b55fa63b33c3,UPI
12585e2c-a332-4e4c-969e-4b02e374761e,UPI
4762f55c-be7d-47ac-a4ff-fe9dbe385316,card
66d128d7-cc65-4f38-9db6-8584f563398f,wallet
5a1642ec-41a5-424a-a784-7f57b1d6edf0,wallet
344d7538-7475-4254-a232-6de21a7e4d06,card
78ee9eed-1078-4bae-b337-f45c7e0bade1,wallet
8c31790f-5435-45c7-a216-cfe0063e0603,card
d1e47e96-6d3f-4850-a3f6-798844d6ecad,UPI
d3373d9c-a949-4632-9ff0-455a9cde9cf6,wallet
b3d4ee89-5851-4770-9e37-fb64ab9c4703,card
43bbe803-0ca8-44f3-81ea-f22578a4760b,wallet
16b709ce-ee93-4b9b-bb37-502c3c0c0369,card
1d335481-bce1-4b4a-813d-e5d454ac6448,card
b4ee2e2c-0a7d-42c7-b061-9d908002b1a5,UPI
19ea3966-5d62-49d6-bc70-c635a5892ef6,card
8b37f4bd-0f33-4bd0-b7e6-cec76de28105,card
5aa77a07-d191-4182-87a2-41dda26c27fb,UPI
69232673-85bd-4db4-b4b5-b0054b57e2a1,wallet
d73beb0a-fcee-46bd-a8fa-569f575db9b4,card
66694f81-9a28-44f9-9116-56d48618168b,UPI
13be0b15-e4d6-4b2a-a56c-9d34596ff996,wallet
60413ac3-7913-4387-8bc8-842cae27020e,card
0797f7f0-4a05-4397-8835-10ab7152e161,card
9d5079a8-80aa-49ad-bc6c-bf03e3dda68c,wallet
25ca0b67-0824-4461-9697-0412004c1242,card
cd92a6b1-4d58-43c1-b004-c6291965cf56,wallet
bb1fce56-00fb-41ca-a180-e2a4ca26255a,card
16e26765-f532-4525-8b07-58d2cf379618,UPI
e4e8e97e-9f3d-4abc-aec7-fa54a646954a,wallet
c16cbf58-9788-447e-bd07-c73f70574551,card
31dbf746-dfe4-4807-bcbc-5e9d137e9955,card
a102de36-2d3f-41ab-8d95-82ce82ab9c37,card
dc985220-b81b-4cf8-b8a8-c89633c563b4,UPI
c883f35b-17b8-4744-addb-85826ea34bd8,card
d1d4d0a8-e4e4-4261-8a91-b89ccbb318c7,card
ac6343c9-a9a9-4ac5-af42-5c3111c8601b,wallet
732176c5-d03a-41ef-a2e7-f68b28633b87,card
cab8d83f-7fe6-4822-acbb-0ccf35e01c21,UPI
052e39e3-aeb1-4dfb-b97e-ea416778b80e,wallet
49e5c971-8377-46bb-b06e-69856d181fd5,wallet
65fb36bb-590a-41b1-8dc1-efc59f0be1b7,wallet
58f1eefe-18bd-4e10-b487-50af57477435,UPI
6265811e-8af9-425c-a92a-8a91c45a6961,UPI
86a0e94a-4ca5-460d-9894-09c376e4791d,wallet
b1470018-36b6-4f8f-a7f0-dcf1f3c091da,wallet
6a0bd5f2-06e3-413a-bdd6-7197411d35b2,UPI
7c262c0e-ca8b-464c-9f07-b5d871168b7b,UPI
690f429a-aaec-47e1-a257-ea46e9209453,card
3cbe4d96-b424-457b-9c7a-d70e6b2bf01f,wallet
56bde9dd-3722-4b08-bd34-b00e79ec1d08,wallet
f73474ce-d506-4658-8fb1-eba11a501f35,UPI
848bd254-4573-4f21-8fa8-c87adf77c6cd,wallet
626bb508-10aa-4554-b70d-e658e5a13b7c,card
9437e42d-6a0d-4429-96d0-991b5d26b735,UPI
781e5647-e1a8-40e3-955d-ac452a65ac19,card
bc582564-4e2f-4169-ab14-07e58128e9e4,card
6f784977-e150-4f27-bfc0-a98dd35bcbb3,wallet
19d648a6-c165-4e45-9490-53e69eba00ff,card
fb21d1ec-1a08-40f0-9a1d-0e049204051e,UPI
653637da-5c34-4229-aef1-45ff4308327b,wallet
8b5911d7-6e39-4f60-9578-996589c08aa0,UPI
721988e0-000a-4806-a54b-80fd9cff6fae,wallet
ec23b595-b0c8-4d7a-b9de-bb5fc06e2810,UPI
60c717c5-4481-46eb-8168-af74892b15ef,wallet
77b7475c-02ee-454a-bb2c-399fc498d9d5,card
6c7510e1-4682-4ae9-9156-619e6b9e4af0,UPI
7013c344-399e-4ef9-9fd1-b2bf3f994c86,wallet
b5402028-900e-4669-8aa0-cf2fab8be51a,UPI
236972d1-d7df-4892-af73-df20dc4e3d29,card
78521aeb-4a7b-484c-914b-bc7dfbc51fd7,wallet
29940135-00ae-4332-a236-5efa40f1956c,card
0952919a-fdfb-46bb-8745-cbf69ea3b74a,card
d36091ca-91e4-4ec0-8fb2-427d3f5cf6df,UPI
d7256288-782e-4c3e-919c-bbe7ce731a06,card
521190ea-a5e6-494b-9eab-d9fad44e134c,card
7196fd58-526a-4301-b4ae-a66fcfb183c7,UPI
8c2cb458-3e3e-4844-b91d-76dc9475a505,card
30547e29-d84c-43af-b90a-3164d9913a65,UPI
7edb64be-7a58-473f-bd49-b4bf29f963e9,card
a6976f11-5d3e-4d5d-84b3-544eeadc09b0,card
54ba2803-78e5-48e2-b26e-2cf31edc019d,wallet
01fc27ab-40a4-4d09-9018-cccfb0f4f35c,wallet
ecad652c-b32d-49c7-a70d-47615faee656,UPI
02db2cae-798a-406c-8874-3743f6331e8b,UPI
568c1920-33b7-49b9-8263-f3930850e60c,card
ad99b8bb-5647-4515-8955-6059d03c8831,card
490810f9-b5c1-462b-8fae-cadd075376d8,wallet
b4ff3c60-0026-4fea-a2ce-2513f09fd4ca,UPI
ec9276b8-f10d-411b-8a60-a19c7df75b88,UPI
c83dda68-ea81-4f1a-afed-e7b8f722d4b8,UPI
f3d4d3b6-85ca-4297-8dd3-5b271d040895,card
af997c21-e15c-4779-ac34-0e467215621f,wallet
fbf323e5-83e7-4988-b37a-c7d02bbb56a9,UPI
5e96ab17-2fa5-4360-af1c-03309af3657d,UPI
56ceb3f6-d59e-44e8-8d97-638b9c2a2ed4,wallet
809ecabd-b5e5-49a4-baf1-bd0198e303cc,UPI
4017e1cd-e9eb-4659-9db1-a2a7ea773c88,wallet
1b9b1387-caea-473f-81f6-5f975c463f24,card
e5a3752e-3102-47de-a6ef-3b6ecdd4aafe,wallet
6746b51e-8e38-428e-a930-1421faaf0acc,UPI
50891c79-c775-4a1a-98a8-065387900cda,UPI
f58b8a65-edc8-4738-857b-175b2a838358,wallet
3f762163-d74c-4c1e-8311-92d2214a6e05,card
cdc20700-d96e-4513-b43b-36e7676c3d03,UPI
2fd5c20e-e575-44e3-b040-099558d2ebec,card
b577dfe0-80f7-44a9-b14a-31351bd73f2e,UPI
32ac9efc-a5fc-49ab-acef-03c3d66f26e0,UPI
a28b0cfb-3d54-4974-a0ed-56f482eb44f6,wallet
414b9d16-3b12-41fa-b92f-7976177d13b0,UPI
36e91c87-5c1b-42a0-9b16-53ccbfa749fe,card
08c3ef01-b1fc-4df6-b3dd-4de0759ba65e,UPI
8a50b544-db0c-4914-97e1-4309617f95fe,UPI
6a6ad4ee-8884-4efd-a4d2-014c8e3dfcf2,card
7986f088-96c1-4419-83fe-3b334569d509,card
b47dc210-95a7-4b11-8896-e944987d8048,UPI
d479c8b0-717a-493d-81a6-d5c70e9caf25,card
5c44644d-376a-4d68-a216-b4b66e4bd46a,card
6db4ab19-9d14-4cbd-8465-72d94924317b,card
609f140e-49ce-4dad-bfab-9fa0f4107905,card
5b4557c6-929b-43e9-81fc-d3adce4b5e79,wallet
bfe670ee-69ff-483e-b01d-076f7d94db4d,UPI
c583dd24-752b-4662-947b-2771d1a9c68c,UPI
e29ef876-2774-481a-83fd-18d3a198e05c,wallet
e59424d7-c5b2-4939-b358-fb6db3a25ce4,UPI
3955aae1-b162-4e43-bdf7-b7c2c7d220da,wallet
11c3dbfa-2a3c-48fb-b85c-bdd98892268e,card
cb80e7f2-6b68-4ee9-877e-ef75e6e4c0e8,UPI
93a5c01e-f3ed-4c1f-9fde-3ec61b159287,wallet
870054c7-c46c-4d2c-8d8e-ff97911ac8eb,UPI
c829a0de-6e70-4b38-ba40-631e225b29e2,UPI
f1b1ee94-e030-4f7e-8917-eebe9f99bef3,card
ce62163e-5d72-4731-b551-e09546bc17e9,wallet
8087425c-087e-4c1e-9230-8d58fa5e0808,wallet
e62bcdd8-4ab8-41b6-869e-981b02f266ff,wallet
aa7b7ecd-be5f-4801-b286-4c2132e35529,card
180f341c-577b-4332-b912-2bfaa75adc41,card
ab8674d3-fea8-405d-bd3c-920f0535b62e,card
8a361597-ae66-4f74-9fc5-8587e0c5db29,UPI
e59d2403-10ff-41a7-b8c5-2a24a37381d7,UPI
c7080bd0-6d5e-4de7-ba21-eb0eaffa34cf,wallet
4acb784b-f159-46f9-9c60-6e1db84b2402,wallet
0a20d876-4cbe-40c4-a4e8-a55849b2c7b5,wallet
ad680b4b-a359-443f-9df4-285dbd62801f,UPI
d15a91d3-53a8-4b59-b517-fd115a47add6,wallet
6b661472-e4fc-4140-b524-3a2cd8372ef0,card
084d821c-00d0-45ff-aa60-198d3eedddfd,wallet
feb8867c-6876-4abc-a0a6-b29efc247997,card
2b7250db-5fe2-46ca-bae1-8e615ad81a28,wallet
e377746e-083f-492e-9c3a-659102ab6b17,card
ea4ba23c-bd13-4be8-a99d-d6f18d07b592,wallet
463a68f1-6f3f-495e-a957-29abee1b3a69,card
6903ad1e-3135-47b5-9ce3-1969a5d689f1,card
7efb8c69-70e0-4508-a22f-9a84528f1b07,UPI
437de89b-5481-476e-97cf-dec17fb36472,card
78829d21-5854-460c-a087-8d3b419e7c66,UPI
4a46ac04-2e55-4985-9e02-fbdc5a9c0345,wallet
12861a26-29d1-4c87-aca4-a0e613d3e577,UPI
44181610-6153-4728-b514-166e21968ff6,UPI
a9a4a51d-3063-4f95-aca8-eeed736410f6,UPI
a342be6b-f2b9-4575-a350-7c9859c4b258,card
b2cea73c-3937-49de-a9fc-e25acf4ad95f,UPI
1b51b5e2-155a-4061-a192-0c8d9d3f5565,wallet
3a87f61b-859f-4702-9e50-c502295bdfef,card
268a77a9-87c4-4fa6-b74b-913a52f53f90,card
e1db8dc1-3e16-4ce6-b7e0-7f28eddbf474,wallet
a84e7d8a-f8c6-4f7b-8cb9-d39a4f1ddbb8,UPI
785d77e8-4fc2-412c-bde1-e745670afd64,card
de008db0-a1e5-422d-850b-dde7434df379,card
f04d8451-5509-441b-9397-52b24fdcac0a,UPI
418dd3f4-1dfc-4963-95c1-2ab5fd9cba85,UPI
c981ed1f-0799-473b-94c2-57e5e747f5da,wallet
916b309c-3118-4c3c-ace5-924c8df56306,UPI
97dc67ac-cbda-4b43-a194-d40c3bb303bc,UPI
3111f212-e507-4718-8979-dcee5797af9c,wallet
8c61d99b-2412-4c13-9e48-0380e5a0cbb4,wallet
3c985c6b-bc0c-4b94-9967-d2de5ced3a73,UPI
046bd924-9a5a-47d5-ab44-65efe3cf1d0a,wallet
fe5e99ee-0d2c-44d5-8585-850731741ed0,UPI
cfc61600-2ec4-4432-ac65-8c69b5a8471f,wallet
13dcc854-6839-429c-b178-d72bb11f16b3,wallet
74952c21-1f31-4318-ad3e-b67dc3d1f0c5,UPI
bb0727dc-7657-4580-8775-2c7ed19575e2,card
d81acdf6-e703-4fcf-9f8b-bdd373c6ddc0,card
b7f7128f-a283-4b00-ae62-8326e8cadf0b,card
e95a9e2c-a771-43b3-a865-99fc9a2bd7cb,card
f9f59601-35cc-4c7c-8044-24f20b8ae9f5,UPI
3f68ba36-d976-4938-a670-f661931980b6,wallet
bb73d7dc-580b-46c8-ba22-fe4947509c5f,card
863b81d9-1558-4f48-b1d4-2db0adc52876,card
b6fd164e-eb3a-4810-b230-146c810fe6b1,UPI
a59ddc50-e333-4bda-9145-2aae5f4c775a,card
a5ead1c3-557d-4900-a8f7-5211aa660ffc,wallet
20f71d6e-f909-42a9-8f5d-ccf8f45c0be2,card
d13918bf-e1f4-4ea5-a473-7fc464ac2ee5,UPI
103309b1-3398-4b9e-9855-fabea26cd11f,wallet
5b187ee0-5e9a-445b-b015-4dc582dad33f,wallet
89e5b494-9d9a-45a9-b65d-755e5edbcede,card
807b3bfe-b7c7-42f8-860e-5728563b7d2b,card
1f521f35-b76f-418d-9695-6d758f4dcfa6,card
94dbd21d-a4ac-46b5-b1c5-10e3ab9c3523,wallet
6ee10b61-cad6-443f-9d3a-efdeeaae0acf,UPI
7652aa7f-f4b2-44c5-9a19-a4eeb08c858a,wallet
060c7eeb-eec2-435e-b173-f829164e0e9c,card
e13b04a1-72b4-475d-83ea-15b5b5b1b9d2,UPI
c4f44112-9f53-4da0-b05e-bbfc77594515,wallet
5680e9c3-6f41-415d-b72b-cafc77e3719f,UPI
f7af11b6-0b93-4bf9-b865-8c22ea3608b1,UPI
539f0f42-5421-4ae0-af71-5c893ef9c2e8,card
87e0e94a-b69d-4570-b4fd-896213b78b4c,wallet
a1f4b81a-ee88-4e1f-9922-7f0dc71c3888,card
5fb54cec-963a-4b49-b0cf-e30e100286cc,wallet
6abbbb3e-6bc2-4be5-999d-b8567fe5fa85,UPI
108792d1-59dc-4d95-8fa5-183438f3af7d,wallet
f7e4c5a1-b75e-47f5-8cfd-3061534d0837,wallet
0d2fd3da-d159-40b2-b2b9-46d74478085d,wallet
0486ce4b-c761-4157-946d-897fa809c30c,UPI
55c83a02-ad7e-4381-aeec-2570fc2de879,wallet
a336cbc1-3724-4031-a3e0-ebec7278dc75,card
bb26adfd-0fa6-4543-aa92-47ec72fa7039,card
1f5638ab-77e2-419a-9561-b255edfca693,card
d643eb62-d7d0-4de2-b5a1-c45374d34967,card
60fe17ca-c42f-4bdf-b8e4-a2647cd46c7b,wallet
020d71f7-899f-4b66-a90a-911cdec6efef,UPI
461d564e-4bfa-43cd-8bdd-9119f3f3908a,wallet
636a27c5-7517-4078-9e96-a01a6df95fcb,UPI
8193f75c-ef40-4abb-a235-d6e01b9b7b59,card
fdbd4cfd-2720-4c65-81e0-067f549fc21d,UPI
1498c032-4b5f-4e83-86cd-f78c7e618bd0,wallet
eeba0c5d-776b-4a4e-8a9b-be282903f075,wallet
d6f8a961-e104-4661-af58-e9b2b37a76b7,card
6a9cfa82-f693-490c-9a29-634fc17466c1,wallet
82e61bbc-5e83-4e58-99ce-887eca01b24d,UPI
e9f64e3c-9cee-4b9b-81a5-285aceeeac7c,card
1d9c707b-2cf1-402f-9725-f44a64d25053,card
eb97ec19-8b39-484e-a186-4a9ae682300d,UPI
b5045552-f0bf-4a9f-851d-66cd329675f6,wallet
8b34f60b-cecb-493c-ae59-8c148c69adc4,wallet
c31ae2f7-b56b-47e2-a479-0f5373c9b7e0,wallet
20fbae06-61f6-420f-ba7f-965dbef3144c,UPI
b56eacc7-1b53-48b3-af59-c5a880ea2d74,wallet
9126b38d-75f8-4311-8b58-c947291d0388,card
cc9b607a-ce14-44b0-8911-138a9053bab1,UPI
776ed963-3efd-40ef-aa2c-a58ab0c16cb4,wallet
16a8e5e1-c5b1-479a-9df8-c92158c1d15d,card
8b1468f9-799b-4655-af23-4a42168c6706,wallet
6c5d4eff-fffa-4887-89f2-0f14bb1a0b1b,wallet
0a23e473-4794-41d5-84bc-46a2875c63b2,UPI
a64b0df3-7e3e-4822-8ebc-1ccc89ad3612,card
79eeeeeb-1517-4bd9-984d-942fc01733eb,card
5ce7a839-47ad-4af2-9b84-0ea27da5cb4c,UPI
2b9c97be-418d-401c-9bc2-1028eea86f4e,UPI
273129fd-be65-4b76-aba2-3bb90d1dff13,wallet
2e10ba9e-6182-4f97-a8af-c046db1e435c,UPI
a36144c5-8e50-4809-b0d1-3c0790e0ac02,UPI
b176d06e-1236-4a43-9ef5-9f1aa779a7ff,UPI
5ae962de-8240-4ab2-8c82-1f2a831f514a,UPI
ffbc5441-0c8f-4697-b6b7-5f4840881569,card
c1a20b36-ca2b-4973-8efe-25dc915ef720,UPI
68428872-37f8-498e-bbdd-1db6998cfcbc,card
dcdc250e-41fc-48c4-84e4-e064983ce7da,card
4775125d-72d5-4b9f-b304-cd950e82a5cf,UPI
fe9ebb1b-6d88-4262-884d-2c24bd823cbc,wallet
5177feb7-15f3-4808-a9a4-a92a97b1e31f,wallet
2c2a5eeb-9603-42a7-b04e-8616619a3a79,UPI
57ff8589-f597-4e1d-9785-2cf61bc479f6,UPI
3eb687c3-4b44-4a69-93a5-7694be197aa3,UPI
99f80eb5-fbee-494a-b9d2-c86230440ab6,UPI
92fce8b3-13e7-4227-b6f2-a8420b79d10e,card
d09d0106-c6c4-4041-8a13-16d80cb019af,card
607cae17-398c-476e-b736-bca845625c4d,UPI
0d0d9678-dd9c-4b23-9355-1bfecde7916c,UPI
1d0c97c3-60b6-43f6-9a26-23dd4b618a73,UPI
43aa9ce5-c9c8-4dac-baab-d2ed26cbbb36,card
f29c02a0-7717-42b8-b8ef-766e7f9fc6fb,card
0867b118-96c2-4f8e-bcdc-bdbcce89bdf2,card
97d96301-5147-461d-8e6b-bf3141dce1ae,UPI
5f5fac50-ed0f-4177-b6f0-2e4f1def235b,wallet
72d95cae-934d-4a92-b26c-25c7e4f319c4,wallet
e4889423-5b53-4275-bf66-fd6006138af9,wallet
07154ad4-df1d-4eb6-b81a-7455e00815c1,card
1313a4a1-ba97-4cc2-ba8f-dfd59cbbb88e,UPI
1c771a75-2115-4f2b-949a-ae9dbc57b61b,wallet
44c1e737-2406-4f52-ac04-33b7bb81e1fa,card
ceb93a0d-1b12-4c12-a053-b5f16f3f8454,UPI
71e7a8df-b2a7-43ee-b7fb-99e382cd20a9,UPI
e22a188f-1cd6-4184-8216-d26a00417e3d,UPI
5649b8fb-1939-4f39-8ef3-0ab60308e3cf,UPI
5beab819-0d2f-4204-9994-fe3757a1acb1,card
b829d5db-484c-4113-a146-ea8aba0ff862,UPI
ce47434a-70ae-49e8-88c2-9494a1f29afc,card
da7ad551-3cd4-4fcd-aa82-9ab100214676,UPI
3ce00984-95c2-4082-a0e4-b63df1fdc8c3,card
b90c81c7-980a-4450-a535-50c72331ddd3,UPI
7a2ccb91-abe5-4c66-9b86-0b1fdcf10a4c,UPI
cde4cc23-e953-4df2-93a6-14eb9774460c,UPI
476672e8-ed3b-4f04-b7ac-acf88893fdab,UPI
be8dd24e-11ea-4c0c-851f-0f1954188fe7,card
2a17e157-28c3-4611-8100-d660a18ebcc8,UPI
b16cae19-658e-457c-bded-2ad15c12a4a0,UPI
26aaa940-8edd-4a97-a47a-306ea41bb620,card
27c82257-05dd-44b1-8328-dbff1428fc5f,wallet
b1b26415-e4fb-42d2-b397-5ea16408b6d8,UPI
e505164d-00f4-4b4c-a7f8-80ee0eec8a21,card
834d0077-3058-4daa-b836-bebf870c96f1,card
31a6f807-aad9-481c-ac8b-722c5fb20389,card
ed295d8b-ad4a-4f60-ab67-b270de5bc7e9,wallet
44f63634-81e9-4a31-8888-529b651e1048,card
817ed452-4d1e-46c6-92a2-d065ae387f5b,UPI
30bd3801-d559-4610-88f5-9340336d8ab1,wallet
3ef93f74-481e-4e7e-ad1c-76cfcf9e3d48,card
41d1cc71-53d1-4758-8f23-467de7c6cc9d,wallet
9e272b60-b5c8-4ed9-83f5-64dd98667caa,wallet
a71ecfe3-2f51-4936-8f7c-9d78ab48e028,UPI
dd1fb29d-2cc9-4917-ad75-15c71c4277e3,card
983531ff-a572-4ba0-af89-9cfd82a90e70,UPI
2281e4be-d778-4baf-8755-aad591bd7049,UPI
e4d7751e-4f5d-4f87-88a9-e688cb8eced0,wallet
7b456e73-716d-4bb4-b125-c253626ae698,wallet
5f7f2f63-2704-4b0b-8a2f-3b5ddd1e3634,wallet
7f8f6a1b-3ce3-47ae-ae73-faff8954c530,card
49ba3104-f1bc-4b2a-94d5-5de6b4ac6f1b,card
220478f9-a955-4a58-aa4e-0178d23fec24,card
fe41dab4-101d-478a-8693-da49e5317645,card
87f07d6b-60aa-4a82-82b9-ace6585d2da2,UPI
326a7c18-4680-4f31-9c53-db4c6cdbdd6c,UPI
fe96c1ee-e221-4cb9-a541-7b5326023a67,wallet
7f7523af-24f9-4ca5-80fd-d6197f30c72f,wallet
ae7ad331-38c6-4a05-b58b-a9d3088b6162,UPI
997f3635-14b4-48f0-86b9-e92266a7a751,card
06b8f438-5c7b-4125-b7a5-e526ba9d50d4,card
57c6a3cb-7b38-4d89-aa85-861a1ae36d12,UPI
389aa483-9c4f-42e1-9e84-c0651b64d394,UPI
bc88c951-dbf7-4dd9-a126-744f63e67fd5,card
3d48c524-842e-4918-a20e-a84817839a70,UPI
7c0e999a-767c-4f7f-ad0c-0ddcbafdc524,wallet
8e3860d2-70ee-4f7d-b261-a26ab87267ee,UPI
af65d793-50c2-420e-a4c2-50c094fc2309,card
1f69c2fa-7b78-4a84-9cd3-f805b1ed8e20,wallet
bea13bff-8c13-48c9-b910-e4ee60593f47,UPI
ad34124a-adde-4ff0-b67d-368faa4f2954,wallet
60eee2f5-2da7-4959-a198-d972d9020c0f,UPI
72eebcd9-5630-4828-951d-a2ab0bf29a3f,UPI
ce629eb2-2b50-45b7-8f46-eb8ae539cd05,wallet
162968a0-b5c4-4617-af25-2be00eb807dd,card
08d5ebc6-4bd1-4ad0-9fa7-cca76aa7f883,UPI
e64fab9d-22f0-4d46-802c-ef571bd7f212,card
bd577db6-a404-4441-92a3-c0241c59c086,wallet
c4e438c3-8494-4be0-a9f0-57bed6e5b5c0,wallet
ac723d75-3fed-4cac-9eb4-85b2f78b4d16,UPI
8213dbbf-187e-4ed3-ac9b-f068abbce396,wallet
9108902b-f003-4c48-ad09-451bf963c119,wallet
6f188335-f945-43b2-b0dd-ca24f8ab7a2e,card
bf530a40-7f66-44b9-a2c5-9128f09e3f12,wallet
d78d4507-6e2b-493a-9c59-45617f11b040,card
7bda2714-f249-454d-a1d9-8eeb3d532e44,UPI
b8412e92-695f-47b0-a503-89c3f53f25ec,wallet
c2307d67-d94d-4507-bf8a-ce9c2ccbbcf0,wallet
80605698-56e9-411d-b76a-41ccae249410,card
c09f75a5-dae0-411a-a757-0319cbe45288,UPI
9667b1ab-9389-48d7-b410-400d8d6d4073,card
6ad3594e-b82f-4af0-99f5-6e80db40004a,wallet
6b70c935-1d51-4708-9920-70417fbd17bf,card
b8c696c9-42f0-44c9-813f-8260e515c5e6,card
d6aa3f47-c220-4e89-ba72-3e274bfbe3fa,card
f76b0354-e3b7-4489-a4f9-d80d1febfeba,card
b5ee96c4-f9e3-46b3-bd01-dfb013e2c649,UPI
69408bf6-0760-46e5-af1f-2311e6035987,card
793fc9ab-2253-4151-8e75-a557d2f6ee4a,card
157cb5e9-e366-4f40-a334-4e1a7505a878,UPI
1d3cdf0f-1bd3-4936-8f03-407eb435e5cd,UPI
7adbc31e-d4fa-4f40-afe9-e1d1114ef2eb,wallet
2eb94a91-9837-4aa9-b0db-029362d3e89f,wallet
d9fb1725-db1d-40a1-a0b6-4eb76da0934c,wallet
1e7ff24b-7c53-408e-bbcc-915cfb2e8e2f,UPI
f7fcd17a-d6a2-4348-87b5-f84d8d4abdb7,card
b37a283e-37fa-4a5b-8557-18b9aedd7335,card
a3e7d526-4f37-48a0-86b9-76b2b857d800,UPI
75e942cb-c35b-4fdd-a9f5-6657ab5fb987,UPI
f115700e-3037-40da-8ef8-6c58dbde5915,card
70a9bf6e-a679-4291-b400-9705145ac684,UPI
1703fc3c-554b-4d64-8c91-f66941694235,wallet
e7aef2f4-1a01-4434-9a8b-f8061954f121,card
7ff8d6b9-b26e-45ea-bf32-961e12828458,UPI
e1820c82-0bc9-413d-8a06-f010a25d07da,UPI
ecc395c4-b71d-4829-a0f4-7c56d7fa4fc5,wallet
005024d3-d00c-41c0-893a-454543360f4f,wallet
2c316a5b-d3d9-4172-9288-69e063202c0e,wallet
503020f9-4cfa-4d57-90bf-2ff7030f70ff,wallet
9f196365-12e0-4bc7-a305-c464394d54de,card
c86c7e04-e68d-46e3-a224-4cd84a2512e6,wallet
bd826e99-e393-4575-a6a1-739a0ba60561,card
d9bf4a2a-9d77-4ada-a823-7eb1499ff6d8,UPI
399fa3c1-4b34-4e19-9641-1e624abae941,card
f32570f2-9dfc-409c-b756-7035b428a557,UPI
d44cd857-b37e-45d1-bad5-3a1cbb16243a,UPI
5501d540-ae3b-4bed-ac0e-6e88d392e23f,UPI
263e1c2f-f637-4afd-9e67-ce778d423ea8,card
01f8b76d-fba1-41b6-ba10-3619cf49060c,card
1d4ac141-ffdb-4f1c-b827-275ed57c0893,UPI
49bb8928-9144-475e-9f48-32055e4e7e0d,card
69935a6a-1772-4f77-a0da-2a272fd23b38,UPI
74ece27b-1a96-4538-bcd8-582c5f801f1c,card
06aa478a-374a-4b95-8e0a-5fe41b9b06ba,UPI
ada7a340-53d4-4a5a-9a5d-c80c41351b2b,UPI
4f36c03f-d996-4a2a-b756-967dcb005fc9,card
9501edb5-805c-41c1-944e-e7991b9e35f7,wallet
7fa28f27-254d-419b-9495-cd2340f32bf8,wallet
82209e6b-e941-4976-9d01-f074aa05599c,wallet
a0b4daf9-4d16-426a-a527-8fbe035d1e15,card
05f246bd-a98c-46bc-a3ad-032533b50b27,wallet
cb0db8ae-d5b7-42c6-a2e6-96ce70e19ee0,card
f6eff8cf-64ff-4328-985c-ae4ce65ab50f,wallet
a6b2d624-8e54-436d-b9da-0dc49c37bc72,wallet
daaab43b-975a-4dfe-978f-419e0dcf4919,card
77e7216d-d0c8-42b7-933d-b0bc2ceca271,wallet
745aa1d0-7558-4dac-886e-14a90b0b732e,card
f97e6e16-9b47-4540-a46f-4bfcd4a97269,card
90ce86cc-94b8-476f-ba61-6a8ae50a9415,UPI
64ea334e-5135-40cf-803e-c59a14a09cf6,card
7d3ca8e9-4c0f-43aa-a9bd-0cec61fecc4c,UPI
6fa44c77-166b-4df2-ac91-5b4192ae1317,wallet
c5d40779-14b1-4eaa-a54c-e45bc579b6da,UPI
0bca6339-faf4-40a0-a529-b97dc27a326d,wallet
5a19936a-68ce-4696-aca5-a3eba0d61338,card
f38391f4-af8f-4826-93e4-4772bdf466f8,UPI
e58dfba2-309d-4989-bc71-ed338052670f,wallet
78a23c99-5912-4863-b296-177c96a07b73,UPI
7dc3febc-5a34-495d-a688-da8e06cf713f,wallet
46a44b70-ebeb-4acb-a7d2-64f08c2c3aac,wallet
b59d4f91-1df9-4ba1-acbd-7500b27b5c3c,UPI
cd20d652-3542-4c62-b7c8-04a3be3c7ea0,UPI
9ece79d6-4d69-40f7-866d-0e3812d32a3d,UPI
5de59098-fc17-41c1-9119-74d21cda462a,UPI
30b34386-a971-4782-9d85-38f6b57d668c,card
cae6cff0-ac34-4f82-bc41-f8efd7ac7289,card
c9170342-6b6c-47c1-a69d-b2df932c91a2,wallet
0d584047-c393-4ca5-91ae-f48ba21114cd,UPI
7125aa5b-f257-4fde-87d3-d7d168ef134e,UPI
51c67070-5d31-4d5f-9aad-cfeb8bd92e71,wallet
9eecd73b-28a1-442a-b08b-b36bf81b6190,UPI
c3028b70-d6d2-40aa-baa0-24fca5d8609c,wallet
32c01c2f-6239-4d58-aee2-a3bd9c38ac12,UPI
2e6406e8-b93e-4499-9970-e29e5189ce13,card
b5dc8772-c91d-41ef-81bb-12b918efa2dd,wallet
c99b13fe-9659-44bd-a911-5acb46cfe2a8,wallet
7570f8b5-8d88-4a99-b979-356a173346b6,wallet
c0d0f34d-60a7-4f27-aee4-0bab5807b801,wallet
37b17424-42d2-48ce-8dd5-43a00ac73d14,UPI
c989defe-8acc-4807-8c96-8ed9f2622f04,wallet
62a72403-28e8-4de7-b09a-43841bf3a3ee,wallet
a239098d-4e08-43de-9694-5d15325dccb0,UPI
7c8f88c0-acd5-49d4-8cc6-306dd89bdbfe,UPI
b4040442-a877-4300-b44f-5448d05e10f4,card
d42456ce-d78d-42eb-8e95-3fb1fbc99d4f,card
1febc605-232d-424b-a82e-722c708b7208,wallet
3de61878-ef76-47af-b5bb-5f3bbe7506e8,UPI
a0a5a260-10e6-49c0-bd46-bf144c74a041,card
563f699f-cc29-4e5f-8427-399f3137eb38,UPI
f5daf39e-1973-445e-831f-49f803b8edd4,wallet
b738afa8-70fc-4a51-b88b-5d65859d5500,wallet
6e0d6fcc-80c0-400d-8a0f-6f116bce50fc,UPI
55803807-1215-4eda-8631-16d5fc1a09b7,card
fd3fefeb-ffca-4dd2-b656-867ab7e75d27,wallet
90097f0f-bf98-4900-ad6e-43993298eb39,card
9d96ac23-78b5-4b4f-bd50-244d2136ec92,wallet
64a1a310-622c-49ae-b9a0-d5be0cb01fce,wallet
80af475a-5337-4b41-a5c8-9db6bff8bdc6,wallet
cef18b6b-6fdb-46f3-a0ec-698374375002,card
75d52c7a-3cc9-40be-9ba8-8a21b4d708a0,UPI
60d5bb41-d257-428e-9b12-2be7564ab2f6,wallet
45193679-cc25-4bed-8bcc-3ed17ae8f8ba,wallet
52680057-aff4-4057-ab5f-d9841f1a5383,card
43212407-8c8a-412e-bf19-e402d9d0abb6,card
6d67a262-c65c-4076-8324-c9bff2850bf6,wallet
9613815e-6f5c-408b-862e-2a1d710ebb43,UPI
d1f07e9d-91e5-48b6-818c-a0727b8f41a5,card
281a0aa5-c5d1-407c-a350-3ffe834029c5,wallet
dafb1b97-4603-48b3-8a51-62f59779279d,UPI
fc43dc53-0155-4712-af85-e195ca28069a,wallet
d1fb8cf6-e2b8-4bfd-9d8f-cd970e62bdcb,wallet
0a98d9d4-90a5-411b-8d91-5c6b9fc55b94,card
17f49c24-d7db-44f7-b7e0-2686bd12aa33,card
517aff57-f2da-4279-a7aa-b1cc0e438a62,card
2ada6104-94d9-4e66-a4ec-18974d80b4e7,wallet
4c4a1c3a-73a7-489d-9b3e-db7b92d88609,wallet
85d9a5c1-bed6-44fb-ab98-86626c3ddaba,UPI
3699b00f-00cf-43d1-8d3e-51c37a2f407b,card
bb9eee36-f726-4ac2-a08c-47116d7bc906,card
e53db7f6-0214-4f75-97df-b455cc1f2043,UPI
34c71bdd-eacc-4b53-8f0b-30badfdbb230,wallet
8e3fda48-0f0c-4ade-8826-6d0178af1f22,UPI
671ab57b-d4fd-42ca-ad0a-1c2e1df88501,UPI
a03a2bd1-b146-4b1b-b0ca-c25b761e7beb,card
73f549a9-17c4-4b50-b70d-9c57823055d1,UPI
65ff56d7-990c-4323-854f-f839ccab7cf0,wallet
e3fcbdb2-06d3-473f-8521-6a94eec70082,card
bf68b9eb-20af-4713-973f-1a66c8aacc29,UPI
e1ed556f-d5e7-42c6-a125-d8841c12fef5,UPI
91743afe-a6b3-4993-ae6c-9b59dc8a24d5,wallet
bd5b48dd-9c98-49d6-bd7c-75e01ee10c4d,wallet
4b60636c-3727-450b-b920-428f50d5498e,wallet
ff3132bf-0315-4936-ab42-31904a353634,UPI
e6d63f7b-7229-4b76-89ac-12978a8a2f9e,wallet
663f676b-a6e6-4c4a-be75-e8439ce3b9a9,wallet
951decb6-5f42-45da-92d1-1f57c4f48543,card
a6c2b230-e6a8-4771-9753-4c5e660693cc,card
84d45b5c-951a-42b4-96c8-16f1452cc883,UPI
3d129c09-d3f9-4cdd-8a1f-92ffe10c6f2d,wallet
fd74cd3a-9688-4548-9c41-c48c3793cc09,UPI
fe626bae-392f-4921-80b7-bcbd04100415,card
576851ab-476a-4811-8e0d-4fed64f8d191,UPI
77fb79b1-c32e-41bf-9622-5faf65d58613,card
4fe7a410-a009-43d1-bb14-0dcfea0cbe50,card
74094cb4-2354-4f2e-bce2-4a1ac1ca43a7,card
ef36d474-39a0-4759-93da-6c036ba79e19,UPI
643a533a-e9af-4d3f-b69b-f8456e929fd7,card
03d0db4e-7b64-425a-a0de-788286e54fca,wallet
f6d57b7b-08d2-4db2-a516-67514f51db80,UPI
02869e65-c1cb-4f63-b765-e0fb0e5de273,wallet
416da1be-c8d4-4901-b646-599c3f74263e,wallet
bfb96fdd-f01e-44a1-a906-a4a0f0072a8d,wallet
a474f0b3-d8b8-44ce-bbf7-c9123f25d699,UPI
dee8684d-27b0-4b02-8a85-d86e9685d7d7,wallet
53b04bba-df4e-4d99-b667-2bd044c4acbc,UPI
ce59fd88-4df8-4814-a488-83826927bfcc,UPI
4808b7d9-bb21-4f71-8d54-8740b6ca9370,card
95e534dd-1bc9-4852-8c80-2342c9bc27a3,wallet
58591956-a76c-407b-80fc-9c0584933e66,card
c171e88e-e36e-40d6-b38d-49c3a1a213b3,wallet
0d223ad0-fbda-4d43-bd85-efc2654bd287,wallet
49115e24-90b9-42e5-ab8d-e2373701a60f,wallet
6dffdee9-ded1-4bf1-b5e5-db9c4186982c,wallet
73114374-4509-4ef3-bab5-b04dc4733d84,wallet
e218546a-baab-47ee-af68-b20d2108fc41,card
14117184-6810-404a-9999-6c5e6fcc6f40,UPI
2c983b5d-6c29-48a9-8db3-d09dfdfcae72,wallet
a4267a3c-6236-4a1c-81c3-b4caded5581e,card
a1e07aea-42fb-4686-ba18-3d91b40a1674,card
e44cca89-37db-4de3-b070-1f6b2e42c696,card
d3bcf40a-1b5c-4e50-b95f-30ab1a234e41,wallet
848a38c7-8737-4ddb-926e-46cda769a552,wallet
bb6c34a2-2adf-45c5-8e5e-1a88c01936e2,UPI
26c0ed6b-ae4b-41e7-a243-fd5da52d44bd,card
3da1913d-4891-464b-9be6-6e7d62ebf2d9,card
9f5f4d81-5a55-41c4-9371-519ff1a16e91,UPI
447fb141-f4f9-4d7e-8299-2706b01ea4d5,card
65d1d6bf-9b04-4a4b-9c7e-1108d40c55c1,card
7a261bc3-cfca-4990-b692-dbe38ab1c21f,card
70021353-f439-453f-8300-40f687330865,card
b66804cb-3ba0-4ce9-999b-24d267b46ead,wallet
aecdcd8e-cb11-4a7d-963f-ec522247dc34,UPI
552f3c6f-eab6-4516-a34c-1c9b0f197398,card
835f1b37-f303-4640-8de8-a6f9bf84a650,card
c20cfb9d-e8fd-4c84-a182-e0fe419ab1f7,wallet
4673e2fb-74ff-460f-b2a9-7ebca2264249,wallet
f34bd88e-4959-453e-995a-e1bccc14244d,wallet
6950c820-2c51-449f-946b-dd8b368514ee,card
cb59e9b3-3f0c-4cf4-b6f2-28659a9a7dbf,card
083672ef-7b72-46b7-bb24-9c6aa66e9e90,card
9d48c5d2-ea9e-4ffa-9b1a-e434521a9c75,UPI
1609ae63-de6c-4f20-91ef-8f0e7caab385,wallet
7b15282f-2d46-4050-b455-8c03fb6b5638,card
56b804dc-b65a-4d3c-a50e-39f203cf156c,card
22d92912-eeff-44c2-8577-15e76c43b876,UPI
b2c5ca97-ad86-49f0-acc1-31f9af30b1f0,UPI
e84b0bf9-ad69-4c2f-9f85-0ac179f4b0b1,card
46f02a5c-7401-4394-be19-af3adc2ad6b6,card
d6800edf-e563-4f5b-a435-519f3b2f09ee,card
2e56c39f-d1a1-4c0e-944d-e9587288afa0,card
d17b18e8-1e67-49b0-afd6-09f61e3c81a1,UPI
9b1ffa42-ffbc-413d-88d6-e7a53a0175c2,card
f74d4c2b-a281-4d81-9fbc-ae7d481eb40e,wallet
8d1eedfb-8d3b-4cbc-b6bd-d80a79fb8685,wallet
daacc930-6f26-49f9-8b80-7bc25ca18a7a,card
c6d17a3d-7ee6-4b03-a9f0-2077f0d72cb6,card
b51596a3-6292-4eee-ada2-4f145c7ec4c8,UPI
ee0e807d-c89b-4285-956a-cc2ad5793153,card
cac5d528-3985-43a1-8915-339524169c7f,UPI
4ae91986-14c3-485c-9563-0d3a06821f87,UPI
398b37ed-e075-4d38-b85c-59fd47a7d919,wallet
8daac051-a787-46d7-9973-5ecb7042bb0e,UPI
b2b90dbd-3f4f-4f01-808a-9dcbdc32415a,wallet
1490dca0-267a-4275-8824-11a40817ef37,wallet
2c24e140-2d32-44dd-b06c-d3c795fc3c41,card
36122c5f-8964-4599-b963-f817c6b560c8,UPI
6242f414-a313-47e3-995e-ed4dce5bced6,wallet
6c197dea-607d-4fc7-9e91-51b79e19674c,UPI
84f33f07-1605-4919-b62e-f1e12d16158e,UPI
f460ed93-4eb1-435b-9dcb-0dce424d46a5,wallet
44930328-df34-4832-b072-972b10a41813,UPI
99a5728a-6e8e-4545-8bd4-ee31d2c09c49,UPI
eae6c3f3-90b1-4d5f-af4a-c645ab01b393,card
a9faacdb-b18a-4c72-8541-4fdf7bf6f363,wallet
25a2f059-fff5-4ec0-aec0-116344f1b88e,card
a80fae8b-e8df-464f-9165-486d1072e99e,card
9ffdc065-adfb-4c02-93e5-e5352ddea0e2,card
6f58603c-8708-4862-8a42-c0e20242acec,UPI
c4921817-4104-4f54-a8b7-f9e143fa1203,UPI
4b9ee303-e666-47e5-b4c0-7fb7f03e7ec3,card
ab8e05f8-a2cd-43df-b593-01011d9efe53,wallet
c7946ca0-38e1-4fa0-9b31-cb78823e1926,card
32767439-34d3-4126-8d73-7e54d9cb2ea6,card
2b341f8f-79d5-4fb9-9b1c-5619379ef4c8,UPI
d7811286-ea03-4f84-a1f0-7a03f96e6c79,UPI
0f6e5530-9a9e-4269-8a04-8084c53abe76,wallet
a4766ea0-591a-4721-9695-2f3169e2ba00,UPI
88f5c92a-4e4e-4d59-9458-78eacf6a30a8,UPI
b1ae9b7b-0289-4b4c-b2f8-75e90bd8ddb6,card
3ad86357-2c0d-450b-8e90-e274853e942e,card
837d8761-1482-48d6-bf46-c80beabdefd8,wallet
d83d0f97-59ec-4f02-9f15-fc22cb4b5ed2,wallet
92e40e7b-a9c5-40d8-b675-c118ed9a4bf5,card
6c914bb2-7e6e-4747-ab9a-f833065a07bd,UPI
163e9e43-e6a0-4a78-8b37-74d246138f6d,wallet
4ef22cec-7bdf-4213-964f-f016dad010a1,UPI
ed29e05d-8b19-4b6b-833e-500a05296ffa,card
d01c4117-9829-4742-b6a9-a14e09909d80,UPI
bb36131e-5500-4f93-990e-a6f605db2763,card
c62004b4-f028-4407-bc07-7ea87cc737aa,card
1a58dfce-4ded-4de8-88a4-d0dd38cfdee1,wallet
4027bc02-90d8-4356-a233-9f5795837b98,card
dab73ea7-3751-4e2a-bc9a-b9af7e9cee62,wallet
231a81c0-8147-4e33-b136-6ac8ba583928,UPI
c524c5ca-cb6b-4778-8345-938650c56a80,UPI
6fee8fda-cb58-4604-9420-aef3b779fc6e,UPI
10215cfd-12b2-407b-b11c-a3937657aa69,UPI
0f4fbb76-52f2-40f4-9a45-e05c0eccbe52,card
80a9ddc8-dd6b-45bb-91aa-5fa8a4d83aef,wallet
d83f2787-9001-4234-97e1-e2ef8408c378,UPI
0d03bf2a-1f55-47ee-80bb-e73f16979346,UPI
52da18c7-eac8-47f7-82ab-cd558a52f8b0,card
30dfd9e1-41ba-4462-af18-01db5da385db,card
450aa92b-6c48-4683-b3d2-d3fa9a781cf8,card
eb2edb39-4b2c-4bf4-b835-65c566364349,card
d210987c-998f-4f45-a859-3ab7bc044cda,UPI
447df50d-36c3-4bf7-892e-222106e59a7c,wallet
55dbcea2-5506-4aec-b8cc-541350852ba8,UPI
6ea55473-eb69-4b6e-98b9-51f42013df20,card
215295ad-a2c8-4018-8b42-a29f7c11ffcb,card
b219ce63-1eed-4d71-b42b-8aa297e62f03,wallet
f2dc5e61-d418-4666-923d-806aa20bfa60,UPI
def04b0f-dc87-45fa-a56d-f056c8e24654,wallet
492e6384-5af9-44ac-945e-bda45e51aa68,wallet
3460d722-e930-45c4-8b1e-addf52f810ee,wallet
1bd20499-e572-4ac3-836f-f204aa33f68e,UPI
037dc6d3-7b2d-48f8-ba2a-6bbb29699608,wallet
98540941-34ce-434f-8489-107a6a88e737,wallet
574e9237-21dc-46a5-abfb-a064dd1d7b7a,wallet
78ed2bc1-1505-4106-8eda-ac69ea36b5d4,wallet
f4db3fef-1054-4f82-8cad-8ba4ad9d6f77,UPI
37898f56-14e1-4076-817f-9847e8f5340b,wallet
ee358081-59f1-4fd3-8086-670579e54c78,card
10abf5fa-a32e-4343-8b34-e67e1f1a5daf,card
c0a06a10-4500-43b3-8a67-eb7ce76d6b81,wallet
c5adc176-7ca0-4f89-b0fd-84d07a40f7f0,card
6d94e42f-e116-483f-ab5f-1c5b7fbc8b4b,UPI
6468302f-ebe6-4b17-8ade-39e6e6d299c0,wallet
e8a050bf-8185-4912-a5da-d4654549641a,wallet
ea209c48-907d-4000-805c-cd124fcc561d,card
aecc346e-07d7-4082-ac19-20cb78832b20,UPI
010a2b9c-4574-467d-a9ba-bc233f08d4ea,card
624adddd-defe-43b6-ac40-b24e9669fac2,card
ddfdb88c-6000-4759-bf6b-12f958064294,UPI
8cb68c7e-1009-4dca-b51f-45b03a98472e,card
22277cae-c871-4a55-b7fc-c9174ba50fd6,UPI
17c0242f-1116-4c2b-b5c4-e4534e034612,UPI
1ebff277-f55f-4015-bd44-67ad164fd26a,UPI
77528fa2-4bb7-4d5e-93f9-01f6c4b4875a,card
f00a9379-9632-4ab1-af6c-46750b80f330,UPI
77bd0de5-ea1e-4697-8578-572cb7822b4e,wallet
41631484-755e-4447-a4c4-b4715f704ff9,UPI
d41be542-40e9-4321-b1f2-d125849a0de2,wallet
6879c065-b0b6-4151-90c0-7321451d054e,UPI
25fd1240-c5ab-45c1-b3b7-b98fe194649e,UPI
dfc23ede-ed43-48cc-a538-05ee00cb1341,UPI
e3927c13-a05c-4915-b45e-9be06801bde0,wallet
83596344-f9a1-4ca9-94c2-cf009d7feaed,UPI
e0afb422-c2ad-40d9-a125-88753243cf1d,card
1ee56e38-87e3-4b43-b057-1cd620917123,UPI
83f75834-b9da-4c60-a536-73e50602b98b,card
b19eab76-e374-4d26-93a7-6fb4d831d808,UPI
e8e629f7-754f-4bdb-b23c-e1847cc30187,wallet
e4539a75-4c4f-4aec-90c4-2e3660b07e3a,card
d7f46d72-5e74-4b54-8b54-31d3af484d5a,wallet
ea9d6766-95c1-4dba-aa98-3e001e9d2e71,UPI
08e92739-379a-442a-b5cd-087272853559,UPI
69a8fa65-5f07-4df7-838b-71a1671555a3,card
c8bd7c11-a952-4c0d-97b0-acc4f6be13fd,wallet
f18d9226-b7e4-45dd-9203-c1022f39dccc,wallet
071e8f81-519c-4f61-8976-c809a2133cb9,card
eb5f52ed-8774-4d3f-aee8-a2211b29cb59,UPI
2a857a65-c8c6-4c2d-a1e5-0af00f5a43e8,card
e9fcd0ff-b8e4-4453-8302-9a4bd0adf7b7,wallet
a1732aba-8a32-4690-84d6-d5c36efbd1db,wallet
ac3ea723-2c34-499b-a76d-509f59c14fe3,wallet
fee1825e-3790-40b3-9934-b5953e620f0d,card
f01a6ca2-0b53-4214-9a34-34eebedeaff1,card
76e51b46-1cca-4beb-b1e6-a23568211180,card
6a212626-8aa4-420b-bfc2-5141e2c78e30,card
e37b9d1f-eff5-40c4-abdc-c96e208875e1,card
d6ed475d-7eb4-40d7-bb9f-0c47a833b0c5,UPI
f98e5b0d-a709-4e2b-aa47-e4679d676820,wallet
3c0ca1c5-32d8-45e8-8e3d-2314b463d64c,wallet
3e5be069-4c6a-4551-82ba-94cf64328b7f,card
880c9437-a536-4ce3-a483-297137905b80,wallet
4361d5d2-84b3-41a8-b10c-4c133d0cd901,UPI
8d723a9e-385c-4426-a3d1-c5ef6fddbcd7,card
0f9332d5-7515-4e68-b3cc-ed5636955185,UPI
e2a7b990-9a66-4563-a236-3473c6ed8ee4,wallet
21aa12dc-3dea-4b28-9ec2-35986430aec9,wallet
67983265-4bbe-4bf7-9f15-31a206c8d288,card
f66f3363-01fc-481b-8c7e-409638d56d16,UPI
51043068-cd94-4277-8688-14e3726c053e,UPI
1093fe0d-ba71-4af6-bd92-14f68a4ec734,card
81d6c913-dfe9-4b94-b315-c955dc9a0d37,UPI
42203a0c-fb89-4ca0-a8d2-cfef9e0ca0d0,card
1fb08950-c22d-4049-95c6-429d13b483ee,card
be4bf928-5aa9-4939-8237-adcf6874c240,wallet
deb43c22-cf44-48c6-a145-5db6e5917b80,card
fbe6ff65-c2d6-4382-8e37-3ea842fc17ec,UPI
abae72ae-0089-4495-8303-4aa9aee82eb4,UPI
5ae34204-5206-4728-916d-dabfa5ee6214,UPI
758e826d-c52d-429a-94df-0a63268c651e,UPI
9408b0e3-8af9-4bbd-86f8-5f33897ffb99,UPI
1fd01f21-fcf3-4ebb-ad1f-579838974de4,UPI
0cc1299a-cd8b-49a2-ba2b-c357657335d7,UPI
3d6d58c1-1df7-4901-87ec-3a027ddb476b,UPI
ccaa1895-043f-4839-8663-356d28bdcf0e,card
3471525b-b635-465a-a29b-7f4f275ea334,UPI
d184bb93-990c-4d48-b77c-b457eebb29bc,card
94aba8cf-2757-46b6-8026-b725f51cf7bc,card
f6d04e30-1fcc-4d4d-af10-f7abe8fc4a90,wallet
04136f85-0dc7-4eb8-b542-ad9c0db1a5f5,card
ccc36325-7114-43bb-8de8-fdae8ea0d610,card
8c96ba64-963a-44e8-9cfc-c202aef0d2b7,UPI
9302a2e0-f4e6-4b2d-812e-beb99984fb94,UPI
46b3cef0-550b-4ef6-a83b-003089e585e0,card
d7aa0bca-aa90-4cd6-aa98-eca479fd6176,UPI
1a04f3b5-0f2a-43e0-9267-fc2b0d036704,wallet
777a4c1c-cd79-4d45-9105-899c5ece1edd,card
e4e3f13b-b17c-4da0-abb6-07dceb65cf68,wallet
f01ba827-4f62-4b2a-9ee7-016bc84bfcbb,wallet
623e3e1e-5230-4a9e-98ed-cb544c3fad13,wallet
00508910-3cd8-4270-8ea0-e7fbb4c27661,UPI
84270e55-3677-457d-912f-46aa11592f20,card
2274697c-2f6f-4ecd-8a43-db8f25d400c6,UPI
42685a59-1954-4435-b052-a3a5317498f8,wallet
f3e43d86-e39c-4702-94a3-c1f1ae8842f9,wallet
2c7f4545-8e78-4704-a410-5dc4935c9b8c,UPI
b5515509-dbd8-47b6-9859-8c6259e2afd8,wallet
adbc1eba-89dd-4d09-9802-fa294b228e08,UPI
963b5963-6c25-4ac2-8ab7-6fc1e821cecc,card
05fbc18f-960e-44b7-a6e5-d4392c815bde,UPI
d9677bea-3ed6-408b-ac08-f16e591cb504,card
efe561c5-a816-4823-b785-518245201883,card
ea8c7701-8819-4e70-a341-add5ef10744a,card
8810646e-7477-424f-ba02-6d3f5347c045,UPI
579d0ce5-daaf-4f61-bd59-4e772fd64fbd,wallet
353448fc-a21e-478c-803a-376c712ddb1b,wallet
867924dc-3cba-4ee8-9388-573e0f89b43c,UPI
81fa5173-882b-4286-b071-05d35320792f,UPI
328162f1-c9bb-4d2d-82f7-a4ab2282adf7,UPI
b08756fe-3571-4f67-a49d-fff9be434dd1,wallet
01d73521-e908-4642-855e-ffb67fc08d3b,UPI
46c8c00c-5ecc-43d9-8dd3-00b69a1ab17c,card
0bad770f-4f3b-46d2-9e83-4a0e9cfc8836,wallet
3166eede-a5b3-4b3e-84d8-f3722ff5d9a2,wallet
3fb444b3-917e-42ce-b97e-3bd6ecfe0307,card
db0b665d-b107-4057-a4cb-6012fca350c1,card
799886d9-7f1d-4277-8f27-119dfbc29b7a,card
47efe0fa-0575-4f42-942c-d773d6064f8c,wallet
464b98b9-7786-4835-8e16-e480614e7a68,wallet
12333cd2-2a2c-4142-a711-d4c48bc74427,UPI
064cca2f-5390-42ee-8eea-356b75ce75c4,wallet
f87e37a6-2ddf-4ae2-b85f-8f6e790f2e18,wallet
1f862500-2c56-456c-8c1f-e72ad542e3fe,card
39092fd9-7abd-429c-b2ea-1b15dfa6532d,UPI
5567e510-0da2-47be-8c16-98697277ea93,card
dd2093c7-e0b8-4aa3-ba62-b57f298d9774,UPI
7d34e7c9-cdc6-4387-b5fe-3b477e42a892,card
805fde0c-8aa9-4d3a-b698-472ab62be46d,UPI
a6cfb7fa-e665-4bee-9246-92648ca52810,card
4d997595-c4db-4106-ba27-4ec156203a52,card
12871e14-d236-411c-89c0-dee158361012,wallet
49f1bcc0-cfd6-4590-945e-febce4bff6c6,card
881178a5-041b-4aff-a51d-df27d341a410,wallet
ff89cc5e-2d09-4728-b660-55ae339e6b7f,card
37dafdb0-cdc4-49da-9a71-de3e1ba9cbd4,card
33be4f13-a9d6-4c85-bc0f-439f5d06631f,card
bfadd14d-7e18-4ea9-a69e-a4fee80f5da8,UPI
13379192-0255-49e4-8de3-2594a4479f9d,UPI
6f0974b1-a22c-494a-a478-b490e27e606e,UPI
69626a81-6c9c-4f12-94d1-8c7c0b61d57f,UPI
03ef59c2-e7ae-4e84-ba29-d6277d04b390,card
80419768-d31b-4f18-a5a3-e47cf6755a5a,wallet
90f2a7ca-fb57-4bc7-aae0-b885da2cb8a1,wallet
3ad30c96-c903-4bac-b8ce-ba9360132820,UPI
360aad21-f64f-403d-a4e1-97f05ac0560f,card
e7a69c27-037f-454b-ad80-3db34bbff318,wallet
b6127a84-ee41-4ec7-91b5-573f5e78f1ae,wallet
1446056d-c995-4201-8494-95fb55514303,card
6c88c8df-09d2-4bd3-ab44-6e5ec5f730f5,UPI
1a05bfe5-0868-4344-ab11-ad6894859805,wallet
4b9bb165-4e19-4fa8-b1a6-c28f3344ba7b,UPI
da7c098e-fb4b-4534-bb86-b5ac12a5887f,UPI
222f8eb6-ddf4-4849-9027-23bd65242160,card
b438abec-4aea-478c-9cc4-d99f2d8cba3c,UPI
0f06aac3-2f6a-401a-bcd9-8d14a0eaa010,card
070cefe6-ec62-405c-9b6c-2f5d1b3a70dc,UPI
492c40ff-1621-4d16-98be-bc18b3cc4342,card
dbbbcf17-ee71-4232-a120-1d6b477dec25,card
c80df901-fe9a-4979-9255-dc614fb4bbe5,UPI
7cad31c4-fffc-4b5d-9743-b45b4ecbda34,UPI
ab226f3d-5243-4c78-a5b3-7a89d7c4d173,UPI
528fb047-983c-4628-bc2a-fe2f24e79986,UPI
27db19e6-cf9a-4ffa-aabd-3551b754d164,wallet
94641cd3-0bb1-49dd-b175-e953fae33bb7,UPI
ed63a569-195b-41ee-941f-4d061bd14968,wallet
11e45c2f-30b7-4fcc-af8d-941219ae4187,UPI
54d225fb-3fca-4538-b682-886998d63862,card
24a5d3e1-0424-494d-ba2f-baa7d8f87c0e,wallet
0c8fbbaa-0fb3-4f4c-ad20-0af13ab396fe,card
ef5699be-da77-4b2d-9647-21bccd41a59b,wallet
30433d71-1b0a-4e22-9fd7-4030c49ec257,wallet
3e260b1e-c5ef-41dd-bca1-be7de0ddff58,UPI
c22bed77-b764-43d7-b233-0bff31728439,card
359ce93b-d164-4323-8ebd-212173eb5631,UPI
4f8cc47f-b44e-4a70-bb62-01a1aa1ea6cc,wallet
1af71a38-5bc0-4916-93ff-7057fb364299,UPI
629927fb-a218-433f-b7c4-a6f090fcdb86,wallet
4dbab692-db89-43cb-82a4-d7947cdef443,wallet
401a391a-1af3-4a46-90ff-b9bb2702241f,card
b791f801-6297-4b47-a2b6-19c09118ef7e,UPI
49df2ec0-e16c-46e8-997a-ea52d3ed72d1,card
c7002b5f-8dc2-4a16-a08e-5c219ede2fdb,UPI
d9d8505e-e66b-445c-9bac-5c6587a1080b,UPI
3ac31d65-f472-4c42-ae8a-b8bb13427396,card
6df88b72-b440-4a0e-a9e8-8b72a1d6b9fc,card
6398aea8-0557-494c-9152-6c5cbcf3740c,UPI
d18093ad-2615-42c8-b92f-6ba09d62d021,wallet
cc40af5d-f09b-45a6-bbad-f483da24cb59,wallet
6707581d-a6d2-4f04-86ab-9294004019e4,wallet
749fc7ea-d3bd-46d4-aa91-15f628366c82,UPI
b1ca00dd-7c97-49d0-8275-7fe5ad3a29b2,UPI
fd9382d4-8c11-4100-9bbd-c2e3978cdbcb,wallet
b47a091e-e4ec-4167-b676-fe74b3b2ae37,wallet
ba907dab-55a3-4897-8d74-c6bb3e538359,UPI
623971cd-ef4b-4c03-9b55-7153b272caf0,wallet
7f697309-75e9-4168-89f1-5ca985522f82,card
d5634b07-876c-4495-8172-d95a2254ae04,card
556eb9b8-fc40-49f7-87d1-709afefa064b,wallet
30628c20-6f56-41c7-96d4-73b85ced64be,wallet
ca43bd12-bac9-4ad0-bf1f-dcb7684065a3,wallet
98e7861a-2313-480f-8a68-8b3b057d579c,UPI
a2e9ebfc-7804-48e8-a132-e709a9278bcc,card
2e2be3c9-511c-4d5d-ab72-5da1c127c888,wallet
b8a7cc98-de56-4b1a-a135-1c9ca82d82ff,card
0573f668-620d-49f2-9b39-c1e58af331f0,card
0b7004a4-3f40-4abb-8b69-61d9b4791cce,wallet
844430ac-8873-49f0-bc81-571a83fb3614,wallet
708fe64a-3649-4738-bbd3-6fe7a3e91433,wallet
26b0dc35-d218-4ba1-87d2-1d4d79e7dbac,UPI
ad3fe263-ab56-4f51-ad19-973066b20c2d,card
903e3ee9-e396-4880-924c-0ac7aceb1790,UPI
102c4a69-c480-42cf-8188-c8e7643fc3fa,UPI
918ab386-ba83-43b0-8213-62c1be3f8648,UPI
b070a4fd-db00-4707-8b3f-3eaba1511879,card
8434564b-9ac1-4712-8e91-185e20f24e4f,UPI
7dea63ee-630e-4c54-8cea-edadeebec49b,card
89e46083-e622-4269-8393-1ad08d5a6b2c,UPI
1a5fe98a-57d0-4e14-8048-ad0617af5292,UPI
b2fa70bf-3e02-4cfb-a3d8-2257262ee3e8,UPI
8dcc69a5-f2ac-4a1b-997f-0ed52081ddfc,wallet
386c4f6b-5d89-4f23-af79-68819db896fd,UPI
15e3b69e-e323-4479-9b50-fbe564adfb40,UPI
edded3ee-f426-4667-8906-ce74535e31c3,wallet
81f6521f-c739-48fa-8f53-ecd501a986ca,wallet
741ca0d9-d8a2-4b6e-a6c0-f71c07bcd692,UPI
ffa96ccb-d084-4f9e-b3ec-e06e23b548a6,card
3f51ac51-4635-4db4-83c4-d4240db7800b,UPI
1fb81dea-a1a6-4b6f-bd7f-a5b4c22fe4e6,card
26065a79-4a3b-484c-a317-ac8a91d3cd22,UPI
dc7738ff-0e58-4d66-a396-923cd18d7204,wallet
d6963d08-0e8e-430c-8a65-3263405e1312,wallet
20271629-46d5-4ad1-99fc-9e62f3c44653,UPI
0951daa9-4172-4095-9f42-f0bf065f942c,UPI
ad64a8db-8f8c-4573-914e-ed90dc5d7502,card
5de0ebe5-8f00-4e0f-9842-323d8528895d,wallet
a1456b02-4098-4fb2-a546-aa7648dfe3e5,UPI
b8e2358c-d89e-4c9e-a634-ebeba17a08cb,card
813e3262-2249-420d-8740-27d9213832ac,wallet
4d0ebcef-7d87-4a6e-b36a-4dea84c113c2,wallet
6fdd13af-7105-4d33-b564-b2b61b6637a3,UPI
e6349d71-6bd2-49a6-9217-9fd9689abba6,card
82979c14-1bf5-48b6-9f85-0c344c1eab95,card
ef18cf21-1221-4a6c-ae19-6fd0098b4323,card
b96b0e36-c89a-4003-bb89-7ca37183f179,UPI
b65e6094-4f42-4abb-afbb-e35c4c97680b,wallet
cda2d055-d99c-427e-865a-339c8eff310f,card
70248e0d-ffc0-4435-9cd9-69edb52e2065,card
ed920a46-804e-40cc-bbe2-b92529a0bb48,UPI
33931b95-b5fe-462e-8804-9518f31d7afe,wallet
43622ac4-4a3d-4eb9-9779-90729a134ca0,wallet
7a3391f2-4e5e-41b5-97d9-5ee23c083c82,card
3fa56d92-6f06-4040-a88a-cdfee4943762,UPI
36e00d1f-b231-44dc-9ad5-5c0ddf711914,card
57ca9e1f-02ae-4d60-b661-c777e97dc5a6,card
d5df7aa5-08e6-47cd-af62-13c7320283f3,UPI
ffa8550d-bc2e-4028-a6b9-331d5043fc2f,card
3b652c21-35de-4214-bdca-66b169a9c4ee,wallet
a4b3d04e-d2e8-4fc5-8949-0246b1154306,wallet
7f7fae3b-b399-47f5-bb44-56d1743f8342,card
8701cb6f-f62e-4dec-b0c8-87e117f3efc2,wallet
1f6b755e-de3e-4d77-9dcd-6e06959bc70c,UPI
e1b45bf8-b844-442d-a8b2-1684e9f558c6,UPI
6b9f2402-519d-4ac8-b7a5-b09e3baa082c,UPI
8512d19b-da9a-4b92-8856-f1329c9b0c7a,UPI
7db49246-1f64-404e-8197-5a8e48b3519a,UPI
1b8d84bb-38ba-40d3-be57-3c8e6ea0e2cd,card
53489437-d0b4-4b02-9b32-50c3ce3b85d8,card
6608f445-333a-4953-80be-f861f8cd06c0,card
6d737cfd-d271-4995-a130-fa0dd9531fd3,card
f3358c1a-31d9-470f-aae5-67f2115acc00,card
1bd8b7b6-4af6-4516-9c03-27b381c91cc0,card
ad32dbd1-7b34-4fc8-8545-eaedd1a1d70b,UPI
78e1ba39-56e4-428e-8808-d7246aea0d82,UPI
a2947c49-7391-4616-adb8-ef67f140272a,card
40fee7b9-e552-469f-989c-bfeb05ee23b6,card
c8c2876b-dfc5-4a4f-8d23-9833905eb8c9,wallet
27ecbebc-34e7-4c59-b2b4-7aa847a4f456,card
94660fac-4b3d-43e0-a595-a0bfe004028c,wallet
78fc79ad-275b-4007-8f14-2b403dc3f758,card
521428f2-ded6-4a68-af3d-38bf41651368,UPI
f39fb294-1c39-4e03-91af-f49f7dda8ff5,card
7f1a68be-f9a1-4037-a84c-6fa25a762c59,wallet
14d09b13-0671-40fd-b8c7-cea7a2c75c1f,card
d999a263-6cb9-4318-ab66-f52288a5783a,UPI
5a766091-4d07-4f31-ad51-c54527f02e1e,UPI
0f835d7b-c430-4955-90a7-4b4a106adcb4,UPI
b0cb7e89-a62c-4788-bb32-7463b5c3dc89,card
123afaab-1fb8-429b-a67c-553d1d8a5118,card
686f44ed-028a-48f8-9735-e35281dd5901,card
c530b4dd-70b8-401c-a7d8-76020286d1fb,wallet
a45b9657-450b-46d6-9c35-06a81d0881f1,wallet
4c3a8cf1-e201-4e21-a031-7be2d1c48fda,wallet
abd470f2-fb6c-46e7-a574-dcb90da64381,wallet
86139c79-710f-4282-a45d-85f25dd5aab4,wallet
6fe8c017-8682-4b03-9d32-69845b4772a1,card
b1169fce-026f-4333-b6b3-9365a3a37e62,UPI
24723865-1838-4e29-9394-a37b75bb9628,wallet
c9d26bd0-078e-46e7-9560-83051655030b,UPI
423e6035-ce20-4f53-9f98-974ef66d615e,UPI
3bd9ca53-278e-4dac-b3ba-a2987e38da72,wallet
f66bf892-3e5f-4e16-bc2a-eb89f3ef8deb,UPI
38318262-13b7-4645-a80b-28c04eed5592,wallet
c2c148a7-7d90-4d56-aca8-5f1144f1597b,UPI
55ebfb5b-1083-4489-9e00-e466dd72b7e8,card
b04c550f-56d6-44e3-b9d7-5a17202de3fc,wallet
594b98b1-d3e2-42be-8113-d74c06f4ebda,wallet
d951c1f3-8437-4309-8f77-68ff17149016,card
5b0f32fe-ee87-47b9-8737-0a1c8286c0c5,UPI
cac79693-e15a-4bdc-ae98-57e1cd6e281a,UPI
7bc8d305-3c8f-455f-9fe7-ca74ec1a09f0,wallet
0a68a6b9-e680-449b-a5ba-17e99adfb47f,card
01c15289-548f-4cfb-b894-9f22e1391b75,card
61348427-81aa-428d-a585-445f38a667cd,UPI
07206a76-fe61-4508-943d-1a53f6cdc50d,UPI
c8ed6e0c-3b0c-47c0-b163-694c327da6db,card
ac1a7b06-2010-44fc-bcaf-1f1a2a54ec50,UPI
434220e8-ecc5-4c5a-a7a2-fa23e055fd8c,UPI
ffa1ea65-d8f5-4372-b59a-05610fb41f33,UPI
5ed44eb7-787a-4959-ab40-75cc84fd5f1e,card
ee9f7c86-781a-4721-a5f2-13e6305a28f7,card
df73f59f-a733-4afa-8564-ef2a7cf2f540,card
a74073c3-7b63-42da-8cb9-2ce2d2b41b5a,UPI
882e770b-0387-4872-92cd-d29d320d1555,UPI
e39d4ef6-0830-4099-a884-ed90b06adee7,wallet
f811e544-30ae-44a4-9a40-909ae0b3c037,wallet
a1c862c8-f63c-4f4d-8788-21a8e5117d42,wallet
ca0330e4-098e-44c6-803a-a29023064daf,UPI
56deeee1-36b9-41dc-916d-326097b4a096,card
334288f1-c05c-49f2-8e2e-3903e631f005,card
b8328c25-8452-4963-8320-e12068b6aca8,card
48b09a52-ac5f-4d64-8e26-bb262e96a320,UPI
a49996b1-0ca0-4d22-98be-ba0f5f268b0c,UPI
1a8b3c2f-79a7-49ab-aa35-42f9e5234058,wallet
7c20a6c4-b219-43cd-9ae7-68b37eeb4866,UPI
fd1d6f51-1523-439b-ab0c-cc08e502c512,UPI
d59d2513-7f0d-402b-8f11-cfe15d38e1c4,UPI
61f60818-e270-4c7d-809a-b5b78ccf7b56,wallet
97f051b5-d265-4949-9779-51a8729a5048,wallet
51992e41-8b13-41fd-a72e-924f7ad7d038,card
1dbb1f2c-fbc2-4cf9-98a4-293e1bd560fb,wallet
85fb250e-41e0-4e71-be44-9af73b234313,card
1027666f-5fc4-4a65-8f7f-11f484521c9c,card
e46078c8-74fa-4d1a-a71a-590d6ad90342,card
da528f14-419c-478d-bbaa-7d3fabe3459f,UPI
b7d38b81-7fc6-4799-9773-3a8510df9602,UPI
2ff4cec1-cefd-4821-a0dc-ed147e439719,card
1ee08d32-598a-4ada-9e51-b903842388f1,UPI
c75f423a-56b3-4e16-a887-97b7c2d2f92b,card
623cd201-18b2-49aa-8ae0-74a393019d21,UPI
6f4aead8-92f5-43cf-8685-b825bd82abad,card
daaf8969-c2b2-4dba-8f28-63bda08b1cf9,card
fb0a4e4d-2da9-44eb-bbc6-8e6888d28854,UPI
7ce190bf-371a-4a76-ac03-b03c84325b88,UPI
3ad0d24b-2915-4a61-ad76-96742608683e,card
cfc1951c-82eb-4890-86ed-08b3dcb6b27f,card
8e8948f1-4aaf-4a80-ad0b-2fe3ed02c376,card
cf6a1218-a9f9-4907-93c5-9530acea8720,wallet
5667ef4a-34fb-4572-a3d7-b3874851e1ad,card
19a1e945-d25e-4e9c-81d6-28f4d61e52af,card
4cea1f8b-626c-4b67-8251-7d09d3d6d92c,wallet
b3e2837d-cc95-4ed7-a946-0b36d05e7f7a,card
d5c90842-d94d-45f0-b404-29a160cdbedf,wallet
f0822275-b9e6-4de9-9dd2-f0dceb8537f8,card
15d15ad2-ca5a-47b6-9b8d-7026f6d56387,wallet
09291cbd-8a5e-4ddf-bc2c-14606baef458,wallet
262bb7b3-0341-4b1b-abb5-214bcf89a253,wallet
62dea2b3-f5c8-4c6c-9ad8-0fae6e541847,wallet
7124a027-599c-4281-8715-8a765fdc7f3c,wallet
adbc1f67-ab9d-4a1c-a063-b31cb90565d8,card
6684a3e2-8c20-47f9-ac4a-ba43cbf014a2,wallet
b5790799-6c44-4c83-98f1-b1d4a46dc6a6,card
1caf0bdc-7b85-4b6b-8ca1-020f0cbefd55,wallet
382e54ef-4346-40bc-8ca4-3f3f94e74a33,UPI
702c4586-0c2a-4e7f-a080-3b947ee7c37d,card
6886edd8-e017-4eff-b1b2-61f553334d4e,UPI
19ef4631-6a9d-4125-84d3-f942718e3964,wallet
a59bc1ca-c11b-4ac9-b0eb-c9663aa4aa51,UPI
e72a99b2-be60-4b6c-ac2f-de0dfb897482,card
7ae4e96d-a854-4b06-a2ef-94bc7923ce2e,UPI
2bfa6836-9eb4-42d5-816e-7dcdad88e36e,UPI
a2cc2af7-84a9-474f-a1ea-e275898c122a,UPI
a4afdb7b-d540-4ad4-b860-19b016333861,card
9b00b455-60c6-4fed-b666-84f4ed7b957c,card
bf102da8-b4c8-44ef-89f1-816bdb21aed4,UPI
4233138b-82f7-4b35-b967-bcd1ccb1c9f5,UPI
1a9a1cb2-d9be-4664-bff2-82834415f291,card
4efcf9d8-5d8e-4fd0-acc4-14b19198e637,card
b82d0c2b-a757-41a5-9b4a-18c97bf33471,UPI
fd866ed5-cb21-4928-9293-d760ddf0e630,wallet
5374fa15-f48d-4667-8a5a-af3c406f0596,card
22e26581-6adb-47f1-849e-e68233f83f50,card
b39904e9-b246-4a0a-b377-a93444e1b9a7,wallet
7b94fa61-6aad-4b98-827e-a8f1e5831a6a,card
822280df-dfdc-4847-984f-8f6708883705,wallet
72fb5282-99df-46ae-8742-30e4e9c28204,UPI
550871dd-f9fb-4e16-a90f-d3779d06af41,UPI
1787ac38-696b-4ffd-888f-bb731a455dd1,UPI
cd3d022e-9b02-45ee-9dca-618bd57646ea,card
31e95f34-8f03-4252-9a5e-25e10da93bff,wallet
7fe0ab80-79c2-46fd-8e56-4aa721fb12b2,UPI
49932b16-074e-4ba1-b534-d0cee5e7568a,UPI
96456e8b-f745-45ec-8484-4a0c1fa2ec0c,UPI
eccf6923-7aa5-42b7-824b-fca196580022,card
49c9ad86-b364-4a32-ba29-1bf867308be7,UPI
12f56314-e624-484d-8252-4ee22a5ab87b,wallet
bdebdde0-3884-4d6e-8c45-f39f71bebb60,wallet
a5de500d-97ba-4d66-b448-69eb13ff96d0,card
a5dbe1ae-dfb6-473a-8721-c29802a62107,UPI
586c5f2b-a9b6-46a3-b908-895f9b545ecd,UPI
0ecd58cd-73d5-40f2-949b-04b7b3d2b75e,card
762d4926-c586-452a-a4c0-17938ec6ad44,wallet
47d6397b-382c-436f-8119-e7abf2304873,UPI
27c7a53d-fab3-4742-86cf-54ef28aa193a,UPI
87345e0c-f60d-42b1-b6b3-853156d030ad,UPI
6c3013cd-823c-4091-a573-43fb9a4d69ea,card
8f26810b-1493-404f-a68d-d581c06dab91,card
d3a2fa54-07ea-4294-b980-50350635e362,card
50dfafc9-9fd7-47f2-ac65-733114ff800f,UPI
0b7facf9-a209-4b6b-9fe9-3b7eb1dd84db,card
c6933591-5147-46b2-8257-4698da64525c,card
d1bf62e9-5cbf-4c45-96ca-3b16547fb651,wallet
f473afc2-31ce-4ca5-afe4-32d5de3090ba,card
abf25264-d929-48ca-a002-df59e771ddde,card
277a7738-9a94-4368-8d61-850e95a19236,card
20fb59d3-550d-4492-ac67-3bf9e46abccf,UPI
dfd87cc3-099e-4a5f-a267-c92d7248266a,UPI
02bba7ff-8f3f-4a70-befd-bc863cd59f84,UPI
c656c1b3-2641-44fb-8059-df34aa403d3c,wallet
0441ec58-3b23-4a99-8447-379d315acace,wallet
e675bb94-463d-4780-a254-ef6fbcffed48,wallet
af3a779f-751e-4ee2-bad7-0f4c9abc73c3,card
718f14c8-337f-47ec-b38b-0378a1a52472,wallet
f50aa5b5-b949-46d9-89e4-f35f7febfb79,wallet
99ae4379-c470-47b6-a30c-3c9a3300bbf6,wallet
5b1ecfb5-67f6-462d-bb11-5d3a7aab62c8,card
d49bfb0d-d9e7-4496-bbfd-721f6ffbf2b8,wallet
f26d1f63-5c93-446c-9d4f-4a19db4f884a,card
1f1a5404-7a60-4779-a983-e180b51ad21f,card
a0f6655f-6e73-4984-8b71-e212601ed769,UPI
3430c832-7de6-4556-91ad-ed10ee56f290,UPI
3b11ef26-61e0-4dde-a0f6-c2679415c012,wallet
5da5ddb4-1ff2-4315-a39c-0f6f619b13df,UPI
fa14a86e-87b5-4a3d-b2f8-9ec5b5a905c8,card
9824e664-66f4-49ac-9f99-edd8aabb35f9,wallet
0b8ef410-7e92-4a46-8ee9-cda2f0d25673,UPI
13275860-ef6c-4946-9acb-4cc9dc7c36a6,UPI
9f491ca1-ca01-42a3-a707-40c69dccd614,wallet
57ee8942-bbad-450f-a40d-eb0535ca53ee,UPI
1f37c823-1bb9-4988-a68b-228f6911cb02,card
160cfeef-1233-48f0-ad10-ad9d0ff47436,UPI
9f35a9f3-8045-4170-afc0-49cfe8f86f8e,UPI
bb62a196-afd8-44ba-866b-f0a40fe9a2a7,UPI
78239d4b-b606-4562-976f-5063b8dbd7a8,card
137364a3-aa73-4020-a3f3-92f22dbdd9c8,wallet
28284b65-c6f9-4d7f-a03d-e5c95368196a,wallet
6ee5a320-1615-4fdb-b7b8-82664512269f,wallet
521cb4f6-c5d1-4b51-b062-7acc729157fd,wallet
164e9efe-9c13-4afa-98c6-2958cdee14c2,UPI
434cf9e5-c83f-4711-88a2-9217e7b09d62,card
db485885-67e9-4399-a353-279facf6961f,wallet
f0ddc4da-d559-46d3-8ca9-414a7e9a7004,card
3fa3e9ca-ceb6-4178-a300-dfa4607dc5f8,card
acce1e00-5397-42de-baa8-b21eedd0fa54,UPI
c9fca61a-ca7d-485b-a28e-d6065459541d,wallet
3c078080-2ed4-4fad-b056-d2b94af78a2f,card
7ea3b74d-57a8-4eef-a177-14f4d1629d96,wallet
6bcfdb22-2834-45fd-bff1-bb5d571f1935,UPI
e26f026f-8e18-43be-a03c-eb51a6ccee46,wallet
39476363-eec8-44b0-bf9f-5f1e5fe50001,wallet
016d08c6-5937-4c6b-afa2-b3d1743fb229,card
459e34b0-5a6b-4e2b-aef7-a60424c55762,wallet
054c72bb-2b5e-49da-9c63-cc3606a28a6e,card
d8811c45-b788-4278-8286-5bee8338a98f,UPI
a520dc77-9e02-40c5-9ec4-b55830381dfc,UPI
d9fa7edb-d6b4-44eb-88c4-c48f6384aa0b,card
582ea8cf-c274-4c1f-a2e1-242499e7b7e5,UPI
7574a89d-b873-4757-959f-fd9218618092,wallet
a04574d3-9fb5-42d4-b84e-1f0e81c3399d,card
db29916a-c4e6-44e7-b109-dd5e1bffab06,card
7e67a856-80bb-4e30-9d35-aa63873bd83e,wallet
da4ae788-d056-4658-9370-b94a2c23005b,UPI
9698ff08-bfbd-42e6-95bb-a4e960578386,card
9895b242-a2be-4818-b7f7-bdfa0ac21624,wallet
9521d8d0-7e4d-47ea-ae93-bd3270962bcb,card
931a7154-347a-4ff6-a59e-ae54dbedae60,wallet
f831b80b-90e5-4441-9d1f-e7db778809a6,wallet
cfbd774c-bc13-4903-908c-a7bafa9731e6,UPI
865489ff-1204-4a58-b7e1-3260d4906c70,UPI
1c03b4ab-7f26-469e-a6aa-7b9bfacd6ad7,wallet
56ec301a-ada3-43de-b4ed-f09948652dcf,wallet
7ade84a0-3c9c-4fb7-8cfb-eeb4d96538bf,card
1cca1d35-9556-4713-873c-36776ee91128,wallet
0826ef8d-c0c1-4d63-a102-e146de670d13,card
aa68ebed-74e8-4ba7-a3ee-7fb0df623356,card
9cffc9fe-0aac-4647-9e4b-f9043a98831b,wallet
bd61c222-229b-43bf-a3ca-bfc353fb2438,UPI
c7f0548b-48bb-4ebe-867d-e85d2808fdc1,wallet
a615f00c-f667-474f-81b9-c8fc8d3aca8f,UPI
3bf2ab97-2fd3-48dd-abb5-e13598561a39,card
06ba1ab4-8c40-4c85-a819-c481f164fb31,wallet
1a4793d6-61bc-4b0f-b075-0bed40692905,card
2ac0cda4-7dab-43d5-83bc-52039a352f3e,wallet
30295e56-c0f1-49e9-ac0e-395198576ff8,card
b35586d2-92e5-4e3c-bfbe-ce815d15ed70,wallet
4698c0b0-879c-4196-912a-a372ddcf6724,UPI
c302e7b7-3273-4e5f-b484-817b7f49fe55,card
cc4b26ab-d9d1-45e7-8666-bd76e1cce181,wallet
b0885ec1-f2f0-4c27-b2c7-2bd85f9b880d,UPI
31fc94b5-fbbb-46d0-8174-79407716f119,UPI
a6eb0430-4fff-4e2f-8f6e-dd6273fa1673,card
0f534194-8257-4392-92f6-b2243adf5873,wallet
f67f525c-8aae-43c6-8666-819c0ef4d158,UPI
e1a2e580-b30c-40f2-882c-548b3f728f88,UPI
1e7d402a-b17a-45d9-8f6b-8b9702aac420,card
89014c43-e2c7-4ef3-9e50-5f942c9e83a5,wallet
88508b50-65af-4499-b91d-ea321aed26b1,card
9bf9f718-69ed-424e-a89e-3696daddc90b,card
bf65de29-774c-451c-a505-f78732291823,UPI
1b3962bf-93e0-4b5d-a602-81727d198205,card
7e240a24-5cf8-4932-9d5c-57d5422e1ee1,UPI
81d65311-d2a0-487b-88a2-86e262de3004,card
dc1b50f6-fbe9-4dd5-ae48-9ca7833ec967,card
6cce9c44-2226-45ff-ae04-e8da3938ec03,wallet
fcdadb72-7b73-4c6c-b1d5-050a3b319f84,wallet
af06ccd8-659c-4242-809f-d90b0cb3cf9f,UPI
97e774e8-2e5e-40e2-99f1-c3b09de809a2,card
bbaa66e2-4d0b-422f-884e-152047b375ca,UPI
b66705ed-a3fd-4238-9561-f6684abeae34,card
30113bd1-bfde-4b96-b121-c1504059e6b1,card
c69690a3-2bc4-4d94-a19a-ddee6ce8c72a,wallet
e3319be7-49c3-4633-ae2f-2ec4234fdd60,UPI
81281e5f-d94f-40fc-8a20-ac1e36476d6e,UPI
43d5658a-f14c-4d79-9e09-22b08d7f4a66,wallet
6d357b3b-8965-494b-8821-dd22c303fb87,UPI
0ae5ac14-aed9-4d45-a688-6e1eeb127e36,card
15eb149c-d66f-46b6-b5fe-cf6dacff2de4,UPI
0e64bcf5-30fc-465d-85fe-150b91ac1dcf,card
ce98f7e6-8dfc-4dd5-80b0-b6e54a436817,UPI
a7e5e6d6-413b-48a3-8256-455b0abe8f59,card
9936c0e3-7965-4adc-bd4e-158c05e79cc1,wallet
bcb964d1-a714-4b91-bc1c-28c41b977332,wallet
24b62db2-9f05-4c97-bc35-9ab4b78f90ff,wallet
aa5e163b-45fe-4800-972d-51731364f459,wallet
b132e2b3-307c-4025-9baf-3e8dd13d3fe7,UPI
9c9da379-c388-4d93-ab2b-08be302228a3,card
bf3d0cc3-13b2-4f6c-93d0-66f4a72d87af,card
a6224c59-bc36-482e-91b8-bbc8ca3878df,card
c01f7e97-eb6f-47d3-ab49-53cebdab7f79,card
011e8ca3-3296-4a29-8e94-bfb8c6f7c18a,card
70a2af6d-bf0a-486c-930c-5d1ed1f74c90,UPI
3ea561f8-4810-456d-8f0b-680f71d2622d,wallet
a60fd1a3-7914-446c-8435-c9457cc638f6,wallet
14019eb0-e6e5-41a4-8f20-4de6678823c5,wallet
6be6d369-e4d5-4cad-a62b-7cd1d805a326,wallet
427cfe6d-ac1d-4af8-959e-1e5bf29cf554,card
47fc46ea-418d-4f93-aec5-95a24d80e3a3,UPI
8611675d-3a29-4076-972c-31243a9115d2,UPI
5166d039-4e5a-49bd-9e71-d283eca58959,card
d44cf332-49d8-4f09-a40a-d5095e2f2691,wallet
58a9e55a-bf1d-42c4-893a-bdb03a20fd46,wallet
139ccdd9-2829-4dd8-b2ce-2e725ed4b603,wallet
bf6e3a2e-80ba-4666-bc93-02fae0b144ca,card
9a9f4ec4-5c6b-40b3-81c1-2bdb95aa3c6f,card
d655ca07-e2a4-4200-90e4-c0296e8ac94b,card
9966f61b-5ac0-4344-bf7d-3905110dade8,UPI
